Liga,Temporada,Date,HomeTeam,AwayTeam,FTHG,FTAG,HTHG,HTAG,HST,AST,TotalGols_FT,TotalGols_HT,Over05_FT,Over15_FT,Over25_FT,Over05_HT,BTTS,Pais
Noruega_Eliteserien,2026,14/03/2026,HamKam,Viking,2,1,0,0,0,0,3,0,1,1,1,0,1,Norway
Noruega_Eliteserien,2026,14/03/2026,Molde,Rosenborg,2,0,0,0,0,0,2,0,1,1,0,0,0,Norway
Noruega_Eliteserien,2026,15/03/2026,Kristiansund,Brann,3,2,0,0,0,0,5,0,1,1,1,0,1,Norway
Noruega_Eliteserien,2026,15/03/2026,Aalesund,Lillestrom,1,3,0,0,0,0,4,0,1,1,1,0,1,Norway
Noruega_Eliteserien,2026,15/03/2026,KFUM Oslo,Start,2,0,0,0,0,0,2,0,1,1,0,0,0,Norway
Noruega_Eliteserien,2026,15/03/2026,Valerenga,Sandefjord,1,0,0,0,0,0,1,0,1,0,0,0,0,Norway
Noruega_Eliteserien,2026,15/03/2026,Tromso,Fredrikstad,4,0,0,0,0,0,4,0,1,1,1,0,0,Norway
Noruega_Eliteserien,2026,21/03/2026,Start,Aalesund,1,1,0,0,0,0,2,0,1,1,0,0,1,Norway
Noruega_Eliteserien,2026,21/03/2026,Viking,Molde,4,1,0,0,0,0,5,0,1,1,1,0,1,Norway
Noruega_Eliteserien,2026,22/03/2026,Rosenborg,Valerenga,0,2,0,0,0,0,2,0,1,1,0,0,0,Norway
Noruega_Eliteserien,2026,22/03/2026,Brann,Tromso,1,2,0,0,0,0,3,0,1,1,1,0,1,Norway
Noruega_Eliteserien,2026,22/03/2026,Fredrikstad,KFUM Oslo,3,1,0,0,0,0,4,0,1,1,1,0,1,Norway
Noruega_Eliteserien,2026,22/03/2026,Sandefjord,Sarpsborg 08,0,2,0,0,0,0,2,0,1,1,0,0,0,Norway
Noruega_Eliteserien,2026,06/04/2026,Valerenga,Viking,0,1,0,0,0,0,1,0,1,0,0,0,0,Norway
Noruega_Eliteserien,2026,06/04/2026,HamKam,Brann,1,5,0,0,0,0,6,0,1,1,1,0,1,Norway
Noruega_Eliteserien,2026,06/04/2026,Kristiansund,Bodo/Glimt,0,3,0,0,0,0,3,0,1,1,1,0,0,Norway
Noruega_Eliteserien,2026,06/04/2026,Molde,Lillestrom,0,1,0,0,0,0,1,0,1,0,0,0,0,Norway
Noruega_Eliteserien,2026,06/04/2026,Sarpsborg 08,Start,1,1,0,0,0,0,2,0,1,1,0,0,1,Norway
Noruega_Eliteserien,2026,06/04/2026,Tromso,Rosenborg,2,0,0,0,0,0,2,0,1,1,0,0,0,Norway
Noruega_Eliteserien,2026,07/04/2026,Aalesund,Fredrikstad,2,3,0,0,0,0,5,0,1,1,1,0,1,Norway
Noruega_Eliteserien,2026,07/04/2026,KFUM Oslo,Sandefjord,1,2,0,0,0,0,3,0,1,1,1,0,1,Norway
Noruega_Eliteserien,2026,11/04/2026,Lillestrom,Start,3,1,0,0,0,0,4,0,1,1,1,0,1,Norway
Noruega_Eliteserien,2026,11/04/2026,Tromso,Kristiansund,2,0,0,0,0,0,2,0,1,1,0,0,0,Norway
Noruega_Eliteserien,2026,11/04/2026,Viking,Bodo/Glimt,5,0,0,0,0,0,5,0,1,1,1,0,0,Norway
Noruega_Eliteserien,2026,12/04/2026,Rosenborg,Sarpsborg 08,2,1,0,0,0,0,3,0,1,1,1,0,1,Norway
Noruega_Eliteserien,2026,12/04/2026,Aalesund,KFUM Oslo,2,2,0,0,0,0,4,0,1,1,1,0,1,Norway
Noruega_Eliteserien,2026,12/04/2026,Fredrikstad,Valerenga,1,1,0,0,0,0,2,0,1,1,0,0,1,Norway
Noruega_Eliteserien,2026,12/04/2026,Molde,HamKam,4,1,0,0,0,0,5,0,1,1,1,0,1,Norway
Noruega_Eliteserien,2026,12/04/2026,Brann,Sandefjord,0,1,0,0,0,0,1,0,1,0,0,0,0,Norway
Noruega_Eliteserien,2026,15/04/2026,Sarpsborg 08,Bodo/Glimt,1,1,0,0,0,0,2,0,1,1,0,0,1,Norway
Noruega_Eliteserien,2026,15/04/2026,Tromso,Lillestrom,0,0,0,0,0,0,0,0,0,0,0,0,0,Norway
Noruega_Eliteserien,2026,18/04/2026,Bodo/Glimt,Aalesund,3,0,0,0,0,0,3,0,1,1,1,0,0,Norway
Noruega_Eliteserien,2026,18/04/2026,Sandefjord,Rosenborg,0,0,0,0,0,0,0,0,0,0,0,0,0,Norway
Noruega_Eliteserien,2026,18/04/2026,Viking,Brann,3,2,0,0,0,0,5,0,1,1,1,0,1,Norway
Noruega_Eliteserien,2026,19/04/2026,Valerenga,Lillestrom,0,2,0,0,0,0,2,0,1,1,0,0,0,Norway
Noruega_Eliteserien,2026,19/04/2026,HamKam,KFUM Oslo,4,0,0,0,0,0,4,0,1,1,1,0,0,Norway
Noruega_Eliteserien,2026,19/04/2026,Kristiansund,Fredrikstad,2,0,0,0,0,0,2,0,1,1,0,0,0,Norway
Noruega_Eliteserien,2026,19/04/2026,Sarpsborg 08,Tromso,0,1,0,0,0,0,1,0,1,0,0,0,0,Norway
Noruega_Eliteserien,2026,19/04/2026,Start,Molde,1,1,0,0,0,0,2,0,1,1,0,0,1,Norway
Noruega_Eliteserien,2026,25/04/2026,Fredrikstad,Viking,1,2,0,0,0,0,3,0,1,1,1,0,1,Norway
Noruega_Eliteserien,2026,25/04/2026,Rosenborg,Brann,1,1,0,0,0,0,2,0,1,1,0,0,1,Norway
Noruega_Eliteserien,2026,26/04/2026,Molde,Valerenga,5,1,0,0,0,0,6,0,1,1,1,0,1,Norway
Noruega_Eliteserien,2026,26/04/2026,Aalesund,Kristiansund,1,1,0,0,0,0,2,0,1,1,0,0,1,Norway
Noruega_Eliteserien,2026,26/04/2026,HamKam,Start,2,1,0,0,0,0,3,0,1,1,1,0,1,Norway
Noruega_Eliteserien,2026,26/04/2026,KFUM Oslo,Sarpsborg 08,1,0,0,0,0,0,1,0,1,0,0,0,0,Norway
Noruega_Eliteserien,2026,26/04/2026,Tromso,Sandefjord,3,1,0,0,0,0,4,0,1,1,1,0,1,Norway
Noruega_Eliteserien,2026,26/04/2026,Lillestrom,Bodo/Glimt,0,2,0,0,0,0,2,0,1,1,0,0,0,Norway
Noruega_Eliteserien,2026,29/04/2026,Tromso,Brann,0,5,0,0,0,0,5,0,1,1,1,0,0,Norway
Noruega_Eliteserien,2026,30/04/2026,Bodo/Glimt,Start,5,0,0,0,0,0,5,0,1,1,1,0,0,Norway
Noruega_Eliteserien,2026,01/05/2026,Viking,Rosenborg,3,0,0,0,0,0,3,0,1,1,1,0,0,Norway
Noruega_Eliteserien,2026,02/05/2026,Brann,Fredrikstad,3,1,0,0,0,0,4,0,1,1,1,0,1,Norway
Noruega_Eliteserien,2026,03/05/2026,Lillestrom,Sarpsborg 08,4,0,0,0,0,0,4,0,1,1,1,0,0,Norway
Noruega_Eliteserien,2026,03/05/2026,Kristiansund,HamKam,1,1,0,0,0,0,2,0,1,1,0,0,1,Norway
Noruega_Eliteserien,2026,03/05/2026,Sandefjord,Aalesund,1,0,0,0,0,0,1,0,1,0,0,0,0,Norway
Noruega_Eliteserien,2026,03/05/2026,Start,Tromso,1,1,0,0,0,0,2,0,1,1,0,0,1,Norway
Noruega_Eliteserien,2026,03/05/2026,Valerenga,KFUM Oslo,2,2,0,0,0,0,4,0,1,1,1,0,1,Norway
Noruega_Eliteserien,2026,04/05/2026,Bodo/Glimt,Molde,0,1,0,0,0,0,1,0,1,0,0,0,0,Norway
Noruega_Eliteserien,2026,08/05/2026,HamKam,Valerenga,1,0,0,0,0,0,1,0,1,0,0,0,0,Norway
Noruega_Eliteserien,2026,09/05/2026,Sarpsborg 08,Fredrikstad,2,1,0,0,0,0,3,0,1,1,1,0,1,Norway
Noruega_Eliteserien,2026,10/05/2026,Rosenborg,Lillestrom,2,0,0,0,0,0,2,0,1,1,0,0,0,Norway
Noruega_Eliteserien,2026,10/05/2026,KFUM Oslo,Viking,0,2,0,0,0,0,2,0,1,1,0,0,0,Norway
Noruega_Eliteserien,2026,10/05/2026,Sandefjord,Kristiansund,2,0,0,0,0,0,2,0,1,1,0,0,0,Norway
Noruega_Eliteserien,2026,10/05/2026,Tromso,Molde,2,0,0,0,0,0,2,0,1,1,0,0,0,Norway
Noruega_Eliteserien,2026,16/05/2026,Brann,KFUM Oslo,2,1,0,0,0,0,3,0,1,1,1,0,1,Norway
Noruega_Eliteserien,2026,16/05/2026,Fredrikstad,HamKam,2,1,0,0,0,0,3,0,1,1,1,0,1,Norway
Noruega_Eliteserien,2026,16/05/2026,Lillestrom,Sandefjord,3,1,0,0,0,0,4,0,1,1,1,0,1,Norway
Noruega_Eliteserien,2026,16/05/2026,Molde,Kristiansund,1,0,0,0,0,0,1,0,1,0,0,0,0,Norway
Noruega_Eliteserien,2026,16/05/2026,Rosenborg,Aalesund,2,3,0,0,0,0,5,0,1,1,1,0,1,Norway
Noruega_Eliteserien,2026,16/05/2026,Viking,Start,6,3,0,0,0,0,9,0,1,1,1,0,1,Norway
Noruega_Eliteserien,2026,16/05/2026,Bodo/Glimt,Tromso,5,0,0,0,0,0,5,0,1,1,1,0,0,Norway
Noruega_Eliteserien,2026,16/05/2026,Valerenga,Sarpsborg 08,3,2,0,0,0,0,5,0,1,1,1,0,1,Norway
Noruega_Eliteserien,2026,20/05/2026,Start,Bodo/Glimt,1,4,0,0,0,0,5,0,1,1,1,0,1,Norway
Noruega_Eliteserien,2026,20/05/2026,Lillestrom,Kristiansund,1,2,0,0,0,0,3,0,1,1,1,0,1,Norway
Noruega_Eliteserien,2026,20/05/2026,Aalesund,Brann,2,1,0,0,0,0,3,0,1,1,1,0,1,Norway
Noruega_Eliteserien,2026,24/05/2026,Bodo/Glimt,Brann,3,1,0,0,0,0,4,0,1,1,1,0,1,Norway
Noruega_Eliteserien,2026,24/05/2026,Kristiansund,Viking,1,2,0,0,0,0,3,0,1,1,1,0,1,Norway
Noruega_Eliteserien,2026,25/05/2026,Start,Valerenga,2,0,0,0,0,0,2,0,1,1,0,0,0,Norway
Noruega_Eliteserien,2026,25/05/2026,HamKam,Lillestrom,2,0,0,0,0,0,2,0,1,1,0,0,0,Norway
Noruega_Eliteserien,2026,25/05/2026,KFUM Oslo,Rosenborg,2,0,0,0,0,0,2,0,1,1,0,0,0,Norway
Noruega_Eliteserien,2026,25/05/2026,Sarpsborg 08,Molde,2,1,0,0,0,0,3,0,1,1,1,0,1,Norway
Noruega_Eliteserien,2026,25/05/2026,Tromso,Aalesund,1,1,0,0,0,0,2,0,1,1,0,0,1,Norway
Noruega_Eliteserien,2026,25/05/2026,Sandefjord,Fredrikstad,1,1,0,0,0,0,2,0,1,1,0,0,1,Norway
Noruega_Eliteserien,2026,29/05/2026,Aalesund,HamKam,2,2,0,0,0,0,4,0,1,1,1,0,1,Norway
Noruega_Eliteserien,2026,29/05/2026,Brann,Sarpsborg 08,1,2,0,0,0,0,3,0,1,1,1,0,1,Norway
Noruega_Eliteserien,2026,29/05/2026,Fredrikstad,Start,2,1,0,0,0,0,3,0,1,1,1,0,1,Norway
Noruega_Eliteserien,2026,29/05/2026,KFUM Oslo,Tromso,0,0,0,0,0,0,0,0,0,0,0,0,0,Norway
Noruega_Eliteserien,2026,29/05/2026,Rosenborg,Bodo/Glimt,2,2,0,0,0,0,4,0,1,1,1,0,1,Norway
Noruega_Eliteserien,2026,29/05/2026,Valerenga,Kristiansund,3,1,0,0,0,0,4,0,1,1,1,0,1,Norway
Noruega_Eliteserien,2026,30/05/2026,Molde,Sandefjord,2,1,0,0,0,0,3,0,1,1,1,0,1,Norway
Noruega_Eliteserien,2026,11/07/2026,Fredrikstad,Lillestrom,0,2,0,0,0,0,2,0,1,1,0,0,0,Norway
Noruega_Eliteserien,2026,11/07/2026,Aalesund,Molde,2,2,0,0,0,0,4,0,1,1,1,0,1,Norway
Noruega_Eliteserien,2026,11/07/2026,Tromso,Valerenga,4,0,0,0,0,0,4,0,1,1,1,0,0,Norway
Noruega_Eliteserien,2026,12/07/2026,KFUM Oslo,Bodo/Glimt,0,2,0,0,0,0,2,0,1,1,0,0,0,Norway
Noruega_Eliteserien,2026,12/07/2026,Brann,Start,2,1,0,0,0,0,3,0,1,1,1,0,1,Norway
Noruega_Eliteserien,2026,12/07/2026,Rosenborg,Kristiansund,3,0,0,0,0,0,3,0,1,1,1,0,0,Norway
Noruega_Eliteserien,2026,12/07/2026,Sandefjord,HamKam,2,2,0,0,0,0,4,0,1,1,1,0,1,Norway
Noruega_Eliteserien,2026,12/07/2026,Sarpsborg 08,Viking,1,0,0,0,0,0,1,0,1,0,0,0,0,Norway
Noruega_Eliteserien,2026,16/07/2026,Valerenga,Aalesund,6,1,0,0,0,0,7,0,1,1,1,0,1,Norway
Noruega_Eliteserien,2026,17/07/2026,Bodo/Glimt,Fredrikstad,1,0,0,0,0,0,1,0,1,0,0,0,0,Norway
Noruega_Eliteserien,2026,18/07/2026,HamKam,Tromso,1,4,0,0,0,0,5,0,1,1,1,0,1,Norway
Noruega_Eliteserien,2026,18/07/2026,Kristiansund,Sarpsborg 08,0,0,0,0,0,0,0,0,0,0,0,0,0,Norway
Noruega_Eliteserien,2026,18/07/2026,Lillestrom,KFUM Oslo,2,1,0,0,0,0,3,0,1,1,1,0,1,Norway
Noruega_Eliteserien,2026,18/07/2026,Start,Rosenborg,0,3,0,0,0,0,3,0,1,1,1,0,0,Norway
Noruega_Eliteserien,2026,18/07/2026,Molde,Brann,1,2,0,0,0,0,3,0,1,1,1,0,1,Norway
Noruega_Eliteserien,2026,18/07/2026,Viking,Sandefjord,2,1,0,0,0,0,3,0,1,1,1,0,1,Norway
Noruega_Eliteserien,2026,22/07/2026,Bodo/Glimt,HamKam,3,0,0,0,0,0,3,0,1,1,1,0,0,Norway
Noruega_Eliteserien,2026,22/07/2026,Lillestrom,Viking,1,2,0,0,0,0,3,0,1,1,1,0,1,Norway
Noruega_Eliteserien,2026,25/07/2026,Kristiansund,Start,1,2,0,0,0,0,3,0,1,1,1,0,1,Norway
Noruega_Eliteserien,2026,26/07/2026,Brann,Valerenga,2,3,0,0,0,0,5,0,1,1,1,0,1,Norway
Noruega_Eliteserien,2026,26/07/2026,KFUM Oslo,Molde,2,4,0,0,0,0,6,0,1,1,1,0,1,Norway
Noruega_Eliteserien,2026,26/07/2026,Sandefjord,Bodo/Glimt,0,3,0,0,0,0,3,0,1,1,1,0,0,Norway
Noruega_Eliteserien,2026,26/07/2026,Sarpsborg 08,HamKam,1,0,0,0,0,0,1,0,1,0,0,0,0,Norway
Noruega_Eliteserien,2026,26/07/2026,Aalesund,Viking,1,1,0,0,0,0,2,0,1,1,0,0,1,Norway
Noruega_Eliteserien,2026,27/07/2026,Rosenborg,Fredrikstad,4,0,0,0,0,0,4,0,1,1,1,0,0,Norway
Noruega_Eliteserien,2026,31/07/2026,Valerenga,HamKam,0,3,0,0,0,0,3,0,1,1,1,0,0,Norway
Noruega_Eliteserien,2026,31/07/2026,Bodo/Glimt,Lillestrom,4,0,0,0,0,0,4,0,1,1,1,0,0,Norway
Noruega_Eliteserien,2026,01/08/2026,Fredrikstad,Sandefjord,1,0,0,0,0,0,1,0,1,0,0,0,0,Norway
Noruega_Eliteserien,2026,01/08/2026,Start,Viking,0,3,0,0,0,0,3,0,1,1,1,0,0,Norway
Noruega_Eliteserien,2026,02/08/2026,Aalesund,Tromso,2,6,0,0,0,0,8,0,1,1,1,0,1,Norway
Noruega_Eliteserien,2026,02/08/2026,KFUM Oslo,Kristiansund,2,1,0,0,0,0,3,0,1,1,1,0,1,Norway
Noruega_Eliteserien,2026,02/08/2026,Molde,Sarpsborg 08,3,3,0,0,0,0,6,0,1,1,1,0,1,Norway
Noruega_Eliteserien,2026,02/08/2026,Brann,Rosenborg,3,2,0,0,0,0,5,0,1,1,1,0,1,Norway
Noruega_Eliteserien,2026,07/08/2026,Sandefjord,KFUM Oslo,0,1,0,0,0,0,1,0,1,0,0,0,0,Norway
Noruega_Eliteserien,2026,08/08/2026,Valerenga,Bodo/Glimt,1,2,0,0,0,0,3,0,1,1,1,0,1,Norway
Noruega_Eliteserien,2026,08/08/2026,Viking,Sarpsborg 08,2,1,0,0,0,0,3,0,1,1,1,0,1,Norway
Noruega_Eliteserien,2026,08/08/2026,Start,Fredrikstad,0,1,0,0,0,0,1,0,1,0,0,0,0,Norway
Noruega_Eliteserien,2026,09/08/2026,Lillestrom,Rosenborg,0,2,0,0,0,0,2,0,1,1,0,0,0,Norway
Noruega_Eliteserien,2026,09/08/2026,HamKam,Aalesund,1,1,0,0,0,0,2,0,1,1,0,0,1,Norway
Noruega_Eliteserien,2026,09/08/2026,Kristiansund,Molde,2,1,0,0,0,0,3,0,1,1,1,0,1,Norway
Noruega_Eliteserien,2026,14/08/2026,Rosenborg,Viking,2,1,0,0,0,0,3,0,1,1,1,0,1,Norway
Noruega_Eliteserien,2026,15/08/2026,KFUM Oslo,Lillestrom,1,1,0,0,0,0,2,0,1,1,0,0,1,Norway
Noruega_Eliteserien,2026,16/08/2026,Aalesund,Valerenga,5,5,0,0,0,0,10,0,1,1,1,0,1,Norway
Noruega_Eliteserien,2026,16/08/2026,Brann,HamKam,3,0,0,0,0,0,3,0,1,1,1,0,0,Norway
Noruega_Eliteserien,2026,16/08/2026,Molde,Tromso,3,2,0,0,0,0,5,0,1,1,1,0,1,Norway
Noruega_Eliteserien,2026,16/08/2026,Sarpsborg 08,Sandefjord,1,2,0,0,0,0,3,0,1,1,1,0,1,Norway
Noruega_Eliteserien,2026,16/08/2026,Fredrikstad,Kristiansund,1,0,0,0,0,0,1,0,1,0,0,0,0,Norway
Noruega_Eliteserien,2026,30/08/2026,Bodo/Glimt,Rosenborg,4,2,0,0,0,0,6,0,1,1,1,0,1,Norway
Noruega_Eliteserien,2026,30/08/2026,HamKam,Kristiansund,2,2,0,0,0,0,4,0,1,1,1,0,1,Norway
Noruega_Eliteserien,2026,30/08/2026,Sandefjord,Brann,0,0,0,0,0,0,0,0,0,0,0,0,0,Norway
Noruega_Eliteserien,2026,30/08/2026,Start,KFUM Oslo,4,1,0,0,0,0,5,0,1,1,1,0,1,Norway
Noruega_Eliteserien,2026,30/08/2026,Tromso,Sarpsborg 08,0,0,0,0,0,0,0,0,0,0,0,0,0,Norway
Noruega_Eliteserien,2026,30/08/2026,Valerenga,Molde,3,4,0,0,0,0,7,0,1,1,1,0,1,Norway
Noruega_Eliteserien,2026,30/08/2026,Viking,Aalesund,2,1,0,0,0,0,3,0,1,1,1,0,1,Norway
Noruega_Eliteserien,2026,30/08/2026,Lillestrom,Fredrikstad,1,4,0,0,0,0,5,0,1,1,1,0,1,Norway
Noruega_Eliteserien,2026,04/09/2026,Aalesund,Start,2,0,0,0,0,0,2,0,1,1,0,0,0,Norway
Noruega_Eliteserien,2026,04/09/2026,Fredrikstad,Bodo/Glimt,1,2,0,0,0,0,3,0,1,1,1,0,1,Norway
Noruega_Eliteserien,2026,04/09/2026,Sandefjord,Viking,1,1,0,0,0,0,2,0,1,1,0,0,1,Norway
Noruega_Eliteserien,2026,05/09/2026,Rosenborg,HamKam,4,0,0,0,0,0,4,0,1,1,1,0,0,Norway
Noruega_Eliteserien,2026,05/09/2026,Brann,Lillestrom,1,2,0,0,0,0,3,0,1,1,1,0,1,Norway
Noruega_Eliteserien,2026,06/09/2026,Molde,KFUM Oslo,2,0,0,0,0,0,2,0,1,1,0,0,0,Norway
Noruega_Eliteserien,2026,06/09/2026,Sarpsborg 08,Valerenga,2,2,0,0,0,0,4,0,1,1,1,0,1,Norway
Noruega_Eliteserien,2026,06/09/2026,Kristiansund,Tromso,2,0,0,0,0,0,2,0,1,1,0,0,0,Norway
Noruega_Eliteserien,2026,12/09/2026,Lillestrom,Valerenga,2,0,0,0,0,0,2,0,1,1,0,0,0,Norway
Noruega_Eliteserien,2026,12/09/2026,Rosenborg,Tromso,5,3,0,0,0,0,8,0,1,1,1,0,1,Norway
Noruega_Eliteserien,2026,13/09/2026,Viking,Kristiansund,8,1,0,0,0,0,9,0,1,1,1,0,1,Norway
Noruega_Eliteserien,2026,13/09/2026,HamKam,Molde,1,5,0,0,0,0,6,0,1,1,1,0,1,Norway
Noruega_Eliteserien,2026,13/09/2026,KFUM Oslo,Aalesund,2,1,0,0,0,0,3,0,1,1,1,0,1,Norway
Noruega_Eliteserien,2026,13/09/2026,Start,Brann,2,0,0,0,0,0,2,0,1,1,0,0,0,Norway
Noruega_Eliteserien,2026,13/09/2026,Fredrikstad,Sarpsborg 08,1,1,0,0,0,0,2,0,1,1,0,0,1,Norway
Noruega_Eliteserien,2026,14/09/2026,Bodo/Glimt,Sandefjord,3,2,0,0,0,0,5,0,1,1,1,0,1,Norway
Noruega_Eliteserien,2026,18/09/2026,Sarpsborg 08,KFUM Oslo,1,3,0,0,0,0,4,0,1,1,1,0,1,Norway
Noruega_Eliteserien,2026,19/09/2026,Kristiansund,Rosenborg,1,3,0,0,0,0,4,0,1,1,1,0,1,Norway
Noruega_Eliteserien,2026,19/09/2026,Molde,Aalesund,1,2,0,0,0,0,3,0,1,1,1,0,1,Norway
Noruega_Eliteserien,2026,20/09/2026,Valerenga,Fredrikstad,1,1,0,0,0,0,2,0,1,1,0,0,1,Norway
Noruega_Eliteserien,2026,20/09/2026,Sandefjord,Start,3,0,0,0,0,0,3,0,1,1,1,0,0,Norway
Noruega_Eliteserien,2026,20/09/2026,Tromso,HamKam,3,2,0,0,0,0,5,0,1,1,1,0,1,Norway
Noruega_Eliteserien,2026,20/09/2026,Viking,Lillestrom,3,0,0,0,0,0,3,0,1,1,1,0,0,Norway
Noruega_Eliteserien,2026,20/09/2026,Brann,Bodo/Glimt,2,1,0,0,0,0,3,0,1,1,1,0,1,Norway
Suica_SuperLeague,2026/2027,25/07/2026,Lausanne,Grasshoppers,1,1,0,0,0,0,2,0,1,1,0,0,1,Switzerland
Suica_SuperLeague,2026/2027,25/07/2026,Servette,Basel,0,1,0,0,0,0,1,0,1,0,0,0,0,Switzerland
Suica_SuperLeague,2026/2027,25/07/2026,Luzern,Thun,1,3,0,0,0,0,4,0,1,1,1,0,1,Switzerland
Suica_SuperLeague,2026/2027,26/07/2026,Young Boys,Sion,4,2,0,0,0,0,6,0,1,1,1,0,1,Switzerland
Suica_SuperLeague,2026/2027,26/07/2026,Lugano,Vaduz,2,1,0,0,0,0,3,0,1,1,1,0,1,Switzerland
Suica_SuperLeague,2026/2027,26/07/2026,St. Gallen,Zurich,2,1,0,0,0,0,3,0,1,1,1,0,1,Switzerland
Suica_SuperLeague,2026/2027,01/08/2026,Basel,Lausanne,0,1,0,0,0,0,1,0,1,0,0,0,0,Switzerland
Suica_SuperLeague,2026/2027,01/08/2026,Zurich,Servette,2,1,0,0,0,0,3,0,1,1,1,0,1,Switzerland
Suica_SuperLeague,2026/2027,01/08/2026,Thun,Young Boys,0,6,0,0,0,0,6,0,1,1,1,0,0,Switzerland
Suica_SuperLeague,2026/2027,02/08/2026,Vaduz,St. Gallen,2,3,0,0,0,0,5,0,1,1,1,0,1,Switzerland
Suica_SuperLeague,2026/2027,02/08/2026,Grasshoppers,Lugano,1,4,0,0,0,0,5,0,1,1,1,0,1,Switzerland
Suica_SuperLeague,2026/2027,02/08/2026,Sion,Luzern,3,0,0,0,0,0,3,0,1,1,1,0,0,Switzerland
Suica_SuperLeague,2026/2027,08/08/2026,Lausanne,Young Boys,2,2,0,0,0,0,4,0,1,1,1,0,1,Switzerland
Suica_SuperLeague,2026/2027,08/08/2026,Servette,Grasshoppers,2,1,0,0,0,0,3,0,1,1,1,0,1,Switzerland
Suica_SuperLeague,2026/2027,09/08/2026,Lugano,Zurich,5,0,0,0,0,0,5,0,1,1,1,0,0,Switzerland
Suica_SuperLeague,2026/2027,09/08/2026,Basel,Thun,4,2,0,0,0,0,6,0,1,1,1,0,1,Switzerland
Suica_SuperLeague,2026/2027,09/08/2026,Sion,Vaduz,3,2,0,0,0,0,5,0,1,1,1,0,1,Switzerland
Suica_SuperLeague,2026/2027,09/08/2026,St. Gallen,Luzern,2,2,0,0,0,0,4,0,1,1,1,0,1,Switzerland
Suica_SuperLeague,2026/2027,22/08/2026,Luzern,Lausanne,1,0,0,0,0,0,1,0,1,0,0,0,0,Switzerland
Suica_SuperLeague,2026/2027,22/08/2026,Zurich,Basel,1,2,0,0,0,0,3,0,1,1,1,0,1,Switzerland
Suica_SuperLeague,2026/2027,23/08/2026,Young Boys,Vaduz,4,2,0,0,0,0,6,0,1,1,1,0,1,Switzerland
Suica_SuperLeague,2026/2027,29/08/2026,Lausanne,Zurich,2,3,0,0,0,0,5,0,1,1,1,0,1,Switzerland
Suica_SuperLeague,2026/2027,29/08/2026,Servette,Luzern,1,1,0,0,0,0,2,0,1,1,0,0,1,Switzerland
Suica_SuperLeague,2026/2027,29/08/2026,Young Boys,Basel,3,3,0,0,0,0,6,0,1,1,1,0,1,Switzerland
Suica_SuperLeague,2026/2027,30/08/2026,Sion,Lugano,1,2,0,0,0,0,3,0,1,1,1,0,1,Switzerland
Suica_SuperLeague,2026/2027,30/08/2026,St. Gallen,Thun,3,4,0,0,0,0,7,0,1,1,1,0,1,Switzerland
Suica_SuperLeague,2026/2027,30/08/2026,Vaduz,Grasshoppers,5,2,0,0,0,0,7,0,1,1,1,0,1,Switzerland
Suica_SuperLeague,2026/2027,01/09/2026,Zurich,Young Boys,2,4,0,0,0,0,6,0,1,1,1,0,1,Switzerland
Suica_SuperLeague,2026/2027,02/09/2026,Grasshoppers,St. Gallen,2,0,0,0,0,0,2,0,1,1,0,0,0,Switzerland
Suica_SuperLeague,2026/2027,02/09/2026,Luzern,Vaduz,2,1,0,0,0,0,3,0,1,1,1,0,1,Switzerland
Suica_SuperLeague,2026/2027,02/09/2026,Thun,Lausanne,0,0,0,0,0,0,0,0,0,0,0,0,0,Switzerland
Suica_SuperLeague,2026/2027,03/09/2026,Basel,Sion,1,2,0,0,0,0,3,0,1,1,1,0,1,Switzerland
Suica_SuperLeague,2026/2027,03/09/2026,Lugano,Servette,1,0,0,0,0,0,1,0,1,0,0,0,0,Switzerland
Suica_SuperLeague,2026/2027,05/09/2026,Vaduz,Lausanne,3,1,0,0,0,0,4,0,1,1,1,0,1,Switzerland
Suica_SuperLeague,2026/2027,05/09/2026,Young Boys,Luzern,3,3,0,0,0,0,6,0,1,1,1,0,1,Switzerland
Suica_SuperLeague,2026/2027,05/09/2026,Grasshoppers,Zurich,2,2,0,0,0,0,4,0,1,1,1,0,1,Switzerland
Suica_SuperLeague,2026/2027,06/09/2026,Servette,St. Gallen,0,2,0,0,0,0,2,0,1,1,0,0,0,Switzerland
Suica_SuperLeague,2026/2027,06/09/2026,Basel,Lugano,1,3,0,0,0,0,4,0,1,1,1,0,1,Switzerland
Suica_SuperLeague,2026/2027,06/09/2026,Sion,Thun,3,2,0,0,0,0,5,0,1,1,1,0,1,Switzerland
Suica_SuperLeague,2026/2027,12/09/2026,St. Gallen,Sion,0,3,0,0,0,0,3,0,1,1,1,0,0,Switzerland
Suica_SuperLeague,2026/2027,12/09/2026,Thun,Grasshoppers,0,1,0,0,0,0,1,0,1,0,0,0,0,Switzerland
Suica_SuperLeague,2026/2027,12/09/2026,Lugano,Young Boys,2,2,0,0,0,0,4,0,1,1,1,0,1,Switzerland
Suica_SuperLeague,2026/2027,13/09/2026,Zurich,Vaduz,2,1,0,0,0,0,3,0,1,1,1,0,1,Switzerland
Suica_SuperLeague,2026/2027,13/09/2026,Lausanne,Servette,0,1,0,0,0,0,1,0,1,0,0,0,0,Switzerland
Suica_SuperLeague,2026/2027,13/09/2026,Luzern,Basel,2,4,0,0,0,0,6,0,1,1,1,0,1,Switzerland
Suica_SuperLeague,2026/2027,15/09/2026,Grasshoppers,Sion,2,5,0,0,0,0,7,0,1,1,1,0,1,Switzerland
Suica_SuperLeague,2026/2027,16/09/2026,Lugano,St. Gallen,4,1,0,0,0,0,5,0,1,1,1,0,1,Switzerland
Suica_SuperLeague,2026/2027,16/09/2026,Thun,Servette,2,4,0,0,0,0,6,0,1,1,1,0,1,Switzerland
Suica_SuperLeague,2026/2027,19/09/2026,Luzern,Grasshoppers,5,1,0,0,0,0,6,0,1,1,1,0,1,Switzerland
Suica_SuperLeague,2026/2027,19/09/2026,Sion,Zurich,1,1,0,0,0,0,2,0,1,1,0,0,1,Switzerland
Suica_SuperLeague,2026/2027,19/09/2026,Young Boys,Servette,3,2,0,0,0,0,5,0,1,1,1,0,1,Switzerland
Suica_SuperLeague,2026/2027,20/09/2026,Vaduz,Thun,1,2,0,0,0,0,3,0,1,1,1,0,1,Switzerland
Suica_SuperLeague,2026/2027,20/09/2026,Basel,St. Gallen,1,3,0,0,0,0,4,0,1,1,1,0,1,Switzerland
Suica_SuperLeague,2026/2027,20/09/2026,Lausanne,Lugano,0,4,0,0,0,0,4,0,1,1,1,0,0,Switzerland
Austria_Bundesliga,2026/2027,31/07/2026,LASK,Grazer AK,3,0,0,0,0,0,3,0,1,1,1,0,0,Austria
Austria_Bundesliga,2026/2027,01/08/2026,Tirol,Sturm Graz,1,1,0,0,0,0,2,0,1,1,0,0,1,Austria
Austria_Bundesliga,2026/2027,01/08/2026,Salzburg,Hartberg,1,0,0,0,0,0,1,0,1,0,0,0,0,Austria
Austria_Bundesliga,2026/2027,02/08/2026,A. Lustenau,Ried,1,1,0,0,0,0,2,0,1,1,0,0,1,Austria
Austria_Bundesliga,2026/2027,02/08/2026,Wolfsberger AC,Austria Vienna,3,0,0,0,0,0,3,0,1,1,1,0,0,Austria
Austria_Bundesliga,2026/2027,02/08/2026,SK Rapid,Altach,1,0,0,0,0,0,1,0,1,0,0,0,0,Austria
Austria_Bundesliga,2026/2027,07/08/2026,Altach,Tirol,3,1,0,0,0,0,4,0,1,1,1,0,1,Austria
Austria_Bundesliga,2026/2027,08/08/2026,Grazer AK,A. Lustenau,2,1,0,0,0,0,3,0,1,1,1,0,1,Austria
Austria_Bundesliga,2026/2027,08/08/2026,Hartberg,Sturm Graz,0,2,0,0,0,0,2,0,1,1,0,0,0,Austria
Austria_Bundesliga,2026/2027,09/08/2026,Ried,SK Rapid,1,2,0,0,0,0,3,0,1,1,1,0,1,Austria
Austria_Bundesliga,2026/2027,09/08/2026,Wolfsberger AC,Salzburg,1,1,0,0,0,0,2,0,1,1,0,0,1,Austria
Austria_Bundesliga,2026/2027,09/08/2026,Austria Vienna,LASK,0,2,0,0,0,0,2,0,1,1,0,0,0,Austria
Austria_Bundesliga,2026/2027,14/08/2026,LASK,Ried,4,1,0,0,0,0,5,0,1,1,1,0,1,Austria
Austria_Bundesliga,2026/2027,15/08/2026,A. Lustenau,Wolfsberger AC,2,1,0,0,0,0,3,0,1,1,1,0,1,Austria
Austria_Bundesliga,2026/2027,15/08/2026,Sturm Graz,Altach,1,0,0,0,0,0,1,0,1,0,0,0,0,Austria
Austria_Bundesliga,2026/2027,16/08/2026,Hartberg,Austria Vienna,0,2,0,0,0,0,2,0,1,1,0,0,0,Austria
Austria_Bundesliga,2026/2027,16/08/2026,Tirol,Salzburg,0,3,0,0,0,0,3,0,1,1,1,0,0,Austria
Austria_Bundesliga,2026/2027,16/08/2026,SK Rapid,Grazer AK,8,0,0,0,0,0,8,0,1,1,1,0,0,Austria
Austria_Bundesliga,2026/2027,21/08/2026,Ried,Grazer AK,1,0,0,0,0,0,1,0,1,0,0,0,0,Austria
Austria_Bundesliga,2026/2027,22/08/2026,Altach,Hartberg,1,2,0,0,0,0,3,0,1,1,1,0,1,Austria
Austria_Bundesliga,2026/2027,22/08/2026,Sturm Graz,A. Lustenau,1,1,0,0,0,0,2,0,1,1,0,0,1,Austria
Austria_Bundesliga,2026/2027,28/08/2026,A. Lustenau,Tirol,0,4,0,0,0,0,4,0,1,1,1,0,0,Austria
Austria_Bundesliga,2026/2027,29/08/2026,Grazer AK,Wolfsberger AC,0,0,0,0,0,0,0,0,0,0,0,0,0,Austria
Austria_Bundesliga,2026/2027,29/08/2026,LASK,Altach,3,0,0,0,0,0,3,0,1,1,1,0,0,Austria
Austria_Bundesliga,2026/2027,30/08/2026,Hartberg,Ried,3,2,0,0,0,0,5,0,1,1,1,0,1,Austria
Austria_Bundesliga,2026/2027,30/08/2026,SK Rapid,Sturm Graz,3,1,0,0,0,0,4,0,1,1,1,0,1,Austria
Austria_Bundesliga,2026/2027,30/08/2026,Salzburg,Austria Vienna,4,1,0,0,0,0,5,0,1,1,1,0,1,Austria
Austria_Bundesliga,2026/2027,01/09/2026,Wolfsberger AC,LASK,1,3,0,0,0,0,4,0,1,1,1,0,1,Austria
Austria_Bundesliga,2026/2027,02/09/2026,Austria Vienna,Tirol,0,1,0,0,0,0,1,0,1,0,0,0,0,Austria
Austria_Bundesliga,2026/2027,02/09/2026,Salzburg,SK Rapid,5,1,0,0,0,0,6,0,1,1,1,0,1,Austria
Austria_Bundesliga,2026/2027,11/09/2026,Ried,Salzburg,1,1,0,0,0,0,2,0,1,1,0,0,1,Austria
Austria_Bundesliga,2026/2027,12/09/2026,Altach,Grazer AK,1,2,0,0,0,0,3,0,1,1,1,0,1,Austria
Austria_Bundesliga,2026/2027,12/09/2026,Wolfsberger AC,SK Rapid,0,3,0,0,0,0,3,0,1,1,1,0,0,Austria
Austria_Bundesliga,2026/2027,13/09/2026,Austria Vienna,A. Lustenau,2,1,0,0,0,0,3,0,1,1,1,0,1,Austria
Austria_Bundesliga,2026/2027,13/09/2026,Tirol,Hartberg,2,2,0,0,0,0,4,0,1,1,1,0,1,Austria
Austria_Bundesliga,2026/2027,13/09/2026,Sturm Graz,LASK,2,1,0,0,0,0,3,0,1,1,1,0,1,Austria
Austria_Bundesliga,2026/2027,18/09/2026,SK Rapid,Tirol,3,0,0,0,0,0,3,0,1,1,1,0,0,Austria
Austria_Bundesliga,2026/2027,19/09/2026,A. Lustenau,Altach,2,0,0,0,0,0,2,0,1,1,0,0,0,Austria
Austria_Bundesliga,2026/2027,19/09/2026,Grazer AK,Austria Vienna,2,2,0,0,0,0,4,0,1,1,1,0,1,Austria
Austria_Bundesliga,2026/2027,20/09/2026,Hartberg,LASK,3,3,0,0,0,0,6,0,1,1,1,0,1,Austria
Austria_Bundesliga,2026/2027,20/09/2026,Ried,Wolfsberger AC,4,1,0,0,0,0,5,0,1,1,1,0,1,Austria
Austria_Bundesliga,2026/2027,20/09/2026,Salzburg,Sturm Graz,3,0,0,0,0,0,3,0,1,1,1,0,0,Austria
Dinamarca_Superliga,2026/2027,24/07/2026,Viborg,Odense,1,0,0,0,0,0,1,0,1,0,0,0,0,Denmark
Dinamarca_Superliga,2026/2027,25/07/2026,Aarhus,Brondby,1,1,0,0,0,0,2,0,1,1,0,0,1,Denmark
Dinamarca_Superliga,2026/2027,26/07/2026,Sonderjyske,Midtjylland,2,3,0,0,0,0,5,0,1,1,1,0,1,Denmark
Dinamarca_Superliga,2026/2027,26/07/2026,FC Copenhagen,Lyngby,3,2,0,0,0,0,5,0,1,1,1,0,1,Denmark
Dinamarca_Superliga,2026/2027,26/07/2026,Horsens,Nordsjaelland,1,1,0,0,0,0,2,0,1,1,0,0,1,Denmark
Dinamarca_Superliga,2026/2027,27/07/2026,Randers FC,Silkeborg,1,1,0,0,0,0,2,0,1,1,0,0,1,Denmark
Dinamarca_Superliga,2026/2027,01/08/2026,Lyngby,Aarhus,2,2,0,0,0,0,4,0,1,1,1,0,1,Denmark
Dinamarca_Superliga,2026/2027,02/08/2026,Midtjylland,Horsens,2,1,0,0,0,0,3,0,1,1,1,0,1,Denmark
Dinamarca_Superliga,2026/2027,02/08/2026,Nordsjaelland,Randers FC,1,0,0,0,0,0,1,0,1,0,0,0,0,Denmark
Dinamarca_Superliga,2026/2027,02/08/2026,Brondby,Viborg,1,0,0,0,0,0,1,0,1,0,0,0,0,Denmark
Dinamarca_Superliga,2026/2027,02/08/2026,Silkeborg,FC Copenhagen,1,3,0,0,0,0,4,0,1,1,1,0,1,Denmark
Dinamarca_Superliga,2026/2027,03/08/2026,Odense,Sonderjyske,1,0,0,0,0,0,1,0,1,0,0,0,0,Denmark
Dinamarca_Superliga,2026/2027,07/08/2026,Sonderjyske,Viborg,0,0,0,0,0,0,0,0,0,0,0,0,0,Denmark
Dinamarca_Superliga,2026/2027,09/08/2026,Randers FC,Lyngby,2,0,0,0,0,0,2,0,1,1,0,0,0,Denmark
Dinamarca_Superliga,2026/2027,09/08/2026,Horsens,Brondby,0,2,0,0,0,0,2,0,1,1,0,0,0,Denmark
Dinamarca_Superliga,2026/2027,10/08/2026,Silkeborg,Odense,1,0,0,0,0,0,1,0,1,0,0,0,0,Denmark
Dinamarca_Superliga,2026/2027,14/08/2026,Viborg,Aarhus,2,1,0,0,0,0,3,0,1,1,1,0,1,Denmark
Dinamarca_Superliga,2026/2027,16/08/2026,Nordsjaelland,Silkeborg,1,0,0,0,0,0,1,0,1,0,0,0,0,Denmark
Dinamarca_Superliga,2026/2027,16/08/2026,Odense,Horsens,1,2,0,0,0,0,3,0,1,1,1,0,1,Denmark
Dinamarca_Superliga,2026/2027,16/08/2026,Lyngby,Midtjylland,1,1,0,0,0,0,2,0,1,1,0,0,1,Denmark
Dinamarca_Superliga,2026/2027,16/08/2026,Randers FC,FC Copenhagen,0,4,0,0,0,0,4,0,1,1,1,0,0,Denmark
Dinamarca_Superliga,2026/2027,17/08/2026,Brondby,Sonderjyske,3,2,0,0,0,0,5,0,1,1,1,0,1,Denmark
Dinamarca_Superliga,2026/2027,23/08/2026,Sonderjyske,Nordsjaelland,0,3,0,0,0,0,3,0,1,1,1,0,0,Denmark
Dinamarca_Superliga,2026/2027,23/08/2026,Aarhus,Odense,2,2,0,0,0,0,4,0,1,1,1,0,1,Denmark
Dinamarca_Superliga,2026/2027,23/08/2026,Midtjylland,Randers FC,1,0,0,0,0,0,1,0,1,0,0,0,0,Denmark
Dinamarca_Superliga,2026/2027,23/08/2026,Horsens,Lyngby,2,1,0,0,0,0,3,0,1,1,1,0,1,Denmark
Dinamarca_Superliga,2026/2027,23/08/2026,Viborg,FC Copenhagen,4,0,0,0,0,0,4,0,1,1,1,0,0,Denmark
Dinamarca_Superliga,2026/2027,24/08/2026,Brondby,Silkeborg,3,1,0,0,0,0,4,0,1,1,1,0,1,Denmark
Dinamarca_Superliga,2026/2027,28/08/2026,Horsens,Viborg,2,3,0,0,0,0,5,0,1,1,1,0,1,Denmark
Dinamarca_Superliga,2026/2027,30/08/2026,Lyngby,Odense,1,1,0,0,0,0,2,0,1,1,0,0,1,Denmark
Dinamarca_Superliga,2026/2027,30/08/2026,Silkeborg,Midtjylland,1,1,0,0,0,0,2,0,1,1,0,0,1,Denmark
Dinamarca_Superliga,2026/2027,30/08/2026,Randers FC,Aarhus,2,1,0,0,0,0,3,0,1,1,1,0,1,Denmark
Dinamarca_Superliga,2026/2027,30/08/2026,Nordsjaelland,Brondby,3,1,0,0,0,0,4,0,1,1,1,0,1,Denmark
Dinamarca_Superliga,2026/2027,31/08/2026,FC Copenhagen,Sonderjyske,3,1,0,0,0,0,4,0,1,1,1,0,1,Denmark
Dinamarca_Superliga,2026/2027,02/09/2026,Aarhus,Midtjylland,0,2,0,0,0,0,2,0,1,1,0,0,0,Denmark
Dinamarca_Superliga,2026/2027,03/09/2026,FC Copenhagen,Nordsjaelland,2,0,0,0,0,0,2,0,1,1,0,0,0,Denmark
Dinamarca_Superliga,2026/2027,04/09/2026,Viborg,Lyngby,0,2,0,0,0,0,2,0,1,1,0,0,0,Denmark
Dinamarca_Superliga,2026/2027,05/09/2026,Aarhus,Silkeborg,2,2,0,0,0,0,4,0,1,1,1,0,1,Denmark
Dinamarca_Superliga,2026/2027,06/09/2026,Sonderjyske,Horsens,2,5,0,0,0,0,7,0,1,1,1,0,1,Denmark
Dinamarca_Superliga,2026/2027,06/09/2026,Odense,FC Copenhagen,0,5,0,0,0,0,5,0,1,1,1,0,0,Denmark
Dinamarca_Superliga,2026/2027,06/09/2026,Brondby,Randers FC,0,3,0,0,0,0,3,0,1,1,1,0,0,Denmark
Dinamarca_Superliga,2026/2027,07/09/2026,Midtjylland,Nordsjaelland,2,2,0,0,0,0,4,0,1,1,1,0,1,Denmark
Dinamarca_Superliga,2026/2027,11/09/2026,FC Copenhagen,Horsens,2,0,0,0,0,0,2,0,1,1,0,0,0,Denmark
Dinamarca_Superliga,2026/2027,13/09/2026,Lyngby,Sonderjyske,1,1,0,0,0,0,2,0,1,1,0,0,1,Denmark
Dinamarca_Superliga,2026/2027,13/09/2026,Silkeborg,Viborg,1,1,0,0,0,0,2,0,1,1,0,0,1,Denmark
Dinamarca_Superliga,2026/2027,13/09/2026,Randers FC,Odense,1,2,0,0,0,0,3,0,1,1,1,0,1,Denmark
Dinamarca_Superliga,2026/2027,13/09/2026,Nordsjaelland,Aarhus,2,0,0,0,0,0,2,0,1,1,0,0,0,Denmark
Dinamarca_Superliga,2026/2027,14/09/2026,Midtjylland,Brondby,4,1,0,0,0,0,5,0,1,1,1,0,1,Denmark
Dinamarca_Superliga,2026/2027,18/09/2026,Lyngby,Silkeborg,0,4,0,0,0,0,4,0,1,1,1,0,0,Denmark
Dinamarca_Superliga,2026/2027,19/09/2026,Odense,Midtjylland,1,1,0,0,0,0,2,0,1,1,0,0,1,Denmark
Dinamarca_Superliga,2026/2027,20/09/2026,Brondby,FC Copenhagen,0,1,0,0,0,0,1,0,1,0,0,0,0,Denmark
Dinamarca_Superliga,2026/2027,20/09/2026,Sonderjyske,Randers FC,4,2,0,0,0,0,6,0,1,1,1,0,1,Denmark
Dinamarca_Superliga,2026/2027,20/09/2026,Horsens,Aarhus,2,2,0,0,0,0,4,0,1,1,1,0,1,Denmark
Dinamarca_Superliga,2026/2027,20/09/2026,Viborg,Nordsjaelland,4,1,0,0,0,0,5,0,1,1,1,0,1,Denmark
EUA_MLS,2026,21/02/2026,St. Louis City,Charlotte,1,1,0,0,0,0,2,0,1,1,0,0,1,USA
EUA_MLS,2026,21/02/2026,FC Cincinnati,Atlanta Utd,2,0,0,0,0,0,2,0,1,1,0,0,0,USA
EUA_MLS,2026,22/02/2026,DC United,Philadelphia Union,1,0,0,0,0,0,1,0,1,0,0,0,0,USA
EUA_MLS,2026,22/02/2026,Orlando City,New York Red Bulls,1,2,0,0,0,0,3,0,1,1,1,0,1,USA
EUA_MLS,2026,22/02/2026,Vancouver Whitecaps,Real Salt Lake,1,0,0,0,0,0,1,0,1,0,0,0,0,USA
EUA_MLS,2026,22/02/2026,Austin FC,Minnesota United,2,2,0,0,0,0,4,0,1,1,1,0,1,USA
EUA_MLS,2026,22/02/2026,FC Dallas,Toronto FC,3,2,0,0,0,0,5,0,1,1,1,0,1,USA
EUA_MLS,2026,22/02/2026,Houston Dynamo,Chicago Fire,2,1,0,0,0,0,3,0,1,1,1,0,1,USA
EUA_MLS,2026,22/02/2026,Nashville SC,New England Revolution,4,1,0,0,0,0,5,0,1,1,1,0,1,USA
EUA_MLS,2026,22/02/2026,Los Angeles FC,Inter Miami,3,0,0,0,0,0,3,0,1,1,1,0,0,USA
EUA_MLS,2026,22/02/2026,Portland Timbers,Columbus Crew,3,2,0,0,0,0,5,0,1,1,1,0,1,USA
EUA_MLS,2026,22/02/2026,San Diego FC,CF Montreal,5,0,0,0,0,0,5,0,1,1,1,0,0,USA
EUA_MLS,2026,22/02/2026,San Jose Earthquakes,Sporting Kansas City,3,0,0,0,0,0,3,0,1,1,1,0,0,USA
EUA_MLS,2026,23/02/2026,Los Angeles Galaxy,New York City,1,1,0,0,0,0,2,0,1,1,0,0,1,USA
EUA_MLS,2026,23/02/2026,Seattle Sounders,Colorado Rapids,2,0,0,0,0,0,2,0,1,1,0,0,0,USA
EUA_MLS,2026,28/02/2026,Chicago Fire,CF Montreal,3,0,0,0,0,0,3,0,1,1,1,0,0,USA
EUA_MLS,2026,28/02/2026,New York Red Bulls,New England Revolution,1,0,0,0,0,0,1,0,1,0,0,0,0,USA
EUA_MLS,2026,28/02/2026,Colorado Rapids,Portland Timbers,2,0,0,0,0,0,2,0,1,1,0,0,0,USA
EUA_MLS,2026,28/02/2026,Minnesota United,FC Cincinnati,1,0,0,0,0,0,1,0,1,0,0,0,0,USA
EUA_MLS,2026,01/03/2026,Real Salt Lake,Seattle Sounders,2,1,0,0,0,0,3,0,1,1,1,0,1,USA
EUA_MLS,2026,01/03/2026,San Jose Earthquakes,Atlanta Utd,2,0,0,0,0,0,2,0,1,1,0,0,0,USA
EUA_MLS,2026,01/03/2026,FC Dallas,Nashville SC,0,0,0,0,0,0,0,0,0,0,0,0,0,USA
EUA_MLS,2026,01/03/2026,Houston Dynamo,Los Angeles FC,0,2,0,0,0,0,2,0,1,1,0,0,0,USA
EUA_MLS,2026,01/03/2026,Sporting Kansas City,Columbus Crew,2,2,0,0,0,0,4,0,1,1,1,0,1,USA
EUA_MLS,2026,01/03/2026,Vancouver Whitecaps,Toronto FC,3,0,0,0,0,0,3,0,1,1,1,0,0,USA
EUA_MLS,2026,01/03/2026,Los Angeles Galaxy,Charlotte,3,0,0,0,0,0,3,0,1,1,1,0,0,USA
EUA_MLS,2026,01/03/2026,Austin FC,DC United,1,0,0,0,0,0,1,0,1,0,0,0,0,USA
EUA_MLS,2026,01/03/2026,Philadelphia Union,New York City,1,2,0,0,0,0,3,0,1,1,1,0,1,USA
EUA_MLS,2026,02/03/2026,Orlando City,Inter Miami,2,4,0,0,0,0,6,0,1,1,1,0,1,USA
EUA_MLS,2026,02/03/2026,San Diego FC,St. Louis City,2,0,0,0,0,0,2,0,1,1,0,0,0,USA
EUA_MLS,2026,07/03/2026,New York City,Orlando City,5,0,0,0,0,0,5,0,1,1,1,0,0,USA
EUA_MLS,2026,07/03/2026,DC United,Inter Miami,1,2,0,0,0,0,3,0,1,1,1,0,1,USA
EUA_MLS,2026,08/03/2026,Atlanta Utd,Real Salt Lake,2,3,0,0,0,0,5,0,1,1,1,0,1,USA
EUA_MLS,2026,08/03/2026,Charlotte,Austin FC,3,1,0,0,0,0,4,0,1,1,1,0,1,USA
EUA_MLS,2026,08/03/2026,Columbus Crew,Chicago Fire,0,0,0,0,0,0,0,0,0,0,0,0,0,USA
EUA_MLS,2026,08/03/2026,Philadelphia Union,San Jose Earthquakes,0,1,0,0,0,0,1,0,1,0,0,0,0,USA
EUA_MLS,2026,08/03/2026,Nashville SC,Minnesota United,3,1,0,0,0,0,4,0,1,1,1,0,1,USA
EUA_MLS,2026,08/03/2026,Sporting Kansas City,San Diego FC,0,1,0,0,0,0,1,0,1,0,0,0,0,USA
EUA_MLS,2026,08/03/2026,St. Louis City,Seattle Sounders,0,1,0,0,0,0,1,0,1,0,0,0,0,USA
EUA_MLS,2026,08/03/2026,Colorado Rapids,Los Angeles Galaxy,4,1,0,0,0,0,5,0,1,1,1,0,1,USA
EUA_MLS,2026,08/03/2026,Los Angeles FC,FC Dallas,1,0,0,0,0,0,1,0,1,0,0,0,0,USA
EUA_MLS,2026,08/03/2026,Portland Timbers,Vancouver Whitecaps,1,4,0,0,0,0,5,0,1,1,1,0,1,USA
EUA_MLS,2026,08/03/2026,New York Red Bulls,CF Montreal,0,3,0,0,0,0,3,0,1,1,1,0,0,USA
EUA_MLS,2026,08/03/2026,FC Cincinnati,Toronto FC,0,1,0,0,0,0,1,0,1,0,0,0,0,USA
EUA_MLS,2026,14/03/2026,Toronto FC,New York Red Bulls,1,1,0,0,0,0,2,0,1,1,0,0,1,USA
EUA_MLS,2026,14/03/2026,Atlanta Utd,Philadelphia Union,3,1,0,0,0,0,4,0,1,1,1,0,1,USA
EUA_MLS,2026,14/03/2026,Columbus Crew,Nashville SC,0,1,0,0,0,0,1,0,1,0,0,0,0,USA
EUA_MLS,2026,14/03/2026,Charlotte,Inter Miami,0,0,0,0,0,0,0,0,0,0,0,0,0,USA
EUA_MLS,2026,14/03/2026,New York City,Colorado Rapids,3,1,0,0,0,0,4,0,1,1,1,0,1,USA
EUA_MLS,2026,14/03/2026,Orlando City,CF Montreal,2,1,0,0,0,0,3,0,1,1,1,0,1,USA
EUA_MLS,2026,15/03/2026,Chicago Fire,DC United,1,2,0,0,0,0,3,0,1,1,1,0,1,USA
EUA_MLS,2026,15/03/2026,FC Dallas,San Diego FC,3,3,0,0,0,0,6,0,1,1,1,0,1,USA
EUA_MLS,2026,15/03/2026,Houston Dynamo,Portland Timbers,3,2,0,0,0,0,5,0,1,1,1,0,1,USA
EUA_MLS,2026,15/03/2026,Los Angeles Galaxy,Sporting Kansas City,1,2,0,0,0,0,3,0,1,1,1,0,1,USA
EUA_MLS,2026,15/03/2026,Real Salt Lake,Austin FC,2,1,0,0,0,0,3,0,1,1,1,0,1,USA
EUA_MLS,2026,15/03/2026,Los Angeles FC,St. Louis City,2,0,0,0,0,0,2,0,1,1,0,0,0,USA
EUA_MLS,2026,15/03/2026,New England Revolution,FC Cincinnati,6,1,0,0,0,0,7,0,1,1,1,0,1,USA
EUA_MLS,2026,15/03/2026,Vancouver Whitecaps,Minnesota United,6,0,0,0,0,0,6,0,1,1,1,0,0,USA
EUA_MLS,2026,15/03/2026,San Jose Earthquakes,Seattle Sounders,0,1,0,0,0,0,1,0,1,0,0,0,0,USA
EUA_MLS,2026,21/03/2026,Toronto FC,Columbus Crew,2,1,0,0,0,0,3,0,1,1,1,0,1,USA
EUA_MLS,2026,21/03/2026,Philadelphia Union,Chicago Fire,1,2,0,0,0,0,3,0,1,1,1,0,1,USA
EUA_MLS,2026,21/03/2026,Nashville SC,Orlando City,5,0,0,0,0,0,5,0,1,1,1,0,0,USA
EUA_MLS,2026,21/03/2026,Atlanta Utd,DC United,0,0,0,0,0,0,0,0,0,0,0,0,0,USA
EUA_MLS,2026,21/03/2026,Charlotte,New York Red Bulls,6,1,0,0,0,0,7,0,1,1,1,0,1,USA
EUA_MLS,2026,22/03/2026,FC Dallas,Houston Dynamo,4,3,0,0,0,0,7,0,1,1,1,0,1,USA
EUA_MLS,2026,22/03/2026,Sporting Kansas City,Colorado Rapids,1,4,0,0,0,0,5,0,1,1,1,0,1,USA
EUA_MLS,2026,22/03/2026,St. Louis City,New England Revolution,3,1,0,0,0,0,4,0,1,1,1,0,1,USA
EUA_MLS,2026,22/03/2026,Austin FC,Los Angeles FC,0,0,0,0,0,0,0,0,0,0,0,0,0,USA
EUA_MLS,2026,22/03/2026,Vancouver Whitecaps,San Jose Earthquakes,0,1,0,0,0,0,1,0,1,0,0,0,0,USA
EUA_MLS,2026,22/03/2026,FC Cincinnati,CF Montreal,4,3,0,0,0,0,7,0,1,1,1,0,1,USA
EUA_MLS,2026,22/03/2026,New York City,Inter Miami,2,3,0,0,0,0,5,0,1,1,1,0,1,USA
EUA_MLS,2026,22/03/2026,Minnesota United,Seattle Sounders,0,0,0,0,0,0,0,0,0,0,0,0,0,USA
EUA_MLS,2026,22/03/2026,Portland Timbers,Los Angeles Galaxy,1,1,0,0,0,0,2,0,1,1,0,0,1,USA
EUA_MLS,2026,22/03/2026,San Diego FC,Real Salt Lake,2,2,0,0,0,0,4,0,1,1,1,0,1,USA
EUA_MLS,2026,04/04/2026,Toronto FC,Colorado Rapids,3,2,0,0,0,0,5,0,1,1,1,0,1,USA
EUA_MLS,2026,04/04/2026,New England Revolution,CF Montreal,3,0,0,0,0,0,3,0,1,1,1,0,0,USA
EUA_MLS,2026,04/04/2026,Real Salt Lake,Sporting Kansas City,3,1,0,0,0,0,4,0,1,1,1,0,1,USA
EUA_MLS,2026,05/04/2026,Atlanta Utd,Columbus Crew,1,3,0,0,0,0,4,0,1,1,1,0,1,USA
EUA_MLS,2026,05/04/2026,Charlotte,Philadelphia Union,2,1,0,0,0,0,3,0,1,1,1,0,1,USA
EUA_MLS,2026,05/04/2026,DC United,FC Dallas,0,4,0,0,0,0,4,0,1,1,1,0,0,USA
EUA_MLS,2026,05/04/2026,Inter Miami,Austin FC,2,2,0,0,0,0,4,0,1,1,1,0,1,USA
EUA_MLS,2026,05/04/2026,New York City,St. Louis City,1,1,0,0,0,0,2,0,1,1,0,0,1,USA
EUA_MLS,2026,05/04/2026,New York Red Bulls,FC Cincinnati,4,2,0,0,0,0,6,0,1,1,1,0,1,USA
EUA_MLS,2026,05/04/2026,Chicago Fire,Nashville SC,1,0,0,0,0,0,1,0,1,0,0,0,0,USA
EUA_MLS,2026,05/04/2026,Houston Dynamo,Seattle Sounders,0,1,0,0,0,0,1,0,1,0,0,0,0,USA
EUA_MLS,2026,05/04/2026,Los Angeles FC,Orlando City,6,0,0,0,0,0,6,0,1,1,1,0,0,USA
EUA_MLS,2026,05/04/2026,Los Angeles Galaxy,Minnesota United,1,2,0,0,0,0,3,0,1,1,1,0,1,USA
EUA_MLS,2026,05/04/2026,San Jose Earthquakes,San Diego FC,3,0,0,0,0,0,3,0,1,1,1,0,0,USA
EUA_MLS,2026,05/04/2026,Vancouver Whitecaps,Portland Timbers,3,2,0,0,0,0,5,0,1,1,1,0,1,USA
EUA_MLS,2026,11/04/2026,Toronto FC,FC Cincinnati,1,1,0,0,0,0,2,0,1,1,0,0,1,USA
EUA_MLS,2026,11/04/2026,Austin FC,Los Angeles Galaxy,1,2,0,0,0,0,3,0,1,1,1,0,1,USA
EUA_MLS,2026,11/04/2026,CF Montreal,Philadelphia Union,1,2,0,0,0,0,3,0,1,1,1,0,1,USA
EUA_MLS,2026,11/04/2026,Portland Timbers,Los Angeles FC,2,1,0,0,0,0,3,0,1,1,1,0,1,USA
EUA_MLS,2026,12/04/2026,Charlotte,Nashville SC,1,2,0,0,0,0,3,0,1,1,1,0,1,USA
EUA_MLS,2026,12/04/2026,Inter Miami,New York Red Bulls,2,2,0,0,0,0,4,0,1,1,1,0,1,USA
EUA_MLS,2026,12/04/2026,New England Revolution,DC United,1,0,0,0,0,0,1,0,1,0,0,0,0,USA
EUA_MLS,2026,12/04/2026,Vancouver Whitecaps,New York City,2,0,0,0,0,0,2,0,1,1,0,0,0,USA
EUA_MLS,2026,12/04/2026,Chicago Fire,Atlanta Utd,1,0,0,0,0,0,1,0,1,0,0,0,0,USA
EUA_MLS,2026,12/04/2026,FC Dallas,St. Louis City,1,1,0,0,0,0,2,0,1,1,0,0,1,USA
EUA_MLS,2026,12/04/2026,Sporting Kansas City,San Jose Earthquakes,1,3,0,0,0,0,4,0,1,1,1,0,1,USA
EUA_MLS,2026,12/04/2026,Colorado Rapids,Houston Dynamo,6,2,0,0,0,0,8,0,1,1,1,0,1,USA
EUA_MLS,2026,12/04/2026,San Diego FC,Minnesota United,1,2,0,0,0,0,3,0,1,1,1,0,1,USA
EUA_MLS,2026,13/04/2026,Columbus Crew,Orlando City,1,1,0,0,0,0,2,0,1,1,0,0,1,USA
EUA_MLS,2026,18/04/2026,Vancouver Whitecaps,Sporting Kansas City,3,0,0,0,0,0,3,0,1,1,1,0,0,USA
EUA_MLS,2026,18/04/2026,Toronto FC,Austin FC,3,3,0,0,0,0,6,0,1,1,1,0,1,USA
EUA_MLS,2026,18/04/2026,CF Montreal,New York Red Bulls,4,1,0,0,0,0,5,0,1,1,1,0,1,USA
EUA_MLS,2026,18/04/2026,Colorado Rapids,Inter Miami,2,3,0,0,0,0,5,0,1,1,1,0,1,USA
EUA_MLS,2026,19/04/2026,Atlanta Utd,Nashville SC,0,2,0,0,0,0,2,0,1,1,0,0,0,USA
EUA_MLS,2026,19/04/2026,FC Cincinnati,Chicago Fire,3,3,0,0,0,0,6,0,1,1,1,0,1,USA
EUA_MLS,2026,19/04/2026,New England Revolution,Columbus Crew,2,1,0,0,0,0,3,0,1,1,1,0,1,USA
EUA_MLS,2026,19/04/2026,New York City,Charlotte,1,2,0,0,0,0,3,0,1,1,1,0,1,USA
EUA_MLS,2026,19/04/2026,Orlando City,Houston Dynamo,0,1,0,0,0,0,1,0,1,0,0,0,0,USA
EUA_MLS,2026,19/04/2026,Philadelphia Union,DC United,0,0,0,0,0,0,0,0,0,0,0,0,0,USA
EUA_MLS,2026,19/04/2026,FC Dallas,Los Angeles Galaxy,2,2,0,0,0,0,4,0,1,1,1,0,1,USA
EUA_MLS,2026,19/04/2026,Minnesota United,Portland Timbers,2,0,0,0,0,0,2,0,1,1,0,0,0,USA
EUA_MLS,2026,19/04/2026,Real Salt Lake,San Diego FC,4,2,0,0,0,0,6,0,1,1,1,0,1,USA
EUA_MLS,2026,19/04/2026,Seattle Sounders,St. Louis City,4,1,0,0,0,0,5,0,1,1,1,0,1,USA
EUA_MLS,2026,20/04/2026,Los Angeles FC,San Jose Earthquakes,1,4,0,0,0,0,5,0,1,1,1,0,1,USA
EUA_MLS,2026,23/04/2026,Columbus Crew,Los Angeles Galaxy,2,1,0,0,0,0,3,0,1,1,1,0,1,USA
EUA_MLS,2026,23/04/2026,New York City,FC Cincinnati,4,4,0,0,0,0,8,0,1,1,1,0,1,USA
EUA_MLS,2026,23/04/2026,New York Red Bulls,DC United,4,4,0,0,0,0,8,0,1,1,1,0,1,USA
EUA_MLS,2026,23/04/2026,Orlando City,Charlotte,4,1,0,0,0,0,5,0,1,1,1,0,1,USA
EUA_MLS,2026,23/04/2026,Toronto FC,Philadelphia Union,3,3,0,0,0,0,6,0,1,1,1,0,1,USA
EUA_MLS,2026,23/04/2026,Atlanta Utd,New England Revolution,1,2,0,0,0,0,3,0,1,1,1,0,1,USA
EUA_MLS,2026,23/04/2026,FC Dallas,Minnesota United,0,1,0,0,0,0,1,0,1,0,0,0,0,USA
EUA_MLS,2026,23/04/2026,Houston Dynamo,San Diego FC,1,0,0,0,0,0,1,0,1,0,0,0,0,USA
EUA_MLS,2026,23/04/2026,Real Salt Lake,Inter Miami,0,2,0,0,0,0,2,0,1,1,0,0,0,USA
EUA_MLS,2026,23/04/2026,Los Angeles FC,Colorado Rapids,0,0,0,0,0,0,0,0,0,0,0,0,0,USA
EUA_MLS,2026,23/04/2026,San Jose Earthquakes,Austin FC,5,1,0,0,0,0,6,0,1,1,1,0,1,USA
EUA_MLS,2026,25/04/2026,Toronto FC,Atlanta Utd,1,2,0,0,0,0,3,0,1,1,1,0,1,USA
EUA_MLS,2026,25/04/2026,CF Montreal,New York City,1,0,0,0,0,0,1,0,1,0,0,0,0,USA
EUA_MLS,2026,25/04/2026,Minnesota United,Los Angeles FC,0,1,0,0,0,0,1,0,1,0,0,0,0,USA
EUA_MLS,2026,26/04/2026,Columbus Crew,Philadelphia Union,2,0,0,0,0,0,2,0,1,1,0,0,0,USA
EUA_MLS,2026,26/04/2026,DC United,Orlando City,3,2,0,0,0,0,5,0,1,1,1,0,1,USA
EUA_MLS,2026,26/04/2026,FC Cincinnati,New York Red Bulls,2,0,0,0,0,0,2,0,1,1,0,0,0,USA
EUA_MLS,2026,26/04/2026,Inter Miami,New England Revolution,1,1,0,0,0,0,2,0,1,1,0,0,1,USA
EUA_MLS,2026,26/04/2026,Austin FC,Houston Dynamo,2,0,0,0,0,0,2,0,1,1,0,0,0,USA
EUA_MLS,2026,26/04/2026,Chicago Fire,Sporting Kansas City,5,0,0,0,0,0,5,0,1,1,1,0,0,USA
EUA_MLS,2026,26/04/2026,Nashville SC,Charlotte,4,2,0,0,0,0,6,0,1,1,1,0,1,USA
EUA_MLS,2026,26/04/2026,St. Louis City,San Jose Earthquakes,2,3,0,0,0,0,5,0,1,1,1,0,1,USA
EUA_MLS,2026,26/04/2026,San Diego FC,Portland Timbers,1,2,0,0,0,0,3,0,1,1,1,0,1,USA
EUA_MLS,2026,26/04/2026,Seattle Sounders,FC Dallas,2,1,0,0,0,0,3,0,1,1,1,0,1,USA
EUA_MLS,2026,26/04/2026,Vancouver Whitecaps,Colorado Rapids,3,1,0,0,0,0,4,0,1,1,1,0,1,USA
EUA_MLS,2026,27/04/2026,Los Angeles Galaxy,Real Salt Lake,2,1,0,0,0,0,3,0,1,1,1,0,1,USA
EUA_MLS,2026,02/05/2026,Toronto FC,San Jose Earthquakes,1,1,0,0,0,0,2,0,1,1,0,0,1,USA
EUA_MLS,2026,02/05/2026,Sporting Kansas City,Seattle Sounders,1,1,0,0,0,0,2,0,1,1,0,0,1,USA
EUA_MLS,2026,02/05/2026,Real Salt Lake,Portland Timbers,2,0,0,0,0,0,2,0,1,1,0,0,0,USA
EUA_MLS,2026,03/05/2026,Inter Miami,Orlando City,3,4,0,0,0,0,7,0,1,1,1,0,1,USA
EUA_MLS,2026,03/05/2026,Atlanta Utd,CF Montreal,3,1,0,0,0,0,4,0,1,1,1,0,1,USA
EUA_MLS,2026,03/05/2026,Columbus Crew,Minnesota United,2,3,0,0,0,0,5,0,1,1,1,0,1,USA
EUA_MLS,2026,03/05/2026,New England Revolution,Charlotte,1,0,0,0,0,0,1,0,1,0,0,0,0,USA
EUA_MLS,2026,03/05/2026,New York Red Bulls,FC Dallas,0,2,0,0,0,0,2,0,1,1,0,0,0,USA
EUA_MLS,2026,03/05/2026,Philadelphia Union,Nashville SC,0,0,0,0,0,0,0,0,0,0,0,0,0,USA
EUA_MLS,2026,03/05/2026,Chicago Fire,FC Cincinnati,2,3,0,0,0,0,5,0,1,1,1,0,1,USA
EUA_MLS,2026,03/05/2026,Houston Dynamo,Colorado Rapids,1,0,0,0,0,0,1,0,1,0,0,0,0,USA
EUA_MLS,2026,03/05/2026,San Diego FC,Los Angeles FC,2,2,0,0,0,0,4,0,1,1,1,0,1,USA
EUA_MLS,2026,03/05/2026,Los Angeles Galaxy,Vancouver Whitecaps,1,1,0,0,0,0,2,0,1,1,0,0,1,USA
EUA_MLS,2026,03/05/2026,New York City,DC United,0,2,0,0,0,0,2,0,1,1,0,0,0,USA
EUA_MLS,2026,03/05/2026,Austin FC,St. Louis City,2,0,0,0,0,0,2,0,1,1,0,0,0,USA
EUA_MLS,2026,09/05/2026,Toronto FC,Inter Miami,2,4,0,0,0,0,6,0,1,1,1,0,1,USA
EUA_MLS,2026,09/05/2026,Chicago Fire,New York Red Bulls,1,3,0,0,0,0,4,0,1,1,1,0,1,USA
EUA_MLS,2026,09/05/2026,CF Montreal,Orlando City,2,0,0,0,0,0,2,0,1,1,0,0,0,USA
EUA_MLS,2026,10/05/2026,Atlanta Utd,Los Angeles Galaxy,1,2,0,0,0,0,3,0,1,1,1,0,1,USA
EUA_MLS,2026,10/05/2026,Charlotte,FC Cincinnati,2,2,0,0,0,0,4,0,1,1,1,0,1,USA
EUA_MLS,2026,10/05/2026,New England Revolution,Philadelphia Union,2,1,0,0,0,0,3,0,1,1,1,0,1,USA
EUA_MLS,2026,10/05/2026,FC Dallas,Real Salt Lake,3,1,0,0,0,0,4,0,1,1,1,0,1,USA
EUA_MLS,2026,10/05/2026,Nashville SC,DC United,2,2,0,0,0,0,4,0,1,1,1,0,1,USA
EUA_MLS,2026,10/05/2026,Colorado Rapids,St. Louis City,0,1,0,0,0,0,1,0,1,0,0,0,0,USA
EUA_MLS,2026,10/05/2026,Portland Timbers,Sporting Kansas City,6,0,0,0,0,0,6,0,1,1,1,0,0,USA
EUA_MLS,2026,10/05/2026,San Jose Earthquakes,Vancouver Whitecaps,1,1,0,0,0,0,2,0,1,1,0,0,1,USA
EUA_MLS,2026,10/05/2026,Seattle Sounders,San Diego FC,1,1,0,0,0,0,2,0,1,1,0,0,1,USA
EUA_MLS,2026,10/05/2026,New York City,Columbus Crew,3,0,0,0,0,0,3,0,1,1,1,0,0,USA
EUA_MLS,2026,11/05/2026,Minnesota United,Austin FC,2,2,0,0,0,0,4,0,1,1,1,0,1,USA
EUA_MLS,2026,11/05/2026,Los Angeles FC,Houston Dynamo,1,4,0,0,0,0,5,0,1,1,1,0,1,USA
EUA_MLS,2026,14/05/2026,Charlotte,New York City,0,1,0,0,0,0,1,0,1,0,0,0,0,USA
EUA_MLS,2026,14/05/2026,CF Montreal,Portland Timbers,2,2,0,0,0,0,4,0,1,1,1,0,1,USA
EUA_MLS,2026,14/05/2026,DC United,Chicago Fire,1,3,0,0,0,0,4,0,1,1,1,0,1,USA
EUA_MLS,2026,14/05/2026,FC Cincinnati,Inter Miami,3,5,0,0,0,0,8,0,1,1,1,0,1,USA
EUA_MLS,2026,14/05/2026,New England Revolution,Nashville SC,0,3,0,0,0,0,3,0,1,1,1,0,0,USA
EUA_MLS,2026,14/05/2026,New York Red Bulls,Columbus Crew,3,2,0,0,0,0,5,0,1,1,1,0,1,USA
EUA_MLS,2026,14/05/2026,Orlando City,Philadelphia Union,4,3,0,0,0,0,7,0,1,1,1,0,1,USA
EUA_MLS,2026,14/05/2026,FC Dallas,Vancouver Whitecaps,2,3,0,0,0,0,5,0,1,1,1,0,1,USA
EUA_MLS,2026,14/05/2026,Minnesota United,Colorado Rapids,0,1,0,0,0,0,1,0,1,0,0,0,0,USA
EUA_MLS,2026,14/05/2026,Sporting Kansas City,Los Angeles Galaxy,3,1,0,0,0,0,4,0,1,1,1,0,1,USA
EUA_MLS,2026,14/05/2026,St. Louis City,Los Angeles FC,2,1,0,0,0,0,3,0,1,1,1,0,1,USA
EUA_MLS,2026,14/05/2026,Real Salt Lake,Houston Dynamo,3,0,0,0,0,0,3,0,1,1,1,0,0,USA
EUA_MLS,2026,14/05/2026,San Diego FC,Austin FC,5,0,0,0,0,0,5,0,1,1,1,0,0,USA
EUA_MLS,2026,14/05/2026,Seattle Sounders,San Jose Earthquakes,3,2,0,0,0,0,5,0,1,1,1,0,1,USA
EUA_MLS,2026,16/05/2026,CF Montreal,Chicago Fire,0,2,0,0,0,0,2,0,1,1,0,0,0,USA
EUA_MLS,2026,17/05/2026,Charlotte,Toronto FC,3,1,0,0,0,0,4,0,1,1,1,0,1,USA
EUA_MLS,2026,17/05/2026,DC United,St. Louis City,1,1,0,0,0,0,2,0,1,1,0,0,1,USA
EUA_MLS,2026,17/05/2026,New England Revolution,Minnesota United,2,1,0,0,0,0,3,0,1,1,1,0,1,USA
EUA_MLS,2026,17/05/2026,New York Red Bulls,New York City,1,1,0,0,0,0,2,0,1,1,0,0,1,USA
EUA_MLS,2026,17/05/2026,Orlando City,Atlanta Utd,1,1,0,0,0,0,2,0,1,1,0,0,1,USA
EUA_MLS,2026,17/05/2026,Philadelphia Union,Columbus Crew,1,1,0,0,0,0,2,0,1,1,0,0,1,USA
EUA_MLS,2026,17/05/2026,Austin FC,Sporting Kansas City,1,2,0,0,0,0,3,0,1,1,1,0,1,USA
EUA_MLS,2026,17/05/2026,Houston Dynamo,Vancouver Whitecaps,1,0,0,0,0,0,1,0,1,0,0,0,0,USA
EUA_MLS,2026,17/05/2026,Seattle Sounders,Los Angeles Galaxy,0,2,0,0,0,0,2,0,1,1,0,0,0,USA
EUA_MLS,2026,17/05/2026,Real Salt Lake,Colorado Rapids,2,1,0,0,0,0,3,0,1,1,1,0,1,USA
EUA_MLS,2026,17/05/2026,San Diego FC,FC Cincinnati,3,3,0,0,0,0,6,0,1,1,1,0,1,USA
EUA_MLS,2026,17/05/2026,San Jose Earthquakes,FC Dallas,2,3,0,0,0,0,5,0,1,1,1,0,1,USA
EUA_MLS,2026,17/05/2026,Inter Miami,Portland Timbers,2,0,0,0,0,0,2,0,1,1,0,0,0,USA
EUA_MLS,2026,18/05/2026,Nashville SC,Los Angeles FC,3,2,0,0,0,0,5,0,1,1,1,0,1,USA
EUA_MLS,2026,23/05/2026,St. Louis City,Austin FC,3,0,0,0,0,0,3,0,1,1,1,0,0,USA
EUA_MLS,2026,23/05/2026,Minnesota United,Real Salt Lake,1,1,0,0,0,0,2,0,1,1,0,0,1,USA
EUA_MLS,2026,24/05/2026,Charlotte,New England Revolution,1,0,0,0,0,0,1,0,1,0,0,0,0,USA
EUA_MLS,2026,24/05/2026,DC United,CF Montreal,4,4,0,0,0,0,8,0,1,1,1,0,1,USA
EUA_MLS,2026,24/05/2026,FC Cincinnati,Orlando City,6,2,0,0,0,0,8,0,1,1,1,0,1,USA
EUA_MLS,2026,24/05/2026,Chicago Fire,Toronto FC,2,1,0,0,0,0,3,0,1,1,1,0,1,USA
EUA_MLS,2026,24/05/2026,Nashville SC,New York City,2,1,0,0,0,0,3,0,1,1,1,0,1,USA
EUA_MLS,2026,24/05/2026,Sporting Kansas City,New York Red Bulls,1,2,0,0,0,0,3,0,1,1,1,0,1,USA
EUA_MLS,2026,24/05/2026,Colorado Rapids,FC Dallas,1,2,0,0,0,0,3,0,1,1,1,0,1,USA
EUA_MLS,2026,24/05/2026,Portland Timbers,San Jose Earthquakes,1,3,0,0,0,0,4,0,1,1,1,0,1,USA
EUA_MLS,2026,24/05/2026,San Diego FC,Vancouver Whitecaps,2,4,0,0,0,0,6,0,1,1,1,0,1,USA
EUA_MLS,2026,24/05/2026,Los Angeles Galaxy,Houston Dynamo,1,1,0,0,0,0,2,0,1,1,0,0,1,USA
EUA_MLS,2026,24/05/2026,Columbus Crew,Atlanta Utd,2,0,0,0,0,0,2,0,1,1,0,0,0,USA
EUA_MLS,2026,25/05/2026,Inter Miami,Philadelphia Union,6,4,0,0,0,0,10,0,1,1,1,0,1,USA
EUA_MLS,2026,25/05/2026,Los Angeles FC,Seattle Sounders,1,0,0,0,0,0,1,0,1,0,0,0,0,USA
EUA_MLS,2026,17/07/2026,CF Montreal,Toronto FC,0,0,0,0,0,0,0,0,0,0,0,0,0,USA
EUA_MLS,2026,17/07/2026,St. Louis City,Sporting Kansas City,3,2,0,0,0,0,5,0,1,1,1,0,1,USA
EUA_MLS,2026,17/07/2026,Seattle Sounders,Portland Timbers,1,5,0,0,0,0,6,0,1,1,1,0,1,USA
EUA_MLS,2026,18/07/2026,Nashville SC,Atlanta Utd,1,0,0,0,0,0,1,0,1,0,0,0,0,USA
EUA_MLS,2026,18/07/2026,Los Angeles Galaxy,Los Angeles FC,0,3,0,0,0,0,3,0,1,1,1,0,0,USA
EUA_MLS,2026,23/07/2026,Columbus Crew,New York City,1,2,0,0,0,0,3,0,1,1,1,0,1,USA
EUA_MLS,2026,23/07/2026,FC Cincinnati,Vancouver Whitecaps,4,3,0,0,0,0,7,0,1,1,1,0,1,USA
EUA_MLS,2026,23/07/2026,Inter Miami,Chicago Fire,3,2,0,0,0,0,5,0,1,1,1,0,1,USA
EUA_MLS,2026,23/07/2026,New England Revolution,Toronto FC,0,0,0,0,0,0,0,0,0,0,0,0,0,USA
EUA_MLS,2026,23/07/2026,Philadelphia Union,New York Red Bulls,3,1,0,0,0,0,4,0,1,1,1,0,1,USA
EUA_MLS,2026,23/07/2026,Charlotte,Atlanta Utd,2,2,0,0,0,0,4,0,1,1,1,0,1,USA
EUA_MLS,2026,23/07/2026,Houston Dynamo,DC United,1,1,0,0,0,0,2,0,1,1,0,0,1,USA
EUA_MLS,2026,23/07/2026,Nashville SC,CF Montreal,1,0,0,0,0,0,1,0,1,0,0,0,0,USA
EUA_MLS,2026,23/07/2026,Sporting Kansas City,Minnesota United,2,1,0,0,0,0,3,0,1,1,1,0,1,USA
EUA_MLS,2026,23/07/2026,Austin FC,Seattle Sounders,3,1,0,0,0,0,4,0,1,1,1,0,1,USA
EUA_MLS,2026,23/07/2026,Colorado Rapids,San Diego FC,1,0,0,0,0,0,1,0,1,0,0,0,0,USA
EUA_MLS,2026,23/07/2026,Los Angeles FC,Real Salt Lake,3,1,0,0,0,0,4,0,1,1,1,0,1,USA
EUA_MLS,2026,23/07/2026,Los Angeles Galaxy,St. Louis City,1,3,0,0,0,0,4,0,1,1,1,0,1,USA
EUA_MLS,2026,23/07/2026,Portland Timbers,FC Dallas,2,2,0,0,0,0,4,0,1,1,1,0,1,USA
EUA_MLS,2026,23/07/2026,San Jose Earthquakes,Orlando City,0,4,0,0,0,0,4,0,1,1,1,0,0,USA
EUA_MLS,2026,25/07/2026,New York Red Bulls,Charlotte,0,2,0,0,0,0,2,0,1,1,0,0,0,USA
EUA_MLS,2026,26/07/2026,Columbus Crew,FC Cincinnati,2,1,0,0,0,0,3,0,1,1,1,0,1,USA
EUA_MLS,2026,26/07/2026,CF Montreal,Inter Miami,0,1,0,0,0,0,1,0,1,0,0,0,0,USA
EUA_MLS,2026,26/07/2026,DC United,Toronto FC,2,1,0,0,0,0,3,0,1,1,1,0,1,USA
EUA_MLS,2026,26/07/2026,New England Revolution,Atlanta Utd,4,1,0,0,0,0,5,0,1,1,1,0,1,USA
EUA_MLS,2026,26/07/2026,New York City,Chicago Fire,3,1,0,0,0,0,4,0,1,1,1,0,1,USA
EUA_MLS,2026,26/07/2026,Orlando City,Nashville SC,1,0,0,0,0,0,1,0,1,0,0,0,0,USA
EUA_MLS,2026,26/07/2026,Philadelphia Union,Seattle Sounders,1,0,0,0,0,0,1,0,1,0,0,0,0,USA
EUA_MLS,2026,26/07/2026,Houston Dynamo,Austin FC,3,0,0,0,0,0,3,0,1,1,1,0,0,USA
EUA_MLS,2026,26/07/2026,Minnesota United,Vancouver Whitecaps,0,0,0,0,0,0,0,0,0,0,0,0,0,USA
EUA_MLS,2026,26/07/2026,St. Louis City,Colorado Rapids,1,0,0,0,0,0,1,0,1,0,0,0,0,USA
EUA_MLS,2026,26/07/2026,San Diego FC,FC Dallas,1,0,0,0,0,0,1,0,1,0,0,0,0,USA
EUA_MLS,2026,26/07/2026,Los Angeles FC,Sporting Kansas City,4,0,0,0,0,0,4,0,1,1,1,0,0,USA
EUA_MLS,2026,26/07/2026,Portland Timbers,Real Salt Lake,2,1,0,0,0,0,3,0,1,1,1,0,1,USA
EUA_MLS,2026,26/07/2026,San Jose Earthquakes,Los Angeles Galaxy,1,1,0,0,0,0,2,0,1,1,0,0,1,USA
EUA_MLS,2026,01/08/2026,New York City,Toronto FC,1,1,0,0,0,0,2,0,1,1,0,0,1,USA
EUA_MLS,2026,02/08/2026,CF Montreal,New England Revolution,2,2,0,0,0,0,4,0,1,1,1,0,1,USA
EUA_MLS,2026,02/08/2026,DC United,Nashville SC,2,2,0,0,0,0,4,0,1,1,1,0,1,USA
EUA_MLS,2026,02/08/2026,FC Cincinnati,San Jose Earthquakes,4,2,0,0,0,0,6,0,1,1,1,0,1,USA
EUA_MLS,2026,02/08/2026,Inter Miami,Columbus Crew,2,2,0,0,0,0,4,0,1,1,1,0,1,USA
EUA_MLS,2026,02/08/2026,New York Red Bulls,Orlando City,3,2,0,0,0,0,5,0,1,1,1,0,1,USA
EUA_MLS,2026,02/08/2026,Philadelphia Union,Atlanta Utd,3,2,0,0,0,0,5,0,1,1,1,0,1,USA
EUA_MLS,2026,02/08/2026,Vancouver Whitecaps,Los Angeles FC,1,1,0,0,0,0,2,0,1,1,0,0,1,USA
EUA_MLS,2026,02/08/2026,Chicago Fire,Charlotte,2,1,0,0,0,0,3,0,1,1,1,0,1,USA
EUA_MLS,2026,02/08/2026,Minnesota United,San Diego FC,1,1,0,0,0,0,2,0,1,1,0,0,1,USA
EUA_MLS,2026,02/08/2026,Sporting Kansas City,Houston Dynamo,0,2,0,0,0,0,2,0,1,1,0,0,0,USA
EUA_MLS,2026,02/08/2026,St. Louis City,Real Salt Lake,1,1,0,0,0,0,2,0,1,1,0,0,1,USA
EUA_MLS,2026,02/08/2026,Colorado Rapids,Austin FC,1,0,0,0,0,0,1,0,1,0,0,0,0,USA
EUA_MLS,2026,02/08/2026,Los Angeles Galaxy,FC Dallas,0,0,0,0,0,0,0,0,0,0,0,0,0,USA
EUA_MLS,2026,02/08/2026,Portland Timbers,Seattle Sounders,2,1,0,0,0,0,3,0,1,1,1,0,1,USA
EUA_MLS,2026,08/08/2026,New England Revolution,Houston Dynamo,0,2,0,0,0,0,2,0,1,1,0,0,0,USA
EUA_MLS,2026,16/08/2026,Atlanta Utd,New York Red Bulls,2,1,0,0,0,0,3,0,1,1,1,0,1,USA
EUA_MLS,2026,16/08/2026,CF Montreal,DC United,1,1,0,0,0,0,2,0,1,1,0,0,1,USA
EUA_MLS,2026,16/08/2026,Charlotte,Columbus Crew,3,1,0,0,0,0,4,0,1,1,1,0,1,USA
EUA_MLS,2026,16/08/2026,Orlando City,FC Cincinnati,1,1,0,0,0,0,2,0,1,1,0,0,1,USA
EUA_MLS,2026,16/08/2026,Toronto FC,New England Revolution,2,1,0,0,0,0,3,0,1,1,1,0,1,USA
EUA_MLS,2026,16/08/2026,Houston Dynamo,Los Angeles Galaxy,1,0,0,0,0,0,1,0,1,0,0,0,0,USA
EUA_MLS,2026,16/08/2026,Nashville SC,Inter Miami,4,1,0,0,0,0,5,0,1,1,1,0,1,USA
EUA_MLS,2026,16/08/2026,Colorado Rapids,Sporting Kansas City,2,0,0,0,0,0,2,0,1,1,0,0,0,USA
EUA_MLS,2026,16/08/2026,Real Salt Lake,Minnesota United,1,1,0,0,0,0,2,0,1,1,0,0,1,USA
EUA_MLS,2026,16/08/2026,Los Angeles FC,San Diego FC,0,1,0,0,0,0,1,0,1,0,0,0,0,USA
EUA_MLS,2026,16/08/2026,San Jose Earthquakes,St. Louis City,1,3,0,0,0,0,4,0,1,1,1,0,1,USA
EUA_MLS,2026,16/08/2026,Chicago Fire,Portland Timbers,2,1,0,0,0,0,3,0,1,1,1,0,1,USA
EUA_MLS,2026,16/08/2026,New York City,Philadelphia Union,2,3,0,0,0,0,5,0,1,1,1,0,1,USA
EUA_MLS,2026,17/08/2026,Austin FC,FC Dallas,1,2,0,0,0,0,3,0,1,1,1,0,1,USA
EUA_MLS,2026,17/08/2026,Seattle Sounders,Vancouver Whitecaps,0,2,0,0,0,0,2,0,1,1,0,0,0,USA
EUA_MLS,2026,20/08/2026,Columbus Crew,CF Montreal,1,2,0,0,0,0,3,0,1,1,1,0,1,USA
EUA_MLS,2026,20/08/2026,DC United,New England Revolution,0,3,0,0,0,0,3,0,1,1,1,0,0,USA
EUA_MLS,2026,20/08/2026,FC Cincinnati,New York City,2,1,0,0,0,0,3,0,1,1,1,0,1,USA
EUA_MLS,2026,20/08/2026,New York Red Bulls,Nashville SC,0,1,0,0,0,0,1,0,1,0,0,0,0,USA
EUA_MLS,2026,20/08/2026,Orlando City,Chicago Fire,1,2,0,0,0,0,3,0,1,1,1,0,1,USA
EUA_MLS,2026,20/08/2026,Philadelphia Union,Inter Miami,2,2,0,0,0,0,4,0,1,1,1,0,1,USA
EUA_MLS,2026,20/08/2026,Toronto FC,Charlotte,3,3,0,0,0,0,6,0,1,1,1,0,1,USA
EUA_MLS,2026,20/08/2026,Sporting Kansas City,St. Louis City,1,1,0,0,0,0,2,0,1,1,0,0,1,USA
EUA_MLS,2026,20/08/2026,Minnesota United,Atlanta Utd,1,2,0,0,0,0,3,0,1,1,1,0,1,USA
EUA_MLS,2026,20/08/2026,Colorado Rapids,Los Angeles FC,1,0,0,0,0,0,1,0,1,0,0,0,0,USA
EUA_MLS,2026,20/08/2026,Real Salt Lake,FC Dallas,3,4,0,0,0,0,7,0,1,1,1,0,1,USA
EUA_MLS,2026,20/08/2026,Seattle Sounders,Austin FC,1,2,0,0,0,0,3,0,1,1,1,0,1,USA
EUA_MLS,2026,20/08/2026,Los Angeles Galaxy,San Jose Earthquakes,1,0,0,0,0,0,1,0,1,0,0,0,0,USA
EUA_MLS,2026,20/08/2026,Portland Timbers,San Diego FC,3,1,0,0,0,0,4,0,1,1,1,0,1,USA
EUA_MLS,2026,20/08/2026,Vancouver Whitecaps,Houston Dynamo,0,1,0,0,0,0,1,0,1,0,0,0,0,USA
EUA_MLS,2026,23/08/2026,CF Montreal,Los Angeles Galaxy,2,2,0,0,0,0,4,0,1,1,1,0,1,USA
EUA_MLS,2026,23/08/2026,Charlotte,DC United,3,1,0,0,0,0,4,0,1,1,1,0,1,USA
EUA_MLS,2026,23/08/2026,FC Cincinnati,Seattle Sounders,1,1,0,0,0,0,2,0,1,1,0,0,1,USA
EUA_MLS,2026,23/08/2026,Inter Miami,Toronto FC,1,2,0,0,0,0,3,0,1,1,1,0,1,USA
EUA_MLS,2026,23/08/2026,New York Red Bulls,Chicago Fire,1,1,0,0,0,0,2,0,1,1,0,0,1,USA
EUA_MLS,2026,23/08/2026,Orlando City,Real Salt Lake,2,1,0,0,0,0,3,0,1,1,1,0,1,USA
EUA_MLS,2026,23/08/2026,Nashville SC,Columbus Crew,3,2,0,0,0,0,5,0,1,1,1,0,1,USA
EUA_MLS,2026,23/08/2026,St. Louis City,Houston Dynamo,2,1,0,0,0,0,3,0,1,1,1,0,1,USA
EUA_MLS,2026,23/08/2026,Austin FC,Philadelphia Union,1,1,0,0,0,0,2,0,1,1,0,0,1,USA
EUA_MLS,2026,23/08/2026,Vancouver Whitecaps,FC Dallas,5,0,0,0,0,0,5,0,1,1,1,0,0,USA
EUA_MLS,2026,23/08/2026,Los Angeles FC,Portland Timbers,1,1,0,0,0,0,2,0,1,1,0,0,1,USA
EUA_MLS,2026,23/08/2026,San Diego FC,Colorado Rapids,3,0,0,0,0,0,3,0,1,1,1,0,0,USA
EUA_MLS,2026,23/08/2026,San Jose Earthquakes,Minnesota United,1,5,0,0,0,0,6,0,1,1,1,0,1,USA
EUA_MLS,2026,23/08/2026,New England Revolution,New York City,1,1,0,0,0,0,2,0,1,1,0,0,1,USA
EUA_MLS,2026,24/08/2026,Atlanta Utd,Sporting Kansas City,2,1,0,0,0,0,3,0,1,1,1,0,1,USA
EUA_MLS,2026,29/08/2026,Seattle Sounders,Chicago Fire,2,2,0,0,0,0,4,0,1,1,1,0,1,USA
EUA_MLS,2026,30/08/2026,Atlanta Utd,Charlotte,0,2,0,0,0,0,2,0,1,1,0,0,0,USA
EUA_MLS,2026,30/08/2026,DC United,Los Angeles FC,0,0,0,0,0,0,0,0,0,0,0,0,0,USA
EUA_MLS,2026,30/08/2026,Inter Miami,CF Montreal,7,1,0,0,0,0,8,0,1,1,1,0,1,USA
EUA_MLS,2026,30/08/2026,New York Red Bulls,Philadelphia Union,1,3,0,0,0,0,4,0,1,1,1,0,1,USA
EUA_MLS,2026,30/08/2026,Toronto FC,New York City,1,1,0,0,0,0,2,0,1,1,0,0,1,USA
EUA_MLS,2026,30/08/2026,Houston Dynamo,San Jose Earthquakes,0,0,0,0,0,0,0,0,0,0,0,0,0,USA
EUA_MLS,2026,30/08/2026,Minnesota United,Orlando City,3,3,0,0,0,0,6,0,1,1,1,0,1,USA
EUA_MLS,2026,30/08/2026,Nashville SC,FC Cincinnati,4,0,0,0,0,0,4,0,1,1,1,0,0,USA
EUA_MLS,2026,30/08/2026,Sporting Kansas City,Vancouver Whitecaps,0,3,0,0,0,0,3,0,1,1,1,0,0,USA
EUA_MLS,2026,30/08/2026,Colorado Rapids,Real Salt Lake,1,0,0,0,0,0,1,0,1,0,0,0,0,USA
EUA_MLS,2026,30/08/2026,Portland Timbers,Austin FC,1,2,0,0,0,0,3,0,1,1,1,0,1,USA
EUA_MLS,2026,30/08/2026,San Diego FC,Los Angeles Galaxy,3,1,0,0,0,0,4,0,1,1,1,0,1,USA
EUA_MLS,2026,30/08/2026,Columbus Crew,New England Revolution,1,3,0,0,0,0,4,0,1,1,1,0,1,USA
EUA_MLS,2026,31/08/2026,St. Louis City,FC Dallas,3,3,0,0,0,0,6,0,1,1,1,0,1,USA
EUA_MLS,2026,05/09/2026,New York City,Nashville SC,0,0,0,0,0,0,0,0,0,0,0,0,0,USA
EUA_MLS,2026,06/09/2026,Charlotte,Houston Dynamo,0,0,0,0,0,0,0,0,0,0,0,0,0,USA
EUA_MLS,2026,06/09/2026,Columbus Crew,Colorado Rapids,3,0,0,0,0,0,3,0,1,1,1,0,0,USA
EUA_MLS,2026,06/09/2026,Inter Miami,Atlanta Utd,2,2,0,0,0,0,4,0,1,1,1,0,1,USA
EUA_MLS,2026,06/09/2026,Orlando City,San Diego FC,1,0,0,0,0,0,1,0,1,0,0,0,0,USA
EUA_MLS,2026,06/09/2026,Philadelphia Union,CF Montreal,2,0,0,0,0,0,2,0,1,1,0,0,0,USA
EUA_MLS,2026,06/09/2026,Toronto FC,Chicago Fire,4,4,0,0,0,0,8,0,1,1,1,0,1,USA
EUA_MLS,2026,06/09/2026,Austin FC,San Jose Earthquakes,1,1,0,0,0,0,2,0,1,1,0,0,1,USA
EUA_MLS,2026,06/09/2026,FC Dallas,Sporting Kansas City,4,3,0,0,0,0,7,0,1,1,1,0,1,USA
EUA_MLS,2026,06/09/2026,Seattle Sounders,New York Red Bulls,0,0,0,0,0,0,0,0,0,0,0,0,0,USA
EUA_MLS,2026,06/09/2026,Los Angeles Galaxy,New England Revolution,2,1,0,0,0,0,3,0,1,1,1,0,1,USA
EUA_MLS,2026,06/09/2026,Real Salt Lake,Los Angeles FC,2,2,0,0,0,0,4,0,1,1,1,0,1,USA
EUA_MLS,2026,06/09/2026,Portland Timbers,Minnesota United,5,4,0,0,0,0,9,0,1,1,1,0,1,USA
EUA_MLS,2026,06/09/2026,Vancouver Whitecaps,St. Louis City,1,3,0,0,0,0,4,0,1,1,1,0,1,USA
EUA_MLS,2026,10/09/2026,Atlanta Utd,Orlando City,2,3,0,0,0,0,5,0,1,1,1,0,1,USA
EUA_MLS,2026,10/09/2026,CF Montreal,Charlotte,1,2,0,0,0,0,3,0,1,1,1,0,1,USA
EUA_MLS,2026,10/09/2026,DC United,Columbus Crew,2,1,0,0,0,0,3,0,1,1,1,0,1,USA
EUA_MLS,2026,10/09/2026,Toronto FC,Nashville SC,2,1,0,0,0,0,3,0,1,1,1,0,1,USA
EUA_MLS,2026,10/09/2026,Philadelphia Union,FC Cincinnati,5,0,0,0,0,0,5,0,1,1,1,0,0,USA
EUA_MLS,2026,10/09/2026,New York City,New England Revolution,1,2,0,0,0,0,3,0,1,1,1,0,1,USA
EUA_MLS,2026,10/09/2026,Austin FC,Colorado Rapids,1,1,0,0,0,0,2,0,1,1,0,0,1,USA
EUA_MLS,2026,10/09/2026,Chicago Fire,Inter Miami,1,1,0,0,0,0,2,0,1,1,0,0,1,USA
EUA_MLS,2026,10/09/2026,Houston Dynamo,Real Salt Lake,2,1,0,0,0,0,3,0,1,1,1,0,1,USA
EUA_MLS,2026,10/09/2026,Minnesota United,FC Dallas,1,2,0,0,0,0,3,0,1,1,1,0,1,USA
EUA_MLS,2026,10/09/2026,Los Angeles FC,New York Red Bulls,2,0,0,0,0,0,2,0,1,1,0,0,0,USA
EUA_MLS,2026,10/09/2026,Portland Timbers,St. Louis City,2,2,0,0,0,0,4,0,1,1,1,0,1,USA
EUA_MLS,2026,10/09/2026,San Diego FC,San Jose Earthquakes,2,3,0,0,0,0,5,0,1,1,1,0,1,USA
EUA_MLS,2026,10/09/2026,Vancouver Whitecaps,Los Angeles Galaxy,3,0,0,0,0,0,3,0,1,1,1,0,0,USA
EUA_MLS,2026,13/09/2026,Columbus Crew,New York Red Bulls,0,1,0,0,0,0,1,0,1,0,0,0,0,USA
EUA_MLS,2026,13/09/2026,DC United,Atlanta Utd,0,0,0,0,0,0,0,0,0,0,0,0,0,USA
EUA_MLS,2026,13/09/2026,FC Cincinnati,Charlotte,3,3,0,0,0,0,6,0,1,1,1,0,1,USA
EUA_MLS,2026,13/09/2026,Inter Miami,Nashville SC,2,2,0,0,0,0,4,0,1,1,1,0,1,USA
EUA_MLS,2026,13/09/2026,Orlando City,Toronto FC,3,0,0,0,0,0,3,0,1,1,1,0,0,USA
EUA_MLS,2026,13/09/2026,FC Dallas,Portland Timbers,2,1,0,0,0,0,3,0,1,1,1,0,1,USA
EUA_MLS,2026,13/09/2026,Sporting Kansas City,Los Angeles FC,3,1,0,0,0,0,4,0,1,1,1,0,1,USA
EUA_MLS,2026,13/09/2026,St. Louis City,Minnesota United,4,2,0,0,0,0,6,0,1,1,1,0,1,USA
EUA_MLS,2026,13/09/2026,Colorado Rapids,CF Montreal,1,0,0,0,0,0,1,0,1,0,0,0,0,USA
EUA_MLS,2026,13/09/2026,Real Salt Lake,New York City,0,2,0,0,0,0,2,0,1,1,0,0,0,USA
EUA_MLS,2026,13/09/2026,Los Angeles Galaxy,Seattle Sounders,1,1,0,0,0,0,2,0,1,1,0,0,1,USA
EUA_MLS,2026,13/09/2026,San Jose Earthquakes,Houston Dynamo,1,0,0,0,0,0,1,0,1,0,0,0,0,USA
EUA_MLS,2026,13/09/2026,Chicago Fire,New England Revolution,1,2,0,0,0,0,3,0,1,1,1,0,1,USA
EUA_MLS,2026,13/09/2026,Vancouver Whitecaps,Austin FC,1,2,0,0,0,0,3,0,1,1,1,0,1,USA
EUA_MLS,2026,14/09/2026,San Diego FC,Philadelphia Union,0,5,0,0,0,0,5,0,1,1,1,0,0,USA
EUA_MLS,2026,19/09/2026,New York City,New York Red Bulls,0,1,0,0,0,0,1,0,1,0,0,0,0,USA
EUA_MLS,2026,20/09/2026,CF Montreal,Columbus Crew,0,2,0,0,0,0,2,0,1,1,0,0,0,USA
EUA_MLS,2026,20/09/2026,DC United,Charlotte,1,2,0,0,0,0,3,0,1,1,1,0,1,USA
EUA_MLS,2026,20/09/2026,New England Revolution,Orlando City,4,2,0,0,0,0,6,0,1,1,1,0,1,USA
EUA_MLS,2026,20/09/2026,San Jose Earthquakes,Los Angeles FC,2,2,0,0,0,0,4,0,1,1,1,0,1,USA
EUA_MLS,2026,20/09/2026,FC Dallas,Austin FC,0,0,0,0,0,0,0,0,0,0,0,0,0,USA
EUA_MLS,2026,20/09/2026,Houston Dynamo,FC Cincinnati,2,2,0,0,0,0,4,0,1,1,1,0,1,USA
EUA_MLS,2026,20/09/2026,Minnesota United,Los Angeles Galaxy,2,3,0,0,0,0,5,0,1,1,1,0,1,USA
EUA_MLS,2026,20/09/2026,Sporting Kansas City,Philadelphia Union,3,4,0,0,0,0,7,0,1,1,1,0,1,USA
EUA_MLS,2026,20/09/2026,St. Louis City,Toronto FC,3,1,0,0,0,0,4,0,1,1,1,0,1,USA
EUA_MLS,2026,20/09/2026,Colorado Rapids,Seattle Sounders,3,3,0,0,0,0,6,0,1,1,1,0,1,USA
EUA_MLS,2026,20/09/2026,Nashville SC,Chicago Fire,3,0,0,0,0,0,3,0,1,1,1,0,0,USA
EUA_MLS,2026,20/09/2026,Real Salt Lake,Vancouver Whitecaps,0,3,0,0,0,0,3,0,1,1,1,0,0,USA
EUA_MLS,2026,20/09/2026,Portland Timbers,Atlanta Utd,0,1,0,0,0,0,1,0,1,0,0,0,0,USA
EUA_MLS,2026,21/09/2026,Inter Miami,San Diego FC,2,2,0,0,0,0,4,0,1,1,1,0,1,USA
EUA_MLS,2026,24/09/2026,Seattle Sounders,Real Salt Lake,2,0,0,0,0,0,2,0,1,1,0,0,0,USA
EUA_MLS,2026,27/09/2026,Atlanta Utd,New York City,2,2,0,0,0,0,4,0,1,1,1,0,1,USA
EUA_MLS,2026,27/09/2026,CF Montreal,FC Cincinnati,3,1,0,0,0,0,4,0,1,1,1,0,1,USA
EUA_MLS,2026,27/09/2026,Charlotte,Chicago Fire,0,1,0,0,0,0,1,0,1,0,0,0,0,USA
EUA_MLS,2026,27/09/2026,Philadelphia Union,Orlando City,4,2,0,0,0,0,6,0,1,1,1,0,1,USA
EUA_MLS,2026,27/09/2026,Austin FC,San Diego FC,3,3,0,0,0,0,6,0,1,1,1,0,1,USA
EUA_MLS,2026,27/09/2026,FC Dallas,Los Angeles FC,1,0,0,0,0,0,1,0,1,0,0,0,0,USA
EUA_MLS,2026,27/09/2026,Houston Dynamo,Sporting Kansas City,0,2,0,0,0,0,2,0,1,1,0,0,0,USA
EUA_MLS,2026,27/09/2026,Nashville SC,Toronto FC,2,0,0,0,0,0,2,0,1,1,0,0,0,USA
EUA_MLS,2026,27/09/2026,Seattle Sounders,Minnesota United,3,1,0,0,0,0,4,0,1,1,1,0,1,USA
EUA_MLS,2026,27/09/2026,Real Salt Lake,New England Revolution,3,0,0,0,0,0,3,0,1,1,1,0,0,USA
EUA_MLS,2026,27/09/2026,Los Angeles Galaxy,Colorado Rapids,3,2,0,0,0,0,5,0,1,1,1,0,1,USA
EUA_MLS,2026,27/09/2026,San Jose Earthquakes,Portland Timbers,3,1,0,0,0,0,4,0,1,1,1,0,1,USA
EUA_MLS,2026,27/09/2026,Vancouver Whitecaps,DC United,3,3,0,0,0,0,6,0,1,1,1,0,1,USA
EUA_MLS,2026,28/09/2026,Columbus Crew,Inter Miami,2,1,0,0,0,0,3,0,1,1,1,0,1,USA
EUA_MLS,2026,01/10/2026,New York Red Bulls,St. Louis City,0,3,0,0,0,0,3,0,1,1,1,0,0,USA
EUA_MLS,2026,02/10/2026,Seattle Sounders,Sporting Kansas City,2,1,0,0,0,0,3,0,1,1,1,0,1,USA
Suecia_Allsvenskan,2026,04/04/2026,Degerfors,Sirius,0,3,0,0,0,0,3,0,1,1,1,0,0,Sweden
Suecia_Allsvenskan,2026,04/04/2026,Hammarby,Mjallby,3,0,0,0,0,0,3,0,1,1,1,0,0,Sweden
Suecia_Allsvenskan,2026,05/04/2026,AIK,Halmstad,2,1,0,0,0,0,3,0,1,1,1,0,1,Sweden
Suecia_Allsvenskan,2026,05/04/2026,Kalmar,Vasteras SK,0,1,0,0,0,0,1,0,1,0,0,0,0,Sweden
Suecia_Allsvenskan,2026,05/04/2026,Orgryte,Malmo FF,1,1,0,0,0,0,2,0,1,1,0,0,1,Sweden
Suecia_Allsvenskan,2026,06/04/2026,Elfsborg,Goteborg,2,0,0,0,0,0,2,0,1,1,0,0,0,Sweden
Suecia_Allsvenskan,2026,06/04/2026,Hacken,Brommapojkarna,2,2,0,0,0,0,4,0,1,1,1,0,1,Sweden
Suecia_Allsvenskan,2026,06/04/2026,GAIS,Djurgarden,0,1,0,0,0,0,1,0,1,0,0,0,0,Sweden
Suecia_Allsvenskan,2026,11/04/2026,Goteborg,Hacken,0,2,0,0,0,0,2,0,1,1,0,0,0,Sweden
Suecia_Allsvenskan,2026,11/04/2026,Mjallby,Orgryte,0,2,0,0,0,0,2,0,1,1,0,0,0,Sweden
Suecia_Allsvenskan,2026,11/04/2026,Vasteras SK,Elfsborg,2,2,0,0,0,0,4,0,1,1,1,0,1,Sweden
Suecia_Allsvenskan,2026,12/04/2026,Djurgarden,Kalmar,3,2,0,0,0,0,5,0,1,1,1,0,1,Sweden
Suecia_Allsvenskan,2026,12/04/2026,Halmstad,Degerfors,0,3,0,0,0,0,3,0,1,1,1,0,0,Sweden
Suecia_Allsvenskan,2026,12/04/2026,Malmo FF,GAIS,3,1,0,0,0,0,4,0,1,1,1,0,1,Sweden
Suecia_Allsvenskan,2026,13/04/2026,Brommapojkarna,AIK,2,2,0,0,0,0,4,0,1,1,1,0,1,Sweden
Suecia_Allsvenskan,2026,13/04/2026,Sirius,Hammarby,2,0,0,0,0,0,2,0,1,1,0,0,0,Sweden
Suecia_Allsvenskan,2026,17/04/2026,Degerfors,Elfsborg,0,1,0,0,0,0,1,0,1,0,0,0,0,Sweden
Suecia_Allsvenskan,2026,17/04/2026,Djurgarden,Malmo FF,0,1,0,0,0,0,1,0,1,0,0,0,0,Sweden
Suecia_Allsvenskan,2026,18/04/2026,Halmstad,Goteborg,1,1,0,0,0,0,2,0,1,1,0,0,1,Sweden
Suecia_Allsvenskan,2026,18/04/2026,Hammarby,Orgryte,8,1,0,0,0,0,9,0,1,1,1,0,1,Sweden
Suecia_Allsvenskan,2026,18/04/2026,Mjallby,Brommapojkarna,3,0,0,0,0,0,3,0,1,1,1,0,0,Sweden
Suecia_Allsvenskan,2026,18/04/2026,Sirius,Vasteras SK,4,1,0,0,0,0,5,0,1,1,1,0,1,Sweden
Suecia_Allsvenskan,2026,19/04/2026,AIK,Kalmar,1,0,0,0,0,0,1,0,1,0,0,0,0,Sweden
Suecia_Allsvenskan,2026,19/04/2026,Hacken,GAIS,2,1,0,0,0,0,3,0,1,1,1,0,1,Sweden
Suecia_Allsvenskan,2026,22/04/2026,Elfsborg,Djurgarden,2,1,0,0,0,0,3,0,1,1,1,0,1,Sweden
Suecia_Allsvenskan,2026,22/04/2026,Hammarby,Halmstad,1,1,0,0,0,0,2,0,1,1,0,0,1,Sweden
Suecia_Allsvenskan,2026,22/04/2026,Orgryte,Brommapojkarna,1,2,0,0,0,0,3,0,1,1,1,0,1,Sweden
Suecia_Allsvenskan,2026,22/04/2026,Vasteras SK,Hacken,3,3,0,0,0,0,6,0,1,1,1,0,1,Sweden
Suecia_Allsvenskan,2026,23/04/2026,Degerfors,AIK,2,1,0,0,0,0,3,0,1,1,1,0,1,Sweden
Suecia_Allsvenskan,2026,23/04/2026,GAIS,Mjallby,0,0,0,0,0,0,0,0,0,0,0,0,0,Sweden
Suecia_Allsvenskan,2026,23/04/2026,Kalmar,Goteborg,1,1,0,0,0,0,2,0,1,1,0,0,1,Sweden
Suecia_Allsvenskan,2026,23/04/2026,Malmo FF,Sirius,2,3,0,0,0,0,5,0,1,1,1,0,1,Sweden
Suecia_Allsvenskan,2026,26/04/2026,Djurgarden,Hammarby,1,1,0,0,0,0,2,0,1,1,0,0,1,Sweden
Suecia_Allsvenskan,2026,26/04/2026,Brommapojkarna,Vasteras SK,1,2,0,0,0,0,3,0,1,1,1,0,1,Sweden
Suecia_Allsvenskan,2026,26/04/2026,Goteborg,GAIS,2,2,0,0,0,0,4,0,1,1,1,0,1,Sweden
Suecia_Allsvenskan,2026,27/04/2026,AIK,Malmo FF,0,1,0,0,0,0,1,0,1,0,0,0,0,Sweden
Suecia_Allsvenskan,2026,27/04/2026,Hacken,Sirius,2,2,0,0,0,0,4,0,1,1,1,0,1,Sweden
Suecia_Allsvenskan,2026,27/04/2026,Kalmar,Elfsborg,2,1,0,0,0,0,3,0,1,1,1,0,1,Sweden
Suecia_Allsvenskan,2026,27/04/2026,Mjallby,Halmstad,2,0,0,0,0,0,2,0,1,1,0,0,0,Sweden
Suecia_Allsvenskan,2026,27/04/2026,Orgryte,Degerfors,1,1,0,0,0,0,2,0,1,1,0,0,1,Sweden
Suecia_Allsvenskan,2026,02/05/2026,Degerfors,Hacken,1,1,0,0,0,0,2,0,1,1,0,0,1,Sweden
Suecia_Allsvenskan,2026,02/05/2026,Sirius,Kalmar,3,2,0,0,0,0,5,0,1,1,1,0,1,Sweden
Suecia_Allsvenskan,2026,03/05/2026,Hammarby,Vasteras SK,3,0,0,0,0,0,3,0,1,1,1,0,0,Sweden
Suecia_Allsvenskan,2026,03/05/2026,Malmo FF,Mjallby,2,3,0,0,0,0,5,0,1,1,1,0,1,Sweden
Suecia_Allsvenskan,2026,03/05/2026,Elfsborg,AIK,1,1,0,0,0,0,2,0,1,1,0,0,1,Sweden
Suecia_Allsvenskan,2026,03/05/2026,GAIS,Orgryte,4,0,0,0,0,0,4,0,1,1,1,0,0,Sweden
Suecia_Allsvenskan,2026,04/05/2026,Djurgarden,Goteborg,6,0,0,0,0,0,6,0,1,1,1,0,0,Sweden
Suecia_Allsvenskan,2026,04/05/2026,Halmstad,Brommapojkarna,1,3,0,0,0,0,4,0,1,1,1,0,1,Sweden
Suecia_Allsvenskan,2026,08/05/2026,Elfsborg,Brommapojkarna,2,0,0,0,0,0,2,0,1,1,0,0,0,Sweden
Suecia_Allsvenskan,2026,09/05/2026,Degerfors,Mjallby,1,4,0,0,0,0,5,0,1,1,1,0,1,Sweden
Suecia_Allsvenskan,2026,09/05/2026,Goteborg,Hammarby,0,1,0,0,0,0,1,0,1,0,0,0,0,Sweden
Suecia_Allsvenskan,2026,09/05/2026,Vasteras SK,GAIS,0,1,0,0,0,0,1,0,1,0,0,0,0,Sweden
Suecia_Allsvenskan,2026,10/05/2026,AIK,Djurgarden,2,4,0,0,0,0,6,0,1,1,1,0,1,Sweden
Suecia_Allsvenskan,2026,10/05/2026,Kalmar,Halmstad,2,0,0,0,0,0,2,0,1,1,0,0,0,Sweden
Suecia_Allsvenskan,2026,10/05/2026,Hacken,Malmo FF,3,2,0,0,0,0,5,0,1,1,1,0,1,Sweden
Suecia_Allsvenskan,2026,11/05/2026,Sirius,Orgryte,2,0,0,0,0,0,2,0,1,1,0,0,0,Sweden
Suecia_Allsvenskan,2026,16/05/2026,GAIS,Degerfors,1,1,0,0,0,0,2,0,1,1,0,0,1,Sweden
Suecia_Allsvenskan,2026,16/05/2026,Halmstad,Elfsborg,1,1,0,0,0,0,2,0,1,1,0,0,1,Sweden
Suecia_Allsvenskan,2026,17/05/2026,Brommapojkarna,Kalmar,1,0,0,0,0,0,1,0,1,0,0,0,0,Sweden
Suecia_Allsvenskan,2026,17/05/2026,Hammarby,Malmo FF,4,1,0,0,0,0,5,0,1,1,1,0,1,Sweden
Suecia_Allsvenskan,2026,17/05/2026,Mjallby,Hacken,0,1,0,0,0,0,1,0,1,0,0,0,0,Sweden
Suecia_Allsvenskan,2026,17/05/2026,Vasteras SK,AIK,1,1,0,0,0,0,2,0,1,1,0,0,1,Sweden
Suecia_Allsvenskan,2026,18/05/2026,Djurgarden,Sirius,2,3,0,0,0,0,5,0,1,1,1,0,1,Sweden
Suecia_Allsvenskan,2026,19/05/2026,Orgryte,Goteborg,2,3,0,0,0,0,5,0,1,1,1,0,1,Sweden
Suecia_Allsvenskan,2026,20/05/2026,GAIS,Hammarby,2,0,0,0,0,0,2,0,1,1,0,0,0,Sweden
Suecia_Allsvenskan,2026,21/05/2026,Elfsborg,Mjallby,1,1,0,0,0,0,2,0,1,1,0,0,1,Sweden
Suecia_Allsvenskan,2026,22/05/2026,Djurgarden,Brommapojkarna,1,2,0,0,0,0,3,0,1,1,1,0,1,Sweden
Suecia_Allsvenskan,2026,23/05/2026,Halmstad,Orgryte,2,0,0,0,0,0,2,0,1,1,0,0,0,Sweden
Suecia_Allsvenskan,2026,23/05/2026,Kalmar,Degerfors,2,1,0,0,0,0,3,0,1,1,1,0,1,Sweden
Suecia_Allsvenskan,2026,24/05/2026,Hammarby,AIK,1,2,0,0,0,0,3,0,1,1,1,0,1,Sweden
Suecia_Allsvenskan,2026,24/05/2026,Sirius,GAIS,2,1,0,0,0,0,3,0,1,1,1,0,1,Sweden
Suecia_Allsvenskan,2026,24/05/2026,Malmo FF,Vasteras SK,2,3,0,0,0,0,5,0,1,1,1,0,1,Sweden
Suecia_Allsvenskan,2026,25/05/2026,Elfsborg,Hacken,1,1,0,0,0,0,2,0,1,1,0,0,1,Sweden
Suecia_Allsvenskan,2026,25/05/2026,Goteborg,Mjallby,1,1,0,0,0,0,2,0,1,1,0,0,1,Sweden
Suecia_Allsvenskan,2026,29/05/2026,Orgryte,Elfsborg,2,2,0,0,0,0,4,0,1,1,1,0,1,Sweden
Suecia_Allsvenskan,2026,30/05/2026,AIK,Sirius,0,3,0,0,0,0,3,0,1,1,1,0,0,Sweden
Suecia_Allsvenskan,2026,30/05/2026,GAIS,Kalmar,3,0,0,0,0,0,3,0,1,1,1,0,0,Sweden
Suecia_Allsvenskan,2026,30/05/2026,Malmo FF,Halmstad,5,2,0,0,0,0,7,0,1,1,1,0,1,Sweden
Suecia_Allsvenskan,2026,31/05/2026,Degerfors,Brommapojkarna,2,2,0,0,0,0,4,0,1,1,1,0,1,Sweden
Suecia_Allsvenskan,2026,31/05/2026,Hacken,Hammarby,3,2,0,0,0,0,5,0,1,1,1,0,1,Sweden
Suecia_Allsvenskan,2026,31/05/2026,Vasteras SK,Goteborg,4,5,0,0,0,0,9,0,1,1,1,0,1,Sweden
Suecia_Allsvenskan,2026,03/07/2026,Sirius,Mjallby,4,4,0,0,0,0,8,0,1,1,1,0,1,Sweden
Suecia_Allsvenskan,2026,04/07/2026,Degerfors,Malmo FF,0,1,0,0,0,0,1,0,1,0,0,0,0,Sweden
Suecia_Allsvenskan,2026,04/07/2026,Halmstad,Vasteras SK,1,3,0,0,0,0,4,0,1,1,1,0,1,Sweden
Suecia_Allsvenskan,2026,05/07/2026,Goteborg,AIK,1,2,0,0,0,0,3,0,1,1,1,0,1,Sweden
Suecia_Allsvenskan,2026,05/07/2026,Kalmar,Orgryte,3,0,0,0,0,0,3,0,1,1,1,0,0,Sweden
Suecia_Allsvenskan,2026,05/07/2026,Elfsborg,Hammarby,1,2,0,0,0,0,3,0,1,1,1,0,1,Sweden
Suecia_Allsvenskan,2026,06/07/2026,Brommapojkarna,GAIS,1,1,0,0,0,0,2,0,1,1,0,0,1,Sweden
Suecia_Allsvenskan,2026,06/07/2026,Hacken,Djurgarden,2,4,0,0,0,0,6,0,1,1,1,0,1,Sweden
Suecia_Allsvenskan,2026,11/07/2026,Mjallby,AIK,1,2,0,0,0,0,3,0,1,1,1,0,1,Sweden
Suecia_Allsvenskan,2026,11/07/2026,Orgryte,Hacken,4,3,0,0,0,0,7,0,1,1,1,0,1,Sweden
Suecia_Allsvenskan,2026,12/07/2026,Hammarby,Kalmar,2,0,0,0,0,0,2,0,1,1,0,0,0,Sweden
Suecia_Allsvenskan,2026,12/07/2026,Malmo FF,Goteborg,4,0,0,0,0,0,4,0,1,1,1,0,0,Sweden
Suecia_Allsvenskan,2026,12/07/2026,Vasteras SK,Degerfors,2,0,0,0,0,0,2,0,1,1,0,0,0,Sweden
Suecia_Allsvenskan,2026,12/07/2026,Brommapojkarna,Sirius,1,2,0,0,0,0,3,0,1,1,1,0,1,Sweden
Suecia_Allsvenskan,2026,12/07/2026,GAIS,Elfsborg,1,0,0,0,0,0,1,0,1,0,0,0,0,Sweden
Suecia_Allsvenskan,2026,13/07/2026,Djurgarden,Halmstad,3,0,0,0,0,0,3,0,1,1,1,0,0,Sweden
Suecia_Allsvenskan,2026,17/07/2026,Goteborg,Brommapojkarna,2,1,0,0,0,0,3,0,1,1,1,0,1,Sweden
Suecia_Allsvenskan,2026,17/07/2026,Mjallby,Vasteras SK,0,0,0,0,0,0,0,0,0,0,0,0,0,Sweden
Suecia_Allsvenskan,2026,18/07/2026,AIK,GAIS,2,0,0,0,0,0,2,0,1,1,0,0,0,Sweden
Suecia_Allsvenskan,2026,19/07/2026,Elfsborg,Sirius,1,3,0,0,0,0,4,0,1,1,1,0,1,Sweden
Suecia_Allsvenskan,2026,19/07/2026,Halmstad,Hacken,0,2,0,0,0,0,2,0,1,1,0,0,0,Sweden
Suecia_Allsvenskan,2026,19/07/2026,Hammarby,Degerfors,4,0,0,0,0,0,4,0,1,1,1,0,0,Sweden
Suecia_Allsvenskan,2026,20/07/2026,Kalmar,Malmo FF,2,2,0,0,0,0,4,0,1,1,1,0,1,Sweden
Suecia_Allsvenskan,2026,20/07/2026,Orgryte,Djurgarden,0,0,0,0,0,0,0,0,0,0,0,0,0,Sweden
Suecia_Allsvenskan,2026,24/07/2026,Vasteras SK,Orgryte,2,0,0,0,0,0,2,0,1,1,0,0,0,Sweden
Suecia_Allsvenskan,2026,25/07/2026,Degerfors,Djurgarden,0,1,0,0,0,0,1,0,1,0,0,0,0,Sweden
Suecia_Allsvenskan,2026,25/07/2026,Kalmar,Mjallby,2,1,0,0,0,0,3,0,1,1,1,0,1,Sweden
Suecia_Allsvenskan,2026,26/07/2026,Brommapojkarna,Hammarby,1,1,0,0,0,0,2,0,1,1,0,0,1,Sweden
Suecia_Allsvenskan,2026,26/07/2026,Sirius,Goteborg,4,1,0,0,0,0,5,0,1,1,1,0,1,Sweden
Suecia_Allsvenskan,2026,26/07/2026,GAIS,Halmstad,1,1,0,0,0,0,2,0,1,1,0,0,1,Sweden
Suecia_Allsvenskan,2026,26/07/2026,Malmo FF,Elfsborg,1,2,0,0,0,0,3,0,1,1,1,0,1,Sweden
Suecia_Allsvenskan,2026,27/07/2026,Hacken,AIK,0,0,0,0,0,0,0,0,0,0,0,0,0,Sweden
Suecia_Allsvenskan,2026,01/08/2026,Hacken,Kalmar,1,1,0,0,0,0,2,0,1,1,0,0,1,Sweden
Suecia_Allsvenskan,2026,02/08/2026,Brommapojkarna,Malmo FF,1,2,0,0,0,0,3,0,1,1,1,0,1,Sweden
Suecia_Allsvenskan,2026,02/08/2026,Goteborg,Degerfors,2,0,0,0,0,0,2,0,1,1,0,0,0,Sweden
Suecia_Allsvenskan,2026,02/08/2026,AIK,Orgryte,0,3,0,0,0,0,3,0,1,1,1,0,0,Sweden
Suecia_Allsvenskan,2026,03/08/2026,Djurgarden,Vasteras SK,6,0,0,0,0,0,6,0,1,1,1,0,0,Sweden
Suecia_Allsvenskan,2026,03/08/2026,Halmstad,Sirius,0,2,0,0,0,0,2,0,1,1,0,0,0,Sweden
Suecia_Allsvenskan,2026,08/08/2026,Orgryte,AIK,3,4,0,0,0,0,7,0,1,1,1,0,1,Sweden
Suecia_Allsvenskan,2026,08/08/2026,Mjallby,Elfsborg,0,1,0,0,0,0,1,0,1,0,0,0,0,Sweden
Suecia_Allsvenskan,2026,09/08/2026,Hammarby,Hacken,3,0,0,0,0,0,3,0,1,1,1,0,0,Sweden
Suecia_Allsvenskan,2026,09/08/2026,Malmo FF,Degerfors,1,2,0,0,0,0,3,0,1,1,1,0,1,Sweden
Suecia_Allsvenskan,2026,09/08/2026,Goteborg,Kalmar,3,2,0,0,0,0,5,0,1,1,1,0,1,Sweden
Suecia_Allsvenskan,2026,09/08/2026,Halmstad,GAIS,0,2,0,0,0,0,2,0,1,1,0,0,0,Sweden
Suecia_Allsvenskan,2026,10/08/2026,Sirius,Brommapojkarna,2,2,0,0,0,0,4,0,1,1,1,0,1,Sweden
Suecia_Allsvenskan,2026,10/08/2026,Vasteras SK,Djurgarden,1,0,0,0,0,0,1,0,1,0,0,0,0,Sweden
Suecia_Allsvenskan,2026,14/08/2026,Elfsborg,Vasteras SK,3,0,0,0,0,0,3,0,1,1,1,0,0,Sweden
Suecia_Allsvenskan,2026,15/08/2026,Mjallby,Sirius,4,3,0,0,0,0,7,0,1,1,1,0,1,Sweden
Suecia_Allsvenskan,2026,16/08/2026,Brommapojkarna,Orgryte,3,1,0,0,0,0,4,0,1,1,1,0,1,Sweden
Suecia_Allsvenskan,2026,16/08/2026,Degerfors,Goteborg,3,0,0,0,0,0,3,0,1,1,1,0,0,Sweden
Suecia_Allsvenskan,2026,16/08/2026,Djurgarden,AIK,1,3,0,0,0,0,4,0,1,1,1,0,1,Sweden
Suecia_Allsvenskan,2026,16/08/2026,GAIS,Malmo FF,0,1,0,0,0,0,1,0,1,0,0,0,0,Sweden
Suecia_Allsvenskan,2026,16/08/2026,Kalmar,Hammarby,0,4,0,0,0,0,4,0,1,1,1,0,0,Sweden
Suecia_Allsvenskan,2026,17/08/2026,Hacken,Halmstad,1,0,0,0,0,0,1,0,1,0,0,0,0,Sweden
Suecia_Allsvenskan,2026,21/08/2026,Sirius,Hacken,0,3,0,0,0,0,3,0,1,1,1,0,0,Sweden
Suecia_Allsvenskan,2026,22/08/2026,Orgryte,Halmstad,1,1,0,0,0,0,2,0,1,1,0,0,1,Sweden
Suecia_Allsvenskan,2026,23/08/2026,Goteborg,Elfsborg,1,1,0,0,0,0,2,0,1,1,0,0,1,Sweden
Suecia_Allsvenskan,2026,23/08/2026,Vasteras SK,Kalmar,0,0,0,0,0,0,0,0,0,0,0,0,0,Sweden
Suecia_Allsvenskan,2026,23/08/2026,Brommapojkarna,Degerfors,2,0,0,0,0,0,2,0,1,1,0,0,0,Sweden
Suecia_Allsvenskan,2026,23/08/2026,Hammarby,GAIS,2,0,0,0,0,0,2,0,1,1,0,0,0,Sweden
Suecia_Allsvenskan,2026,24/08/2026,Malmo FF,Djurgarden,0,3,0,0,0,0,3,0,1,1,1,0,0,Sweden
Suecia_Allsvenskan,2026,29/08/2026,Elfsborg,Degerfors,2,0,0,0,0,0,2,0,1,1,0,0,0,Sweden
Suecia_Allsvenskan,2026,29/08/2026,Hacken,Vasteras SK,1,3,0,0,0,0,4,0,1,1,1,0,1,Sweden
Suecia_Allsvenskan,2026,29/08/2026,Halmstad,Kalmar,1,0,0,0,0,0,1,0,1,0,0,0,0,Sweden
Suecia_Allsvenskan,2026,30/08/2026,AIK,Hammarby,3,2,0,0,0,0,5,0,1,1,1,0,1,Sweden
Suecia_Allsvenskan,2026,30/08/2026,Goteborg,Orgryte,1,0,0,0,0,0,1,0,1,0,0,0,0,Sweden
Suecia_Allsvenskan,2026,31/08/2026,Djurgarden,Mjallby,4,0,0,0,0,0,4,0,1,1,1,0,0,Sweden
Suecia_Allsvenskan,2026,31/08/2026,GAIS,Brommapojkarna,4,0,0,0,0,0,4,0,1,1,1,0,0,Sweden
Suecia_Allsvenskan,2026,31/08/2026,Sirius,Malmo FF,0,1,0,0,0,0,1,0,1,0,0,0,0,Sweden
Suecia_Allsvenskan,2026,03/09/2026,Mjallby,Djurgarden,0,2,0,0,0,0,2,0,1,1,0,0,0,Sweden
Suecia_Allsvenskan,2026,05/09/2026,Degerfors,Halmstad,2,0,0,0,0,0,2,0,1,1,0,0,0,Sweden
Suecia_Allsvenskan,2026,05/09/2026,GAIS,Hacken,0,0,0,0,0,0,0,0,0,0,0,0,0,Sweden
Suecia_Allsvenskan,2026,05/09/2026,Vasteras SK,Sirius,0,1,0,0,0,0,1,0,1,0,0,0,0,Sweden
Suecia_Allsvenskan,2026,06/09/2026,Orgryte,Hammarby,1,1,0,0,0,0,2,0,1,1,0,0,1,Sweden
Suecia_Allsvenskan,2026,06/09/2026,Brommapojkarna,Elfsborg,2,1,0,0,0,0,3,0,1,1,1,0,1,Sweden
Suecia_Allsvenskan,2026,07/09/2026,Kalmar,Djurgarden,0,1,0,0,0,0,1,0,1,0,0,0,0,Sweden
Suecia_Allsvenskan,2026,07/09/2026,Malmo FF,AIK,0,0,0,0,0,0,0,0,0,0,0,0,0,Sweden
Suecia_Allsvenskan,2026,07/09/2026,Mjallby,Goteborg,1,4,0,0,0,0,5,0,1,1,1,0,1,Sweden
Suecia_Allsvenskan,2026,11/09/2026,Hacken,Mjallby,1,1,0,0,0,0,2,0,1,1,0,0,1,Sweden
Suecia_Allsvenskan,2026,12/09/2026,AIK,Vasteras SK,1,4,0,0,0,0,5,0,1,1,1,0,1,Sweden
Suecia_Allsvenskan,2026,12/09/2026,Goteborg,Halmstad,2,1,0,0,0,0,3,0,1,1,1,0,1,Sweden
Suecia_Allsvenskan,2026,13/09/2026,Elfsborg,Kalmar,1,0,0,0,0,0,1,0,1,0,0,0,0,Sweden
Suecia_Allsvenskan,2026,13/09/2026,Hammarby,Brommapojkarna,3,1,0,0,0,0,4,0,1,1,1,0,1,Sweden
Suecia_Allsvenskan,2026,13/09/2026,Malmo FF,Orgryte,4,1,0,0,0,0,5,0,1,1,1,0,1,Sweden
Suecia_Allsvenskan,2026,14/09/2026,Djurgarden,GAIS,2,0,0,0,0,0,2,0,1,1,0,0,0,Sweden
Suecia_Allsvenskan,2026,14/09/2026,Sirius,Degerfors,2,0,0,0,0,0,2,0,1,1,0,0,0,Sweden
Suecia_Allsvenskan,2026,16/09/2026,AIK,Mjallby,1,1,0,0,0,0,2,0,1,1,0,0,1,Sweden
Suecia_Allsvenskan,2026,19/09/2026,Brommapojkarna,Goteborg,0,1,0,0,0,0,1,0,1,0,0,0,0,Sweden
Suecia_Allsvenskan,2026,19/09/2026,Vasteras SK,Malmo FF,2,0,0,0,0,0,2,0,1,1,0,0,0,Sweden
Suecia_Allsvenskan,2026,19/09/2026,Orgryte,Sirius,1,2,0,0,0,0,3,0,1,1,1,0,1,Sweden
Suecia_Allsvenskan,2026,20/09/2026,Djurgarden,Elfsborg,1,2,0,0,0,0,3,0,1,1,1,0,1,Sweden
Suecia_Allsvenskan,2026,20/09/2026,Halmstad,AIK,2,1,0,0,0,0,3,0,1,1,1,0,1,Sweden
Suecia_Allsvenskan,2026,20/09/2026,Kalmar,Hacken,0,5,0,0,0,0,5,0,1,1,1,0,0,Sweden
Suecia_Allsvenskan,2026,20/09/2026,Degerfors,Hammarby,0,1,0,0,0,0,1,0,1,0,0,0,0,Sweden
Suecia_Allsvenskan,2026,20/09/2026,Mjallby,GAIS,0,3,0,0,0,0,3,0,1,1,1,0,0,Sweden
Brasil_Serie_A,2026,28/01/2026,Atletico-MG,Palmeiras,2,2,0,0,0,0,4,0,1,1,1,0,1,Brazil
Brasil_Serie_A,2026,28/01/2026,Coritiba,Bragantino,0,1,0,0,0,0,1,0,1,0,0,0,0,Brazil
Brasil_Serie_A,2026,28/01/2026,Internacional,Athletico-PR,0,1,0,0,0,0,1,0,1,0,0,0,0,Brazil
Brasil_Serie_A,2026,28/01/2026,Vitoria,Remo,2,0,0,0,0,0,2,0,1,1,0,0,0,Brazil
Brasil_Serie_A,2026,28/01/2026,Fluminense,Gremio,2,1,0,0,0,0,3,0,1,1,1,0,1,Brazil
Brasil_Serie_A,2026,28/01/2026,Chapecoense-SC,Santos,4,2,0,0,0,0,6,0,1,1,1,0,1,Brazil
Brasil_Serie_A,2026,28/01/2026,Corinthians,Bahia,1,2,0,0,0,0,3,0,1,1,1,0,1,Brazil
Brasil_Serie_A,2026,29/01/2026,Sao Paulo,Flamengo RJ,2,1,0,0,0,0,3,0,1,1,1,0,1,Brazil
Brasil_Serie_A,2026,29/01/2026,Mirassol,Vasco,2,1,0,0,0,0,3,0,1,1,1,0,1,Brazil
Brasil_Serie_A,2026,30/01/2026,Botafogo RJ,Cruzeiro,4,0,0,0,0,0,4,0,1,1,1,0,0,Brazil
Brasil_Serie_A,2026,04/02/2026,Bragantino,Atletico-MG,1,0,0,0,0,0,1,0,1,0,0,0,0,Brazil
Brasil_Serie_A,2026,04/02/2026,Flamengo RJ,Internacional,1,1,0,0,0,0,2,0,1,1,0,0,1,Brazil
Brasil_Serie_A,2026,04/02/2026,Remo,Mirassol,2,2,0,0,0,0,4,0,1,1,1,0,1,Brazil
Brasil_Serie_A,2026,04/02/2026,Santos,Sao Paulo,1,1,0,0,0,0,2,0,1,1,0,0,1,Brazil
Brasil_Serie_A,2026,05/02/2026,Gremio,Botafogo RJ,5,3,0,0,0,0,8,0,1,1,1,0,1,Brazil
Brasil_Serie_A,2026,05/02/2026,Palmeiras,Vitoria,5,1,0,0,0,0,6,0,1,1,1,0,1,Brazil
Brasil_Serie_A,2026,05/02/2026,Bahia,Fluminense,1,1,0,0,0,0,2,0,1,1,0,0,1,Brazil
Brasil_Serie_A,2026,05/02/2026,Vasco,Chapecoense-SC,1,1,0,0,0,0,2,0,1,1,0,0,1,Brazil
Brasil_Serie_A,2026,06/02/2026,Cruzeiro,Coritiba,1,2,0,0,0,0,3,0,1,1,1,0,1,Brazil
Brasil_Serie_A,2026,11/02/2026,Vitoria,Flamengo RJ,1,2,0,0,0,0,3,0,1,1,1,0,1,Brazil
Brasil_Serie_A,2026,11/02/2026,Chapecoense-SC,Coritiba,3,3,0,0,0,0,6,0,1,1,1,0,1,Brazil
Brasil_Serie_A,2026,11/02/2026,Mirassol,Cruzeiro,2,2,0,0,0,0,4,0,1,1,1,0,1,Brazil
Brasil_Serie_A,2026,11/02/2026,Atletico-MG,Remo,3,3,0,0,0,0,6,0,1,1,1,0,1,Brazil
Brasil_Serie_A,2026,12/02/2026,Sao Paulo,Gremio,2,0,0,0,0,0,2,0,1,1,0,0,0,Brazil
Brasil_Serie_A,2026,12/02/2026,Vasco,Bahia,0,1,0,0,0,0,1,0,1,0,0,0,0,Brazil
Brasil_Serie_A,2026,12/02/2026,Athletico-PR,Santos,2,1,0,0,0,0,3,0,1,1,1,0,1,Brazil
Brasil_Serie_A,2026,12/02/2026,Fluminense,Botafogo RJ,1,0,0,0,0,0,1,0,1,0,0,0,0,Brazil
Brasil_Serie_A,2026,12/02/2026,Corinthians,Bragantino,2,0,0,0,0,0,2,0,1,1,0,0,0,Brazil
Brasil_Serie_A,2026,13/02/2026,Internacional,Palmeiras,1,3,0,0,0,0,4,0,1,1,1,0,1,Brazil
Brasil_Serie_A,2026,19/02/2026,Athletico-PR,Corinthians,0,1,0,0,0,0,1,0,1,0,0,0,0,Brazil
Brasil_Serie_A,2026,25/02/2026,Bragantino,Athletico-PR,1,1,0,0,0,0,2,0,1,1,0,0,1,Brazil
Brasil_Serie_A,2026,25/02/2026,Remo,Internacional,1,1,0,0,0,0,2,0,1,1,0,0,1,Brazil
Brasil_Serie_A,2026,25/02/2026,Coritiba,Sao Paulo,0,1,0,0,0,0,1,0,1,0,0,0,0,Brazil
Brasil_Serie_A,2026,25/02/2026,Cruzeiro,Corinthians,1,1,0,0,0,0,2,0,1,1,0,0,1,Brazil
Brasil_Serie_A,2026,26/02/2026,Gremio,Atletico-MG,2,1,0,0,0,0,3,0,1,1,1,0,1,Brazil
Brasil_Serie_A,2026,26/02/2026,Palmeiras,Fluminense,2,1,0,0,0,0,3,0,1,1,1,0,1,Brazil
Brasil_Serie_A,2026,26/02/2026,Santos,Vasco,2,1,0,0,0,0,3,0,1,1,1,0,1,Brazil
Brasil_Serie_A,2026,11/03/2026,Mirassol,Santos,2,2,0,0,0,0,4,0,1,1,1,0,1,Brazil
Brasil_Serie_A,2026,11/03/2026,Atletico-MG,Internacional,1,0,0,0,0,0,1,0,1,0,0,0,0,Brazil
Brasil_Serie_A,2026,11/03/2026,Bahia,Vitoria,1,1,0,0,0,0,2,0,1,1,0,0,1,Brazil
Brasil_Serie_A,2026,12/03/2026,Corinthians,Coritiba,0,2,0,0,0,0,2,0,1,1,0,0,0,Brazil
Brasil_Serie_A,2026,12/03/2026,Flamengo RJ,Cruzeiro,2,0,0,0,0,0,2,0,1,1,0,0,0,Brazil
Brasil_Serie_A,2026,12/03/2026,Remo,Fluminense,0,2,0,0,0,0,2,0,1,1,0,0,0,Brazil
Brasil_Serie_A,2026,12/03/2026,Vasco,Palmeiras,2,1,0,0,0,0,3,0,1,1,1,0,1,Brazil
Brasil_Serie_A,2026,12/03/2026,Sao Paulo,Chapecoense-SC,2,0,0,0,0,0,2,0,1,1,0,0,0,Brazil
Brasil_Serie_A,2026,13/03/2026,Gremio,Bragantino,1,1,0,0,0,0,2,0,1,1,0,0,1,Brazil
Brasil_Serie_A,2026,14/03/2026,Vitoria,Atletico-MG,2,0,0,0,0,0,2,0,1,1,0,0,0,Brazil
Brasil_Serie_A,2026,14/03/2026,Botafogo RJ,Flamengo RJ,0,3,0,0,0,0,3,0,1,1,1,0,0,Brazil
Brasil_Serie_A,2026,15/03/2026,Fluminense,Athletico-PR,3,2,0,0,0,0,5,0,1,1,1,0,1,Brazil
Brasil_Serie_A,2026,15/03/2026,Internacional,Bahia,0,1,0,0,0,0,1,0,1,0,0,0,0,Brazil
Brasil_Serie_A,2026,15/03/2026,Santos,Corinthians,1,1,0,0,0,0,2,0,1,1,0,0,1,Brazil
Brasil_Serie_A,2026,15/03/2026,Coritiba,Remo,1,0,0,0,0,0,1,0,1,0,0,0,0,Brazil
Brasil_Serie_A,2026,15/03/2026,Palmeiras,Mirassol,1,0,0,0,0,0,1,0,1,0,0,0,0,Brazil
Brasil_Serie_A,2026,15/03/2026,Bragantino,Sao Paulo,1,2,0,0,0,0,3,0,1,1,1,0,1,Brazil
Brasil_Serie_A,2026,15/03/2026,Cruzeiro,Vasco,3,3,0,0,0,0,6,0,1,1,1,0,1,Brazil
Brasil_Serie_A,2026,16/03/2026,Chapecoense-SC,Gremio,1,1,0,0,0,0,2,0,1,1,0,0,1,Brazil
Brasil_Serie_A,2026,18/03/2026,Bahia,Bragantino,2,0,0,0,0,0,2,0,1,1,0,0,0,Brazil
Brasil_Serie_A,2026,18/03/2026,Palmeiras,Botafogo RJ,2,1,0,0,0,0,3,0,1,1,1,0,1,Brazil
Brasil_Serie_A,2026,18/03/2026,Athletico-PR,Cruzeiro,2,1,0,0,0,0,3,0,1,1,1,0,1,Brazil
Brasil_Serie_A,2026,18/03/2026,Atletico-MG,Sao Paulo,1,0,0,0,0,0,1,0,1,0,0,0,0,Brazil
Brasil_Serie_A,2026,18/03/2026,Mirassol,Coritiba,0,1,0,0,0,0,1,0,1,0,0,0,0,Brazil
Brasil_Serie_A,2026,19/03/2026,Santos,Internacional,1,2,0,0,0,0,3,0,1,1,1,0,1,Brazil
Brasil_Serie_A,2026,19/03/2026,Vasco,Fluminense,3,2,0,0,0,0,5,0,1,1,1,0,1,Brazil
Brasil_Serie_A,2026,19/03/2026,Gremio,Vitoria,2,0,0,0,0,0,2,0,1,1,0,0,0,Brazil
Brasil_Serie_A,2026,19/03/2026,Flamengo RJ,Remo,3,0,0,0,0,0,3,0,1,1,1,0,0,Brazil
Brasil_Serie_A,2026,20/03/2026,Chapecoense-SC,Corinthians,0,0,0,0,0,0,0,0,0,0,0,0,0,Brazil
Brasil_Serie_A,2026,21/03/2026,Bragantino,Botafogo RJ,1,2,0,0,0,0,3,0,1,1,1,0,1,Brazil
Brasil_Serie_A,2026,21/03/2026,Fluminense,Atletico-MG,1,0,0,0,0,0,1,0,1,0,0,0,0,Brazil
Brasil_Serie_A,2026,22/03/2026,Sao Paulo,Palmeiras,0,1,0,0,0,0,1,0,1,0,0,0,0,Brazil
Brasil_Serie_A,2026,22/03/2026,Athletico-PR,Coritiba,2,0,0,0,0,0,2,0,1,1,0,0,0,Brazil
Brasil_Serie_A,2026,22/03/2026,Cruzeiro,Santos,0,0,0,0,0,0,0,0,0,0,0,0,0,Brazil
Brasil_Serie_A,2026,22/03/2026,Remo,Bahia,4,1,0,0,0,0,5,0,1,1,1,0,1,Brazil
Brasil_Serie_A,2026,22/03/2026,Vasco,Gremio,2,1,0,0,0,0,3,0,1,1,1,0,1,Brazil
Brasil_Serie_A,2026,22/03/2026,Internacional,Chapecoense-SC,2,0,0,0,0,0,2,0,1,1,0,0,0,Brazil
Brasil_Serie_A,2026,22/03/2026,Vitoria,Mirassol,1,0,0,0,0,0,1,0,1,0,0,0,0,Brazil
Brasil_Serie_A,2026,22/03/2026,Corinthians,Flamengo RJ,1,1,0,0,0,0,2,0,1,1,0,0,1,Brazil
Brasil_Serie_A,2026,29/03/2026,Athletico-PR,Botafogo RJ,4,1,0,0,0,0,5,0,1,1,1,0,1,Brazil
Brasil_Serie_A,2026,01/04/2026,Botafogo RJ,Mirassol,3,2,0,0,0,0,5,0,1,1,1,0,1,Brazil
Brasil_Serie_A,2026,01/04/2026,Internacional,Sao Paulo,1,1,0,0,0,0,2,0,1,1,0,0,1,Brazil
Brasil_Serie_A,2026,02/04/2026,Bahia,Athletico-PR,3,0,0,0,0,0,3,0,1,1,1,0,0,Brazil
Brasil_Serie_A,2026,02/04/2026,Cruzeiro,Vitoria,3,0,0,0,0,0,3,0,1,1,1,0,0,Brazil
Brasil_Serie_A,2026,02/04/2026,Coritiba,Vasco,1,1,0,0,0,0,2,0,1,1,0,0,1,Brazil
Brasil_Serie_A,2026,02/04/2026,Fluminense,Corinthians,3,1,0,0,0,0,4,0,1,1,1,0,1,Brazil
Brasil_Serie_A,2026,02/04/2026,Chapecoense-SC,Atletico-MG,0,4,0,0,0,0,4,0,1,1,1,0,0,Brazil
Brasil_Serie_A,2026,02/04/2026,Santos,Remo,2,0,0,0,0,0,2,0,1,1,0,0,0,Brazil
Brasil_Serie_A,2026,03/04/2026,Bragantino,Flamengo RJ,3,0,0,0,0,0,3,0,1,1,1,0,0,Brazil
Brasil_Serie_A,2026,03/04/2026,Palmeiras,Gremio,2,1,0,0,0,0,3,0,1,1,1,0,1,Brazil
Brasil_Serie_A,2026,04/04/2026,Sao Paulo,Cruzeiro,4,1,0,0,0,0,5,0,1,1,1,0,1,Brazil
Brasil_Serie_A,2026,05/04/2026,Coritiba,Fluminense,1,1,0,0,0,0,2,0,1,1,0,0,1,Brazil
Brasil_Serie_A,2026,05/04/2026,Vasco,Botafogo RJ,1,2,0,0,0,0,3,0,1,1,1,0,1,Brazil
Brasil_Serie_A,2026,05/04/2026,Chapecoense-SC,Vitoria,1,1,0,0,0,0,2,0,1,1,0,0,1,Brazil
Brasil_Serie_A,2026,05/04/2026,Atletico-MG,Athletico-PR,2,1,0,0,0,0,3,0,1,1,1,0,1,Brazil
Brasil_Serie_A,2026,05/04/2026,Flamengo RJ,Santos,3,1,0,0,0,0,4,0,1,1,1,0,1,Brazil
Brasil_Serie_A,2026,05/04/2026,Bahia,Palmeiras,1,2,0,0,0,0,3,0,1,1,1,0,1,Brazil
Brasil_Serie_A,2026,05/04/2026,Corinthians,Internacional,0,1,0,0,0,0,1,0,1,0,0,0,0,Brazil
Brasil_Serie_A,2026,06/04/2026,Mirassol,Bragantino,0,1,0,0,0,0,1,0,1,0,0,0,0,Brazil
Brasil_Serie_A,2026,06/04/2026,Gremio,Remo,0,0,0,0,0,0,0,0,0,0,0,0,0,Brazil
Brasil_Serie_A,2026,11/04/2026,Remo,Vasco,1,1,0,0,0,0,2,0,1,1,0,0,1,Brazil
Brasil_Serie_A,2026,11/04/2026,Vitoria,Sao Paulo,2,0,0,0,0,0,2,0,1,1,0,0,0,Brazil
Brasil_Serie_A,2026,11/04/2026,Mirassol,Bahia,1,2,0,0,0,0,3,0,1,1,1,0,1,Brazil
Brasil_Serie_A,2026,12/04/2026,Santos,Atletico-MG,1,0,0,0,0,0,1,0,1,0,0,0,0,Brazil
Brasil_Serie_A,2026,12/04/2026,Internacional,Gremio,0,0,0,0,0,0,0,0,0,0,0,0,0,Brazil
Brasil_Serie_A,2026,12/04/2026,Athletico-PR,Chapecoense-SC,2,0,0,0,0,0,2,0,1,1,0,0,0,Brazil
Brasil_Serie_A,2026,12/04/2026,Botafogo RJ,Coritiba,2,2,0,0,0,0,4,0,1,1,1,0,1,Brazil
Brasil_Serie_A,2026,12/04/2026,Fluminense,Flamengo RJ,1,2,0,0,0,0,3,0,1,1,1,0,1,Brazil
Brasil_Serie_A,2026,12/04/2026,Corinthians,Palmeiras,0,0,0,0,0,0,0,0,0,0,0,0,0,Brazil
Brasil_Serie_A,2026,12/04/2026,Cruzeiro,Bragantino,2,1,0,0,0,0,3,0,1,1,1,0,1,Brazil
Brasil_Serie_A,2026,18/04/2026,Chapecoense-SC,Botafogo RJ,1,4,0,0,0,0,5,0,1,1,1,0,1,Brazil
Brasil_Serie_A,2026,18/04/2026,Vasco,Sao Paulo,2,1,0,0,0,0,3,0,1,1,1,0,1,Brazil
Brasil_Serie_A,2026,19/04/2026,Vitoria,Corinthians,0,0,0,0,0,0,0,0,0,0,0,0,0,Brazil
Brasil_Serie_A,2026,19/04/2026,Cruzeiro,Gremio,2,0,0,0,0,0,2,0,1,1,0,0,0,Brazil
Brasil_Serie_A,2026,19/04/2026,Internacional,Mirassol,1,2,0,0,0,0,3,0,1,1,1,0,1,Brazil
Brasil_Serie_A,2026,19/04/2026,Coritiba,Atletico-MG,2,0,0,0,0,0,2,0,1,1,0,0,0,Brazil
Brasil_Serie_A,2026,19/04/2026,Santos,Fluminense,2,3,0,0,0,0,5,0,1,1,1,0,1,Brazil
Brasil_Serie_A,2026,19/04/2026,Bragantino,Remo,4,2,0,0,0,0,6,0,1,1,1,0,1,Brazil
Brasil_Serie_A,2026,19/04/2026,Palmeiras,Athletico-PR,1,0,0,0,0,0,1,0,1,0,0,0,0,Brazil
Brasil_Serie_A,2026,19/04/2026,Flamengo RJ,Bahia,2,0,0,0,0,0,2,0,1,1,0,0,0,Brazil
Brasil_Serie_A,2026,25/04/2026,Bahia,Santos,2,2,0,0,0,0,4,0,1,1,1,0,1,Brazil
Brasil_Serie_A,2026,25/04/2026,Botafogo RJ,Internacional,2,2,0,0,0,0,4,0,1,1,1,0,1,Brazil
Brasil_Serie_A,2026,25/04/2026,Remo,Cruzeiro,0,1,0,0,0,0,1,0,1,0,0,0,0,Brazil
Brasil_Serie_A,2026,26/04/2026,Sao Paulo,Mirassol,1,0,0,0,0,0,1,0,1,0,0,0,0,Brazil
Brasil_Serie_A,2026,26/04/2026,Corinthians,Vasco,1,0,0,0,0,0,1,0,1,0,0,0,0,Brazil
Brasil_Serie_A,2026,26/04/2026,Gremio,Coritiba,1,0,0,0,0,0,1,0,1,0,0,0,0,Brazil
Brasil_Serie_A,2026,26/04/2026,Athletico-PR,Vitoria,3,1,0,0,0,0,4,0,1,1,1,0,1,Brazil
Brasil_Serie_A,2026,26/04/2026,Bragantino,Palmeiras,0,1,0,0,0,0,1,0,1,0,0,0,0,Brazil
Brasil_Serie_A,2026,27/04/2026,Atletico-MG,Flamengo RJ,0,4,0,0,0,0,4,0,1,1,1,0,0,Brazil
Brasil_Serie_A,2026,27/04/2026,Fluminense,Chapecoense-SC,2,1,0,0,0,0,3,0,1,1,1,0,1,Brazil
Brasil_Serie_A,2026,02/05/2026,Botafogo RJ,Remo,1,2,0,0,0,0,3,0,1,1,1,0,1,Brazil
Brasil_Serie_A,2026,02/05/2026,Palmeiras,Santos,1,1,0,0,0,0,2,0,1,1,0,0,1,Brazil
Brasil_Serie_A,2026,02/05/2026,Vitoria,Coritiba,4,1,0,0,0,0,5,0,1,1,1,0,1,Brazil
Brasil_Serie_A,2026,03/05/2026,Athletico-PR,Gremio,0,0,0,0,0,0,0,0,0,0,0,0,0,Brazil
Brasil_Serie_A,2026,03/05/2026,Cruzeiro,Atletico-MG,1,3,0,0,0,0,4,0,1,1,1,0,1,Brazil
Brasil_Serie_A,2026,03/05/2026,Flamengo RJ,Vasco,2,2,0,0,0,0,4,0,1,1,1,0,1,Brazil
Brasil_Serie_A,2026,03/05/2026,Sao Paulo,Bahia,2,2,0,0,0,0,4,0,1,1,1,0,1,Brazil
Brasil_Serie_A,2026,03/05/2026,Chapecoense-SC,Bragantino,1,2,0,0,0,0,3,0,1,1,1,0,1,Brazil
Brasil_Serie_A,2026,03/05/2026,Internacional,Fluminense,2,0,0,0,0,0,2,0,1,1,0,0,0,Brazil
Brasil_Serie_A,2026,04/05/2026,Mirassol,Corinthians,2,1,0,0,0,0,3,0,1,1,1,0,1,Brazil
Brasil_Serie_A,2026,09/05/2026,Coritiba,Internacional,2,2,0,0,0,0,4,0,1,1,1,0,1,Brazil
Brasil_Serie_A,2026,09/05/2026,Fluminense,Vitoria,2,2,0,0,0,0,4,0,1,1,1,0,1,Brazil
Brasil_Serie_A,2026,10/05/2026,Bahia,Cruzeiro,1,2,0,0,0,0,3,0,1,1,1,0,1,Brazil
Brasil_Serie_A,2026,10/05/2026,Atletico-MG,Botafogo RJ,1,1,0,0,0,0,2,0,1,1,0,0,1,Brazil
Brasil_Serie_A,2026,10/05/2026,Remo,Palmeiras,1,1,0,0,0,0,2,0,1,1,0,0,1,Brazil
Brasil_Serie_A,2026,10/05/2026,Corinthians,Sao Paulo,3,2,0,0,0,0,5,0,1,1,1,0,1,Brazil
Brasil_Serie_A,2026,10/05/2026,Mirassol,Chapecoense-SC,1,1,0,0,0,0,2,0,1,1,0,0,1,Brazil
Brasil_Serie_A,2026,10/05/2026,Santos,Bragantino,2,0,0,0,0,0,2,0,1,1,0,0,0,Brazil
Brasil_Serie_A,2026,10/05/2026,Gremio,Flamengo RJ,0,1,0,0,0,0,1,0,1,0,0,0,0,Brazil
Brasil_Serie_A,2026,11/05/2026,Vasco,Athletico-PR,1,0,0,0,0,0,1,0,1,0,0,0,0,Brazil
Brasil_Serie_A,2026,16/05/2026,Atletico-MG,Mirassol,3,1,0,0,0,0,4,0,1,1,1,0,1,Brazil
Brasil_Serie_A,2026,16/05/2026,Internacional,Vasco,4,1,0,0,0,0,5,0,1,1,1,0,1,Brazil
Brasil_Serie_A,2026,16/05/2026,Fluminense,Sao Paulo,2,1,0,0,0,0,3,0,1,1,1,0,1,Brazil
Brasil_Serie_A,2026,17/05/2026,Palmeiras,Cruzeiro,1,1,0,0,0,0,2,0,1,1,0,0,1,Brazil
Brasil_Serie_A,2026,17/05/2026,Santos,Coritiba,0,3,0,0,0,0,3,0,1,1,1,0,0,Brazil
Brasil_Serie_A,2026,17/05/2026,Bahia,Gremio,1,1,0,0,0,0,2,0,1,1,0,0,1,Brazil
Brasil_Serie_A,2026,17/05/2026,Botafogo RJ,Corinthians,3,1,0,0,0,0,4,0,1,1,1,0,1,Brazil
Brasil_Serie_A,2026,17/05/2026,Bragantino,Vitoria,2,0,0,0,0,0,2,0,1,1,0,0,0,Brazil
Brasil_Serie_A,2026,17/05/2026,Chapecoense-SC,Remo,2,3,0,0,0,0,5,0,1,1,1,0,1,Brazil
Brasil_Serie_A,2026,17/05/2026,Athletico-PR,Flamengo RJ,1,1,0,0,0,0,2,0,1,1,0,0,1,Brazil
Brasil_Serie_A,2026,23/05/2026,Sao Paulo,Botafogo RJ,1,1,0,0,0,0,2,0,1,1,0,0,1,Brazil
Brasil_Serie_A,2026,23/05/2026,Vitoria,Internacional,2,0,0,0,0,0,2,0,1,1,0,0,0,Brazil
Brasil_Serie_A,2026,23/05/2026,Gremio,Santos,3,2,0,0,0,0,5,0,1,1,1,0,1,Brazil
Brasil_Serie_A,2026,23/05/2026,Mirassol,Fluminense,1,0,0,0,0,0,1,0,1,0,0,0,0,Brazil
Brasil_Serie_A,2026,24/05/2026,Flamengo RJ,Palmeiras,0,3,0,0,0,0,3,0,1,1,1,0,0,Brazil
Brasil_Serie_A,2026,24/05/2026,Cruzeiro,Chapecoense-SC,2,1,0,0,0,0,3,0,1,1,1,0,1,Brazil
Brasil_Serie_A,2026,24/05/2026,Remo,Athletico-PR,1,2,0,0,0,0,3,0,1,1,1,0,1,Brazil
Brasil_Serie_A,2026,24/05/2026,Corinthians,Atletico-MG,1,0,0,0,0,0,1,0,1,0,0,0,0,Brazil
Brasil_Serie_A,2026,25/05/2026,Vasco,Bragantino,0,3,0,0,0,0,3,0,1,1,1,0,0,Brazil
Brasil_Serie_A,2026,26/05/2026,Coritiba,Bahia,3,2,0,0,0,0,5,0,1,1,1,0,1,Brazil
Brasil_Serie_A,2026,30/05/2026,Athletico-PR,Mirassol,1,0,0,0,0,0,1,0,1,0,0,0,0,Brazil
Brasil_Serie_A,2026,30/05/2026,Flamengo RJ,Coritiba,3,0,0,0,0,0,3,0,1,1,1,0,0,Brazil
Brasil_Serie_A,2026,30/05/2026,Bahia,Botafogo RJ,2,1,0,0,0,0,3,0,1,1,1,0,1,Brazil
Brasil_Serie_A,2026,30/05/2026,Gremio,Corinthians,1,3,0,0,0,0,4,0,1,1,1,0,1,Brazil
Brasil_Serie_A,2026,31/05/2026,Santos,Vitoria,3,1,0,0,0,0,4,0,1,1,1,0,1,Brazil
Brasil_Serie_A,2026,31/05/2026,Bragantino,Internacional,3,1,0,0,0,0,4,0,1,1,1,0,1,Brazil
Brasil_Serie_A,2026,31/05/2026,Palmeiras,Chapecoense-SC,1,0,0,0,0,0,1,0,1,0,0,0,0,Brazil
Brasil_Serie_A,2026,31/05/2026,Vasco,Atletico-MG,0,1,0,0,0,0,1,0,1,0,0,0,0,Brazil
Brasil_Serie_A,2026,01/06/2026,Cruzeiro,Fluminense,1,1,0,0,0,0,2,0,1,1,0,0,1,Brazil
Brasil_Serie_A,2026,01/06/2026,Remo,Sao Paulo,1,0,0,0,0,0,1,0,1,0,0,0,0,Brazil
Brasil_Serie_A,2026,16/07/2026,Botafogo RJ,Santos,2,1,0,0,0,0,3,0,1,1,1,0,1,Brazil
Brasil_Serie_A,2026,16/07/2026,Vitoria,Vasco,1,0,0,0,0,0,1,0,1,0,0,0,0,Brazil
Brasil_Serie_A,2026,17/07/2026,Bahia,Chapecoense-SC,2,0,0,0,0,0,2,0,1,1,0,0,0,Brazil
Brasil_Serie_A,2026,18/07/2026,Fluminense,Bragantino,1,1,0,0,0,0,2,0,1,1,0,0,1,Brazil
Brasil_Serie_A,2026,18/07/2026,Mirassol,Gremio,2,1,0,0,0,0,3,0,1,1,1,0,1,Brazil
Brasil_Serie_A,2026,21/07/2026,Atletico-MG,Bahia,1,1,0,0,0,0,2,0,1,1,0,0,1,Brazil
Brasil_Serie_A,2026,22/07/2026,Coritiba,Palmeiras,1,3,0,0,0,0,4,0,1,1,1,0,1,Brazil
Brasil_Serie_A,2026,23/07/2026,Chapecoense-SC,Flamengo RJ,0,4,0,0,0,0,4,0,1,1,1,0,0,Brazil
Brasil_Serie_A,2026,23/07/2026,Internacional,Cruzeiro,1,2,0,0,0,0,3,0,1,1,1,0,1,Brazil
Brasil_Serie_A,2026,23/07/2026,Sao Paulo,Athletico-PR,1,2,0,0,0,0,3,0,1,1,1,0,1,Brazil
Brasil_Serie_A,2026,23/07/2026,Botafogo RJ,Vitoria,0,0,0,0,0,0,0,0,0,0,0,0,0,Brazil
Brasil_Serie_A,2026,23/07/2026,Corinthians,Remo,3,0,0,0,0,0,3,0,1,1,1,0,0,Brazil
Brasil_Serie_A,2026,25/07/2026,Athletico-PR,Internacional,2,0,0,0,0,0,2,0,1,1,0,0,0,Brazil
Brasil_Serie_A,2026,25/07/2026,Santos,Chapecoense-SC,2,2,0,0,0,0,4,0,1,1,1,0,1,Brazil
Brasil_Serie_A,2026,26/07/2026,Vasco,Mirassol,1,1,0,0,0,0,2,0,1,1,0,0,1,Brazil
Brasil_Serie_A,2026,26/07/2026,Bahia,Corinthians,1,1,0,0,0,0,2,0,1,1,0,0,1,Brazil
Brasil_Serie_A,2026,26/07/2026,Cruzeiro,Botafogo RJ,0,1,0,0,0,0,1,0,1,0,0,0,0,Brazil
Brasil_Serie_A,2026,26/07/2026,Bragantino,Coritiba,0,0,0,0,0,0,0,0,0,0,0,0,0,Brazil
Brasil_Serie_A,2026,26/07/2026,Flamengo RJ,Sao Paulo,1,1,0,0,0,0,2,0,1,1,0,0,1,Brazil
Brasil_Serie_A,2026,26/07/2026,Gremio,Fluminense,1,1,0,0,0,0,2,0,1,1,0,0,1,Brazil
Brasil_Serie_A,2026,26/07/2026,Palmeiras,Atletico-MG,1,2,0,0,0,0,3,0,1,1,1,0,1,Brazil
Brasil_Serie_A,2026,26/07/2026,Remo,Vitoria,2,0,0,0,0,0,2,0,1,1,0,0,0,Brazil
Brasil_Serie_A,2026,29/07/2026,Internacional,Flamengo RJ,1,1,0,0,0,0,2,0,1,1,0,0,1,Brazil
Brasil_Serie_A,2026,29/07/2026,Mirassol,Remo,2,1,0,0,0,0,3,0,1,1,1,0,1,Brazil
Brasil_Serie_A,2026,30/07/2026,Fluminense,Bahia,0,0,0,0,0,0,0,0,0,0,0,0,0,Brazil
Brasil_Serie_A,2026,30/07/2026,Vitoria,Palmeiras,0,4,0,0,0,0,4,0,1,1,1,0,0,Brazil
Brasil_Serie_A,2026,30/07/2026,Corinthians,Athletico-PR,0,0,0,0,0,0,0,0,0,0,0,0,0,Brazil
Brasil_Serie_A,2026,31/07/2026,Coritiba,Cruzeiro,0,1,0,0,0,0,1,0,1,0,0,0,0,Brazil
Brasil_Serie_A,2026,08/08/2026,Gremio,Sao Paulo,2,1,0,0,0,0,3,0,1,1,1,0,1,Brazil
Brasil_Serie_A,2026,08/08/2026,Remo,Atletico-MG,2,2,0,0,0,0,4,0,1,1,1,0,1,Brazil
Brasil_Serie_A,2026,09/08/2026,Coritiba,Chapecoense-SC,2,1,0,0,0,0,3,0,1,1,1,0,1,Brazil
Brasil_Serie_A,2026,09/08/2026,Botafogo RJ,Fluminense,1,1,0,0,0,0,2,0,1,1,0,0,1,Brazil
Brasil_Serie_A,2026,09/08/2026,Cruzeiro,Mirassol,3,1,0,0,0,0,4,0,1,1,1,0,1,Brazil
Brasil_Serie_A,2026,09/08/2026,Bahia,Vasco,0,0,0,0,0,0,0,0,0,0,0,0,0,Brazil
Brasil_Serie_A,2026,09/08/2026,Palmeiras,Internacional,0,0,0,0,0,0,0,0,0,0,0,0,0,Brazil
Brasil_Serie_A,2026,09/08/2026,Bragantino,Corinthians,0,2,0,0,0,0,2,0,1,1,0,0,0,Brazil
Brasil_Serie_A,2026,09/08/2026,Santos,Athletico-PR,0,2,0,0,0,0,2,0,1,1,0,0,0,Brazil
Brasil_Serie_A,2026,09/08/2026,Flamengo RJ,Vitoria,2,0,0,0,0,0,2,0,1,1,0,0,0,Brazil
Brasil_Serie_A,2026,15/08/2026,Fluminense,Palmeiras,3,2,0,0,0,0,5,0,1,1,1,0,1,Brazil
Brasil_Serie_A,2026,15/08/2026,Athletico-PR,Bragantino,1,1,0,0,0,0,2,0,1,1,0,0,1,Brazil
Brasil_Serie_A,2026,16/08/2026,Sao Paulo,Coritiba,1,1,0,0,0,0,2,0,1,1,0,0,1,Brazil
Brasil_Serie_A,2026,16/08/2026,Chapecoense-SC,Bahia,3,3,0,0,0,0,6,0,1,1,1,0,1,Brazil
Brasil_Serie_A,2026,16/08/2026,Atletico-MG,Gremio,3,0,0,0,0,0,3,0,1,1,1,0,0,Brazil
Brasil_Serie_A,2026,16/08/2026,Vasco,Santos,0,3,0,0,0,0,3,0,1,1,1,0,0,Brazil
Brasil_Serie_A,2026,16/08/2026,Mirassol,Flamengo RJ,1,5,0,0,0,0,6,0,1,1,1,0,1,Brazil
Brasil_Serie_A,2026,16/08/2026,Vitoria,Botafogo RJ,1,0,0,0,0,0,1,0,1,0,0,0,0,Brazil
Brasil_Serie_A,2026,16/08/2026,Corinthians,Cruzeiro,1,2,0,0,0,0,3,0,1,1,1,0,1,Brazil
Brasil_Serie_A,2026,18/08/2026,Internacional,Remo,1,1,0,0,0,0,2,0,1,1,0,0,1,Brazil
Brasil_Serie_A,2026,22/08/2026,Fluminense,Remo,2,1,0,0,0,0,3,0,1,1,1,0,1,Brazil
Brasil_Serie_A,2026,22/08/2026,Internacional,Atletico-MG,0,0,0,0,0,0,0,0,0,0,0,0,0,Brazil
Brasil_Serie_A,2026,23/08/2026,Cruzeiro,Flamengo RJ,2,1,0,0,0,0,3,0,1,1,1,0,1,Brazil
Brasil_Serie_A,2026,23/08/2026,Bragantino,Gremio,1,0,0,0,0,0,1,0,1,0,0,0,0,Brazil
Brasil_Serie_A,2026,23/08/2026,Palmeiras,Vasco,4,1,0,0,0,0,5,0,1,1,1,0,1,Brazil
Brasil_Serie_A,2026,23/08/2026,Vitoria,Bahia,0,2,0,0,0,0,2,0,1,1,0,0,0,Brazil
Brasil_Serie_A,2026,23/08/2026,Chapecoense-SC,Sao Paulo,1,0,0,0,0,0,1,0,1,0,0,0,0,Brazil
Brasil_Serie_A,2026,23/08/2026,Santos,Mirassol,1,1,0,0,0,0,2,0,1,1,0,0,1,Brazil
Brasil_Serie_A,2026,23/08/2026,Coritiba,Corinthians,2,1,0,0,0,0,3,0,1,1,1,0,1,Brazil
Brasil_Serie_A,2026,25/08/2026,Botafogo RJ,Athletico-PR,2,3,0,0,0,0,5,0,1,1,1,0,1,Brazil
Brasil_Serie_A,2026,29/08/2026,Atletico-MG,Vitoria,2,1,0,0,0,0,3,0,1,1,1,0,1,Brazil
Brasil_Serie_A,2026,30/08/2026,Sao Paulo,Bragantino,2,1,0,0,0,0,3,0,1,1,1,0,1,Brazil
Brasil_Serie_A,2026,30/08/2026,Vasco,Cruzeiro,3,1,0,0,0,0,4,0,1,1,1,0,1,Brazil
Brasil_Serie_A,2026,30/08/2026,Athletico-PR,Fluminense,3,3,0,0,0,0,6,0,1,1,1,0,1,Brazil
Brasil_Serie_A,2026,30/08/2026,Corinthians,Santos,0,1,0,0,0,0,1,0,1,0,0,0,0,Brazil
Brasil_Serie_A,2026,30/08/2026,Flamengo RJ,Botafogo RJ,3,0,0,0,0,0,3,0,1,1,1,0,0,Brazil
Brasil_Serie_A,2026,30/08/2026,Gremio,Chapecoense-SC,3,1,0,0,0,0,4,0,1,1,1,0,1,Brazil
Brasil_Serie_A,2026,30/08/2026,Mirassol,Palmeiras,1,1,0,0,0,0,2,0,1,1,0,0,1,Brazil
Brasil_Serie_A,2026,30/08/2026,Bahia,Internacional,3,2,0,0,0,0,5,0,1,1,1,0,1,Brazil
Brasil_Serie_A,2026,01/09/2026,Remo,Coritiba,2,3,0,0,0,0,5,0,1,1,1,0,1,Brazil
Brasil_Serie_A,2026,02/09/2026,Flamengo RJ,Mirassol,2,0,0,0,0,0,2,0,1,1,0,0,0,Brazil
Brasil_Serie_A,2026,05/09/2026,Bragantino,Bahia,2,3,0,0,0,0,5,0,1,1,1,0,1,Brazil
Brasil_Serie_A,2026,05/09/2026,Sao Paulo,Atletico-MG,2,0,0,0,0,0,2,0,1,1,0,0,0,Brazil
Brasil_Serie_A,2026,06/09/2026,Fluminense,Vasco,1,0,0,0,0,0,1,0,1,0,0,0,0,Brazil
Brasil_Serie_A,2026,06/09/2026,Coritiba,Mirassol,1,2,0,0,0,0,3,0,1,1,1,0,1,Brazil
Brasil_Serie_A,2026,06/09/2026,Cruzeiro,Athletico-PR,3,1,0,0,0,0,4,0,1,1,1,0,1,Brazil
Brasil_Serie_A,2026,06/09/2026,Internacional,Santos,2,3,0,0,0,0,5,0,1,1,1,0,1,Brazil
Brasil_Serie_A,2026,06/09/2026,Remo,Flamengo RJ,0,1,0,0,0,0,1,0,1,0,0,0,0,Brazil
Brasil_Serie_A,2026,06/09/2026,Botafogo RJ,Palmeiras,0,0,0,0,0,0,0,0,0,0,0,0,0,Brazil
Brasil_Serie_A,2026,06/09/2026,Corinthians,Chapecoense-SC,1,2,0,0,0,0,3,0,1,1,1,0,1,Brazil
Brasil_Serie_A,2026,08/09/2026,Vitoria,Gremio,1,0,0,0,0,0,1,0,1,0,0,0,0,Brazil
Brasil_Serie_A,2026,12/09/2026,Coritiba,Athletico-PR,3,3,0,0,0,0,6,0,1,1,1,0,1,Brazil
Brasil_Serie_A,2026,12/09/2026,Atletico-MG,Fluminense,3,1,0,0,0,0,4,0,1,1,1,0,1,Brazil
Brasil_Serie_A,2026,12/09/2026,Gremio,Vasco,1,2,0,0,0,0,3,0,1,1,1,0,1,Brazil
Brasil_Serie_A,2026,12/09/2026,Chapecoense-SC,Internacional,1,2,0,0,0,0,3,0,1,1,1,0,1,Brazil
Brasil_Serie_A,2026,12/09/2026,Palmeiras,Sao Paulo,2,0,0,0,0,0,2,0,1,1,0,0,0,Brazil
Brasil_Serie_A,2026,13/09/2026,Botafogo RJ,Bragantino,1,1,0,0,0,0,2,0,1,1,0,0,1,Brazil
Brasil_Serie_A,2026,13/09/2026,Santos,Cruzeiro,2,1,0,0,0,0,3,0,1,1,1,0,1,Brazil
Brasil_Serie_A,2026,13/09/2026,Mirassol,Vitoria,2,2,0,0,0,0,4,0,1,1,1,0,1,Brazil
Brasil_Serie_A,2026,13/09/2026,Flamengo RJ,Corinthians,2,1,0,0,0,0,3,0,1,1,1,0,1,Brazil
Brasil_Serie_A,2026,15/09/2026,Bahia,Remo,2,1,0,0,0,0,3,0,1,1,1,0,1,Brazil
Brasil_Serie_A,2026,16/09/2026,Botafogo RJ,Gremio,3,2,0,0,0,0,5,0,1,1,1,0,1,Brazil
Brasil_Serie_A,2026,19/09/2026,Atletico-MG,Chapecoense-SC,1,1,0,0,0,0,2,0,1,1,0,0,1,Brazil
Brasil_Serie_A,2026,19/09/2026,Mirassol,Botafogo RJ,2,0,0,0,0,0,2,0,1,1,0,0,0,Brazil
Brasil_Serie_A,2026,19/09/2026,Remo,Santos,1,2,0,0,0,0,3,0,1,1,1,0,1,Brazil
Brasil_Serie_A,2026,20/09/2026,Vasco,Coritiba,5,0,0,0,0,0,5,0,1,1,1,0,0,Brazil
Brasil_Serie_A,2026,20/09/2026,Sao Paulo,Internacional,1,0,0,0,0,0,1,0,1,0,0,0,0,Brazil
Brasil_Serie_A,2026,20/09/2026,Gremio,Palmeiras,0,0,0,0,0,0,0,0,0,0,0,0,0,Brazil
Brasil_Serie_A,2026,20/09/2026,Corinthians,Fluminense,1,3,0,0,0,0,4,0,1,1,1,0,1,Brazil
Brasil_Serie_A,2026,20/09/2026,Vitoria,Cruzeiro,1,3,0,0,0,0,4,0,1,1,1,0,1,Brazil
Brasil_Serie_A,2026,20/09/2026,Flamengo RJ,Bragantino,2,1,0,0,0,0,3,0,1,1,1,0,1,Brazil
Brasil_Serie_A,2026,20/09/2026,Athletico-PR,Bahia,2,1,0,0,0,0,3,0,1,1,1,0,1,Brazil
Brasil_Serie_A,2026,03/10/2026,Sao Paulo,Santos,1,2,0,0,0,0,3,0,1,1,1,0,1,Brazil
Brasil_Serie_A,2026,03/10/2026,Atletico-MG,Bragantino,1,0,0,0,0,0,1,0,1,0,0,0,0,Brazil
Mexico_LigaMX,2026/2027,17/07/2026,Necaxa,Atlante,2,1,0,0,0,0,3,0,1,1,1,0,1,Mexico
Mexico_LigaMX,2026/2027,17/07/2026,Club Tijuana,Tigres UANL,3,1,0,0,0,0,4,0,1,1,1,0,1,Mexico
Mexico_LigaMX,2026/2027,18/07/2026,Atl. San Luis,Cruz Azul,2,3,0,0,0,0,5,0,1,1,1,0,1,Mexico
Mexico_LigaMX,2026/2027,18/07/2026,Club Leon,Atlas,2,3,0,0,0,0,5,0,1,1,1,0,1,Mexico
Mexico_LigaMX,2026/2027,18/07/2026,Juarez,Puebla,0,1,0,0,0,0,1,0,1,0,0,0,0,Mexico
Mexico_LigaMX,2026/2027,19/07/2026,UNAM Pumas,Pachuca,0,3,0,0,0,0,3,0,1,1,1,0,0,Mexico
Mexico_LigaMX,2026/2027,19/07/2026,Monterrey,Santos Laguna,3,2,0,0,0,0,5,0,1,1,1,0,1,Mexico
Mexico_LigaMX,2026/2027,19/07/2026,Guadalajara Chivas,Toluca,0,2,0,0,0,0,2,0,1,1,0,0,0,Mexico
Mexico_LigaMX,2026/2027,19/07/2026,Queretaro,Club America,0,1,0,0,0,0,1,0,1,0,0,0,0,Mexico
Mexico_LigaMX,2026/2027,22/07/2026,Cruz Azul,Puebla,2,1,0,0,0,0,3,0,1,1,1,0,1,Mexico
Mexico_LigaMX,2026/2027,22/07/2026,Toluca,UNAM Pumas,1,2,0,0,0,0,3,0,1,1,1,0,1,Mexico
Mexico_LigaMX,2026/2027,25/07/2026,Atlante,Club America,1,1,0,0,0,0,2,0,1,1,0,0,1,Mexico
Mexico_LigaMX,2026/2027,25/07/2026,Club Tijuana,Club Leon,1,0,0,0,0,0,1,0,1,0,0,0,0,Mexico
Mexico_LigaMX,2026/2027,26/07/2026,Guadalajara Chivas,Juarez,1,0,0,0,0,0,1,0,1,0,0,0,0,Mexico
Mexico_LigaMX,2026/2027,26/07/2026,Santos Laguna,Atlas,0,1,0,0,0,0,1,0,1,0,0,0,0,Mexico
Mexico_LigaMX,2026/2027,26/07/2026,Tigres UANL,Atl. San Luis,2,2,0,0,0,0,4,0,1,1,1,0,1,Mexico
Mexico_LigaMX,2026/2027,27/07/2026,Necaxa,Monterrey,2,1,0,0,0,0,3,0,1,1,1,0,1,Mexico
Mexico_LigaMX,2026/2027,27/07/2026,Pachuca,Queretaro,1,2,0,0,0,0,3,0,1,1,1,0,1,Mexico
Mexico_LigaMX,2026/2027,01/08/2026,Puebla,Guadalajara Chivas,1,1,0,0,0,0,2,0,1,1,0,0,1,Mexico
Mexico_LigaMX,2026/2027,01/08/2026,Atl. San Luis,Club Tijuana,0,0,0,0,0,0,0,0,0,0,0,0,0,Mexico
Mexico_LigaMX,2026/2027,01/08/2026,Juarez,UNAM Pumas,1,5,0,0,0,0,6,0,1,1,1,0,1,Mexico
Mexico_LigaMX,2026/2027,02/08/2026,Queretaro,Tigres UANL,3,2,0,0,0,0,5,0,1,1,1,0,1,Mexico
Mexico_LigaMX,2026/2027,02/08/2026,Club Leon,Pachuca,1,0,0,0,0,0,1,0,1,0,0,0,0,Mexico
Mexico_LigaMX,2026/2027,02/08/2026,Atlas,Monterrey,0,2,0,0,0,0,2,0,1,1,0,0,0,Mexico
Mexico_LigaMX,2026/2027,02/08/2026,Cruz Azul,Atlante,2,3,0,0,0,0,5,0,1,1,1,0,1,Mexico
Mexico_LigaMX,2026/2027,03/08/2026,Club America,Santos Laguna,3,0,0,0,0,0,3,0,1,1,1,0,0,Mexico
Mexico_LigaMX,2026/2027,03/08/2026,Toluca,Necaxa,3,1,0,0,0,0,4,0,1,1,1,0,1,Mexico
Mexico_LigaMX,2026/2027,16/08/2026,Atlante,Toluca,0,0,0,0,0,0,0,0,0,0,0,0,0,Mexico
Mexico_LigaMX,2026/2027,16/08/2026,Monterrey,Juarez,6,1,0,0,0,0,7,0,1,1,1,0,1,Mexico
Mexico_LigaMX,2026/2027,16/08/2026,Atlas,Tigres UANL,2,1,0,0,0,0,3,0,1,1,1,0,1,Mexico
Mexico_LigaMX,2026/2027,16/08/2026,UNAM Pumas,Queretaro,0,0,0,0,0,0,0,0,0,0,0,0,0,Mexico
Mexico_LigaMX,2026/2027,17/08/2026,Club America,Atl. San Luis,3,0,0,0,0,0,3,0,1,1,1,0,0,Mexico
Mexico_LigaMX,2026/2027,17/08/2026,Santos Laguna,Guadalajara Chivas,0,1,0,0,0,0,1,0,1,0,0,0,0,Mexico
Mexico_LigaMX,2026/2027,17/08/2026,Club Tijuana,Cruz Azul,2,1,0,0,0,0,3,0,1,1,1,0,1,Mexico
Mexico_LigaMX,2026/2027,18/08/2026,Necaxa,Club Leon,1,2,0,0,0,0,3,0,1,1,1,0,1,Mexico
Mexico_LigaMX,2026/2027,18/08/2026,Pachuca,Puebla,2,3,0,0,0,0,5,0,1,1,1,0,1,Mexico
Mexico_LigaMX,2026/2027,22/08/2026,Club Leon,Monterrey,2,0,0,0,0,0,2,0,1,1,0,0,0,Mexico
Mexico_LigaMX,2026/2027,22/08/2026,Tigres UANL,Atlante,2,0,0,0,0,0,2,0,1,1,0,0,0,Mexico
Mexico_LigaMX,2026/2027,22/08/2026,Juarez,Club America,1,2,0,0,0,0,3,0,1,1,1,0,1,Mexico
Mexico_LigaMX,2026/2027,22/08/2026,Queretaro,Toluca,1,2,0,0,0,0,3,0,1,1,1,0,1,Mexico
Mexico_LigaMX,2026/2027,23/08/2026,Guadalajara Chivas,Club Tijuana,5,2,0,0,0,0,7,0,1,1,1,0,1,Mexico
Mexico_LigaMX,2026/2027,23/08/2026,Puebla,Santos Laguna,3,2,0,0,0,0,5,0,1,1,1,0,1,Mexico
Mexico_LigaMX,2026/2027,23/08/2026,Cruz Azul,Atlas,0,2,0,0,0,0,2,0,1,1,0,0,0,Mexico
Mexico_LigaMX,2026/2027,24/08/2026,Atl. San Luis,Pachuca,1,1,0,0,0,0,2,0,1,1,0,0,1,Mexico
Mexico_LigaMX,2026/2027,24/08/2026,UNAM Pumas,Necaxa,1,1,0,0,0,0,2,0,1,1,0,0,1,Mexico
Mexico_LigaMX,2026/2027,29/08/2026,Atlante,Club Leon,1,1,0,0,0,0,2,0,1,1,0,0,1,Mexico
Mexico_LigaMX,2026/2027,29/08/2026,Necaxa,Cruz Azul,1,3,0,0,0,0,4,0,1,1,1,0,1,Mexico
Mexico_LigaMX,2026/2027,29/08/2026,Club Tijuana,UNAM Pumas,2,0,0,0,0,0,2,0,1,1,0,0,0,Mexico
Mexico_LigaMX,2026/2027,30/08/2026,Atlas,Queretaro,1,3,0,0,0,0,4,0,1,1,1,0,1,Mexico
Mexico_LigaMX,2026/2027,30/08/2026,Pachuca,Guadalajara Chivas,1,1,0,0,0,0,2,0,1,1,0,0,1,Mexico
Mexico_LigaMX,2026/2027,30/08/2026,Club America,Puebla,2,0,0,0,0,0,2,0,1,1,0,0,0,Mexico
Mexico_LigaMX,2026/2027,30/08/2026,Santos Laguna,Tigres UANL,0,0,0,0,0,0,0,0,0,0,0,0,0,Mexico
Mexico_LigaMX,2026/2027,31/08/2026,Toluca,Juarez,4,0,0,0,0,0,4,0,1,1,1,0,0,Mexico
Mexico_LigaMX,2026/2027,31/08/2026,Monterrey,Atl. San Luis,1,3,0,0,0,0,4,0,1,1,1,0,1,Mexico
Mexico_LigaMX,2026/2027,05/09/2026,Juarez,Pachuca,0,2,0,0,0,0,2,0,1,1,0,0,0,Mexico
Mexico_LigaMX,2026/2027,06/09/2026,Atl. San Luis,Guadalajara Chivas,0,3,0,0,0,0,3,0,1,1,1,0,0,Mexico
Mexico_LigaMX,2026/2027,06/09/2026,Tigres UANL,Necaxa,1,1,0,0,0,0,2,0,1,1,0,0,1,Mexico
Mexico_LigaMX,2026/2027,06/09/2026,Atlas,Atlante,1,1,0,0,0,0,2,0,1,1,0,0,1,Mexico
Mexico_LigaMX,2026/2027,07/09/2026,Cruz Azul,Santos Laguna,1,0,0,0,0,0,1,0,1,0,0,0,0,Mexico
Mexico_LigaMX,2026/2027,11/09/2026,UNAM Pumas,Club Leon,3,1,0,0,0,0,4,0,1,1,1,0,1,Mexico
Mexico_LigaMX,2026/2027,12/09/2026,Necaxa,Puebla,0,1,0,0,0,0,1,0,1,0,0,0,0,Mexico
Mexico_LigaMX,2026/2027,12/09/2026,Atlante,Pachuca,0,3,0,0,0,0,3,0,1,1,1,0,0,Mexico
Mexico_LigaMX,2026/2027,12/09/2026,Club Tijuana,Queretaro,0,1,0,0,0,0,1,0,1,0,0,0,0,Mexico
Mexico_LigaMX,2026/2027,13/09/2026,Toluca,Atlas,5,2,0,0,0,0,7,0,1,1,1,0,1,Mexico
Mexico_LigaMX,2026/2027,13/09/2026,Monterrey,Tigres UANL,0,0,0,0,0,0,0,0,0,0,0,0,0,Mexico
Mexico_LigaMX,2026/2027,13/09/2026,Cruz Azul,Club America,4,3,0,0,0,0,7,0,1,1,1,0,1,Mexico
Mexico_LigaMX,2026/2027,14/09/2026,Santos Laguna,Juarez,2,1,0,0,0,0,3,0,1,1,1,0,1,Mexico
Mexico_LigaMX,2026/2027,14/09/2026,Guadalajara Chivas,UNAM Pumas,3,0,0,0,0,0,3,0,1,1,1,0,0,Mexico
Mexico_LigaMX,2026/2027,15/09/2026,Club Leon,Atl. San Luis,2,0,0,0,0,0,2,0,1,1,0,0,0,Mexico
Mexico_LigaMX,2026/2027,16/09/2026,Puebla,Toluca,0,1,0,0,0,0,1,0,1,0,0,0,0,Mexico
Mexico_LigaMX,2026/2027,19/09/2026,Puebla,Atlante,1,1,0,0,0,0,2,0,1,1,0,0,1,Mexico
Mexico_LigaMX,2026/2027,19/09/2026,Juarez,Tigres UANL,2,0,0,0,0,0,2,0,1,1,0,0,0,Mexico
Mexico_LigaMX,2026/2027,20/09/2026,Atl. San Luis,Necaxa,3,1,0,0,0,0,4,0,1,1,1,0,1,Mexico
Mexico_LigaMX,2026/2027,20/09/2026,Atlas,UNAM Pumas,1,1,0,0,0,0,2,0,1,1,0,0,1,Mexico
Mexico_LigaMX,2026/2027,20/09/2026,Monterrey,Cruz Azul,1,0,0,0,0,0,1,0,1,0,0,0,0,Mexico
Mexico_LigaMX,2026/2027,20/09/2026,Club America,Guadalajara Chivas,2,2,0,0,0,0,4,0,1,1,1,0,1,Mexico
Mexico_LigaMX,2026/2027,21/09/2026,Pachuca,Club Tijuana,2,2,0,0,0,0,4,0,1,1,1,0,1,Mexico
Mexico_LigaMX,2026/2027,21/09/2026,Toluca,Santos Laguna,2,3,0,0,0,0,5,0,1,1,1,0,1,Mexico
Mexico_LigaMX,2026/2027,21/09/2026,Queretaro,Club Leon,1,1,0,0,0,0,2,0,1,1,0,0,1,Mexico
Mexico_LigaMX,2026/2027,26/09/2026,Atlante,Monterrey,4,2,0,0,0,0,6,0,1,1,1,0,1,Mexico
Mexico_LigaMX,2026/2027,26/09/2026,Club Tijuana,Atlas,2,3,0,0,0,0,5,0,1,1,1,0,1,Mexico
Mexico_LigaMX,2026/2027,26/09/2026,Cruz Azul,Toluca,3,3,0,0,0,0,6,0,1,1,1,0,1,Mexico
Mexico_LigaMX,2026/2027,27/09/2026,Guadalajara Chivas,Queretaro,0,2,0,0,0,0,2,0,1,1,0,0,0,Mexico
Mexico_LigaMX,2026/2027,27/09/2026,Santos Laguna,Pachuca,1,0,0,0,0,0,1,0,1,0,0,0,0,Mexico
Mexico_LigaMX,2026/2027,27/09/2026,Tigres UANL,Puebla,1,0,0,0,0,0,1,0,1,0,0,0,0,Mexico
Mexico_LigaMX,2026/2027,27/09/2026,UNAM Pumas,Atl. San Luis,2,3,0,0,0,0,5,0,1,1,1,0,1,Mexico
Mexico_LigaMX,2026/2027,28/09/2026,Club Leon,Juarez,2,1,0,0,0,0,3,0,1,1,1,0,1,Mexico
Mexico_LigaMX,2026/2027,28/09/2026,Necaxa,Club America,2,4,0,0,0,0,6,0,1,1,1,0,1,Mexico
Japao_JLeague,2026/2027,07/08/2026,Yokohama F. Marinos,Kashima Antlers,3,4,0,0,0,0,7,0,1,1,1,0,1,Japan
Japao_JLeague,2026/2027,07/08/2026,Gamba Osaka,Urawa Reds,4,3,0,0,0,0,7,0,1,1,1,0,1,Japan
Japao_JLeague,2026/2027,08/08/2026,Avispa Fukuoka,Vissel Kobe,0,1,0,0,0,0,1,0,1,0,0,0,0,Japan
Japao_JLeague,2026/2027,08/08/2026,Cerezo Osaka,Okayama,2,1,0,0,0,0,3,0,1,1,1,0,1,Japan
Japao_JLeague,2026/2027,08/08/2026,FC Tokyo,Machida,1,5,0,0,0,0,6,0,1,1,1,0,1,Japan
Japao_JLeague,2026/2027,08/08/2026,Kashiwa Reysol,Mito,2,1,0,0,0,0,3,0,1,1,1,0,1,Japan
Japao_JLeague,2026/2027,08/08/2026,Nagoya Grampus,Shimizu S-Pulse,0,1,0,0,0,0,1,0,1,0,0,0,0,Japan
Japao_JLeague,2026/2027,08/08/2026,Sanfrecce Hiroshima,Chiba,3,0,0,0,0,0,3,0,1,1,1,0,0,Japan
Japao_JLeague,2026/2027,09/08/2026,Verdy,Kawasaki Frontale,1,1,0,0,0,0,2,0,1,1,0,0,1,Japan
Japao_JLeague,2026/2027,09/08/2026,V-Varen Nagasaki,Kyoto,2,1,0,0,0,0,3,0,1,1,1,0,1,Japan
Japao_JLeague,2026/2027,14/08/2026,Verdy,Kashiwa Reysol,1,3,0,0,0,0,4,0,1,1,1,0,1,Japan
Japao_JLeague,2026/2027,15/08/2026,Kashima Antlers,Nagoya Grampus,2,1,0,0,0,0,3,0,1,1,1,0,1,Japan
Japao_JLeague,2026/2027,15/08/2026,Mito,Gamba Osaka,1,1,0,0,0,0,2,0,1,1,0,0,1,Japan
Japao_JLeague,2026/2027,15/08/2026,Shimizu S-Pulse,Yokohama F. Marinos,0,1,0,0,0,0,1,0,1,0,0,0,0,Japan
Japao_JLeague,2026/2027,15/08/2026,Okayama,V-Varen Nagasaki,1,0,0,0,0,0,1,0,1,0,0,0,0,Japan
Japao_JLeague,2026/2027,15/08/2026,Avispa Fukuoka,Cerezo Osaka,3,0,0,0,0,0,3,0,1,1,1,0,0,Japan
Japao_JLeague,2026/2027,15/08/2026,Chiba,Machida,0,4,0,0,0,0,4,0,1,1,1,0,0,Japan
Japao_JLeague,2026/2027,15/08/2026,Kawasaki Frontale,Kyoto,2,2,0,0,0,0,4,0,1,1,1,0,1,Japan
Japao_JLeague,2026/2027,15/08/2026,Urawa Reds,Sanfrecce Hiroshima,1,4,0,0,0,0,5,0,1,1,1,0,1,Japan
Japao_JLeague,2026/2027,15/08/2026,Vissel Kobe,FC Tokyo,2,2,0,0,0,0,4,0,1,1,1,0,1,Japan
Japao_JLeague,2026/2027,21/08/2026,Kashiwa Reysol,V-Varen Nagasaki,4,2,0,0,0,0,6,0,1,1,1,0,1,Japan
Japao_JLeague,2026/2027,21/08/2026,FC Tokyo,Chiba,2,0,0,0,0,0,2,0,1,1,0,0,0,Japan
Japao_JLeague,2026/2027,22/08/2026,Kashima Antlers,Avispa Fukuoka,3,2,0,0,0,0,5,0,1,1,1,0,1,Japan
Japao_JLeague,2026/2027,22/08/2026,Okayama,Verdy,0,0,0,0,0,0,0,0,0,0,0,0,0,Japan
Japao_JLeague,2026/2027,22/08/2026,Cerezo Osaka,Shimizu S-Pulse,1,0,0,0,0,0,1,0,1,0,0,0,0,Japan
Japao_JLeague,2026/2027,22/08/2026,Kyoto,Mito,1,3,0,0,0,0,4,0,1,1,1,0,1,Japan
Japao_JLeague,2026/2027,22/08/2026,Nagoya Grampus,Gamba Osaka,3,1,0,0,0,0,4,0,1,1,1,0,1,Japan
Japao_JLeague,2026/2027,22/08/2026,Sanfrecce Hiroshima,Kawasaki Frontale,1,1,0,0,0,0,2,0,1,1,0,0,1,Japan
Japao_JLeague,2026/2027,22/08/2026,Yokohama F. Marinos,Vissel Kobe,1,0,0,0,0,0,1,0,1,0,0,0,0,Japan
Japao_JLeague,2026/2027,23/08/2026,Machida,Urawa Reds,3,1,0,0,0,0,4,0,1,1,1,0,1,Japan
Japao_JLeague,2026/2027,29/08/2026,Gamba Osaka,Sanfrecce Hiroshima,0,0,0,0,0,0,0,0,0,0,0,0,0,Japan
Japao_JLeague,2026/2027,29/08/2026,Mito,Machida,1,1,0,0,0,0,2,0,1,1,0,0,1,Japan
Japao_JLeague,2026/2027,29/08/2026,Shimizu S-Pulse,Kashiwa Reysol,0,1,0,0,0,0,1,0,1,0,0,0,0,Japan
Japao_JLeague,2026/2027,29/08/2026,V-Varen Nagasaki,FC Tokyo,0,3,0,0,0,0,3,0,1,1,1,0,0,Japan
Japao_JLeague,2026/2027,29/08/2026,Kawasaki Frontale,Chiba,4,2,0,0,0,0,6,0,1,1,1,0,1,Japan
Japao_JLeague,2026/2027,29/08/2026,Kyoto,Avispa Fukuoka,2,1,0,0,0,0,3,0,1,1,1,0,1,Japan
Japao_JLeague,2026/2027,29/08/2026,Nagoya Grampus,Okayama,2,1,0,0,0,0,3,0,1,1,1,0,1,Japan
Japao_JLeague,2026/2027,29/08/2026,Urawa Reds,Yokohama F. Marinos,3,2,0,0,0,0,5,0,1,1,1,0,1,Japan
Japao_JLeague,2026/2027,29/08/2026,Verdy,Kashima Antlers,0,2,0,0,0,0,2,0,1,1,0,0,0,Japan
Japao_JLeague,2026/2027,29/08/2026,Vissel Kobe,Cerezo Osaka,1,0,0,0,0,0,1,0,1,0,0,0,0,Japan
Japao_JLeague,2026/2027,02/09/2026,Avispa Fukuoka,Urawa Reds,2,3,0,0,0,0,5,0,1,1,1,0,1,Japan
Japao_JLeague,2026/2027,02/09/2026,Cerezo Osaka,Kashiwa Reysol,2,0,0,0,0,0,2,0,1,1,0,0,0,Japan
Japao_JLeague,2026/2027,02/09/2026,Chiba,Okayama,1,2,0,0,0,0,3,0,1,1,1,0,1,Japan
Japao_JLeague,2026/2027,02/09/2026,Machida,Kawasaki Frontale,2,1,0,0,0,0,3,0,1,1,1,0,1,Japan
Japao_JLeague,2026/2027,02/09/2026,Mito,Kashima Antlers,4,2,0,0,0,0,6,0,1,1,1,0,1,Japan
Japao_JLeague,2026/2027,02/09/2026,Sanfrecce Hiroshima,Nagoya Grampus,3,0,0,0,0,0,3,0,1,1,1,0,0,Japan
Japao_JLeague,2026/2027,02/09/2026,Shimizu S-Pulse,FC Tokyo,1,1,0,0,0,0,2,0,1,1,0,0,1,Japan
Japao_JLeague,2026/2027,02/09/2026,Verdy,Vissel Kobe,0,2,0,0,0,0,2,0,1,1,0,0,0,Japan
Japao_JLeague,2026/2027,02/09/2026,V-Varen Nagasaki,Gamba Osaka,2,2,0,0,0,0,4,0,1,1,1,0,1,Japan
Japao_JLeague,2026/2027,02/09/2026,Yokohama F. Marinos,Kyoto,1,1,0,0,0,0,2,0,1,1,0,0,1,Japan
Japao_JLeague,2026/2027,05/09/2026,Avispa Fukuoka,Mito,1,1,0,0,0,0,2,0,1,1,0,0,1,Japan
Japao_JLeague,2026/2027,06/09/2026,Chiba,Gamba Osaka,2,0,0,0,0,0,2,0,1,1,0,0,0,Japan
Japao_JLeague,2026/2027,06/09/2026,Kashima Antlers,Urawa Reds,0,1,0,0,0,0,1,0,1,0,0,0,0,Japan
Japao_JLeague,2026/2027,06/09/2026,Nagoya Grampus,Machida,1,3,0,0,0,0,4,0,1,1,1,0,1,Japan
Japao_JLeague,2026/2027,06/09/2026,Okayama,Sanfrecce Hiroshima,3,2,0,0,0,0,5,0,1,1,1,0,1,Japan
Japao_JLeague,2026/2027,06/09/2026,Cerezo Osaka,Verdy,0,0,0,0,0,0,0,0,0,0,0,0,0,Japan
Japao_JLeague,2026/2027,06/09/2026,Kashiwa Reysol,Yokohama F. Marinos,0,2,0,0,0,0,2,0,1,1,0,0,0,Japan
Japao_JLeague,2026/2027,06/09/2026,Kawasaki Frontale,Shimizu S-Pulse,3,1,0,0,0,0,4,0,1,1,1,0,1,Japan
Japao_JLeague,2026/2027,06/09/2026,Vissel Kobe,V-Varen Nagasaki,3,1,0,0,0,0,4,0,1,1,1,0,1,Japan
Japao_JLeague,2026/2027,06/09/2026,FC Tokyo,Kyoto,2,0,0,0,0,0,2,0,1,1,0,0,0,Japan
Japao_JLeague,2026/2027,11/09/2026,Kyoto,Kashiwa Reysol,2,3,0,0,0,0,5,0,1,1,1,0,1,Japan
Japao_JLeague,2026/2027,11/09/2026,Vissel Kobe,Kashima Antlers,2,1,0,0,0,0,3,0,1,1,1,0,1,Japan
Japao_JLeague,2026/2027,12/09/2026,Mito,Kawasaki Frontale,0,1,0,0,0,0,1,0,1,0,0,0,0,Japan
Japao_JLeague,2026/2027,12/09/2026,Shimizu S-Pulse,Avispa Fukuoka,1,0,0,0,0,0,1,0,1,0,0,0,0,Japan
Japao_JLeague,2026/2027,12/09/2026,Gamba Osaka,FC Tokyo,0,2,0,0,0,0,2,0,1,1,0,0,0,Japan
Japao_JLeague,2026/2027,12/09/2026,Machida,Yokohama F. Marinos,1,1,0,0,0,0,2,0,1,1,0,0,1,Japan
Japao_JLeague,2026/2027,12/09/2026,Sanfrecce Hiroshima,Cerezo Osaka,6,1,0,0,0,0,7,0,1,1,1,0,1,Japan
Japao_JLeague,2026/2027,12/09/2026,V-Varen Nagasaki,Nagoya Grampus,2,0,0,0,0,0,2,0,1,1,0,0,0,Japan
Japao_JLeague,2026/2027,13/09/2026,Verdy,Chiba,1,1,0,0,0,0,2,0,1,1,0,0,1,Japan
Japao_JLeague,2026/2027,13/09/2026,Urawa Reds,Okayama,1,2,0,0,0,0,3,0,1,1,1,0,1,Japan
Japao_JLeague,2026/2027,19/09/2026,Avispa Fukuoka,Sanfrecce Hiroshima,0,1,0,0,0,0,1,0,1,0,0,0,0,Japan
Japao_JLeague,2026/2027,19/09/2026,Kawasaki Frontale,Kashima Antlers,3,3,0,0,0,0,6,0,1,1,1,0,1,Japan
Japao_JLeague,2026/2027,19/09/2026,Shimizu S-Pulse,Chiba,2,1,0,0,0,0,3,0,1,1,1,0,1,Japan
Japao_JLeague,2026/2027,19/09/2026,Urawa Reds,Verdy,3,1,0,0,0,0,4,0,1,1,1,0,1,Japan
Japao_JLeague,2026/2027,19/09/2026,V-Varen Nagasaki,Cerezo Osaka,1,1,0,0,0,0,2,0,1,1,0,0,1,Japan
Japao_JLeague,2026/2027,19/09/2026,FC Tokyo,Nagoya Grampus,1,0,0,0,0,0,1,0,1,0,0,0,0,Japan
Japao_JLeague,2026/2027,19/09/2026,Okayama,Kyoto,1,2,0,0,0,0,3,0,1,1,1,0,1,Japan
Japao_JLeague,2026/2027,19/09/2026,Yokohama F. Marinos,Mito,2,0,0,0,0,0,2,0,1,1,0,0,0,Japan
Japao_JLeague,2026/2027,20/09/2026,Gamba Osaka,Vissel Kobe,0,1,0,0,0,0,1,0,1,0,0,0,0,Japan
Japao_JLeague,2026/2027,20/09/2026,Machida,Kashiwa Reysol,2,4,0,0,0,0,6,0,1,1,1,0,1,Japan
