Liga,Temporada,Date,HomeTeam,AwayTeam,FTHG,FTAG,HTHG,HTAG,HST,AST,TotalGols_FT,TotalGols_HT,Over05_FT,Over15_FT,Over25_FT,Over05_HT,BTTS
Inglaterra_Premier,2526,15/08/2025,Liverpool,Bournemouth,4,2,1,0,10,3,6,1,1,1,1,1,1
Inglaterra_Premier,2526,16/08/2025,Aston Villa,Newcastle,0,0,0,0,3,3,0,0,0,0,0,0,0
Inglaterra_Premier,2526,16/08/2025,Brighton,Fulham,1,1,0,0,4,2,2,0,1,1,0,0,1
Inglaterra_Premier,2526,16/08/2025,Sunderland,West Ham,3,0,0,0,5,4,3,0,1,1,1,0,0
Inglaterra_Premier,2526,16/08/2025,Tottenham,Burnley,3,0,1,0,6,4,3,1,1,1,1,1,0
Inglaterra_Premier,2526,16/08/2025,Wolves,Man City,0,4,0,2,3,4,4,2,1,1,1,1,0
Inglaterra_Premier,2526,17/08/2025,Chelsea,Crystal Palace,0,0,0,0,3,4,0,0,0,0,0,0,0
Inglaterra_Premier,2526,17/08/2025,Nott'm Forest,Brentford,3,1,3,0,5,3,4,3,1,1,1,1,1
Inglaterra_Premier,2526,17/08/2025,Man United,Arsenal,0,1,0,1,7,3,1,1,1,0,0,1,0
Inglaterra_Premier,2526,18/08/2025,Leeds,Everton,1,0,0,0,3,1,1,0,1,0,0,0,0
Inglaterra_Premier,2526,22/08/2025,West Ham,Chelsea,1,5,1,3,4,7,6,4,1,1,1,1,1
Inglaterra_Premier,2526,23/08/2025,Man City,Tottenham,0,2,0,2,4,5,2,2,1,1,0,1,0
Inglaterra_Premier,2526,23/08/2025,Bournemouth,Wolves,1,0,1,0,4,1,1,1,1,0,0,1,0
Inglaterra_Premier,2526,23/08/2025,Brentford,Aston Villa,1,0,1,0,2,2,1,1,1,0,0,1,0
Inglaterra_Premier,2526,23/08/2025,Burnley,Sunderland,2,0,0,0,2,1,2,0,1,1,0,0,0
Inglaterra_Premier,2526,23/08/2025,Arsenal,Leeds,5,0,2,0,5,1,5,2,1,1,1,1,0
Inglaterra_Premier,2526,24/08/2025,Crystal Palace,Nott'm Forest,1,1,1,0,4,1,2,1,1,1,0,1,1
Inglaterra_Premier,2526,24/08/2025,Everton,Brighton,2,0,1,0,3,4,2,1,1,1,0,1,0
Inglaterra_Premier,2526,24/08/2025,Fulham,Man United,1,1,0,0,4,3,2,0,1,1,0,0,1
Inglaterra_Premier,2526,25/08/2025,Newcastle,Liverpool,2,3,0,1,3,4,5,1,1,1,1,1,1
Inglaterra_Premier,2526,30/08/2025,Chelsea,Fulham,2,0,1,0,6,3,2,1,1,1,0,1,0
Inglaterra_Premier,2526,30/08/2025,Man United,Burnley,3,2,1,0,6,3,5,1,1,1,1,1,1
Inglaterra_Premier,2526,30/08/2025,Sunderland,Brentford,2,1,0,0,3,4,3,0,1,1,1,0,1
Inglaterra_Premier,2526,30/08/2025,Tottenham,Bournemouth,0,1,0,1,1,6,1,1,1,0,0,1,0
Inglaterra_Premier,2526,30/08/2025,Wolves,Everton,2,3,1,2,4,4,5,3,1,1,1,1,1
Inglaterra_Premier,2526,30/08/2025,Leeds,Newcastle,0,0,0,0,1,2,0,0,0,0,0,0,0
Inglaterra_Premier,2526,31/08/2025,Brighton,Man City,2,1,0,1,7,3,3,1,1,1,1,1,1
Inglaterra_Premier,2526,31/08/2025,Nott'm Forest,West Ham,0,3,0,0,3,8,3,0,1,1,1,0,0
Inglaterra_Premier,2526,31/08/2025,Liverpool,Arsenal,1,0,0,0,3,1,1,0,1,0,0,0,0
Inglaterra_Premier,2526,31/08/2025,Aston Villa,Crystal Palace,0,3,0,1,4,4,3,1,1,1,1,1,0
Inglaterra_Premier,2526,13/09/2025,Arsenal,Nott'm Forest,3,0,1,0,5,1,3,1,1,1,1,1,0
Inglaterra_Premier,2526,13/09/2025,Bournemouth,Brighton,2,1,1,0,5,2,3,1,1,1,1,1,1
Inglaterra_Premier,2526,13/09/2025,Crystal Palace,Sunderland,0,0,0,0,6,0,0,0,0,0,0,0,0
Inglaterra_Premier,2526,13/09/2025,Everton,Aston Villa,0,0,0,0,2,1,0,0,0,0,0,0,0
Inglaterra_Premier,2526,13/09/2025,Fulham,Leeds,1,0,0,0,3,3,1,0,1,0,0,0,0
Inglaterra_Premier,2526,13/09/2025,Newcastle,Wolves,1,0,1,0,4,3,1,1,1,0,0,1,0
Inglaterra_Premier,2526,13/09/2025,West Ham,Tottenham,0,3,0,0,4,5,3,0,1,1,1,0,0
Inglaterra_Premier,2526,13/09/2025,Brentford,Chelsea,2,2,1,0,4,6,4,1,1,1,1,1,1
Inglaterra_Premier,2526,14/09/2025,Burnley,Liverpool,0,1,0,0,0,4,1,0,1,0,0,0,0
Inglaterra_Premier,2526,14/09/2025,Man City,Man United,3,0,1,0,6,2,3,1,1,1,1,1,0
Inglaterra_Premier,2526,20/09/2025,Liverpool,Everton,2,1,2,0,3,2,3,2,1,1,1,1,1
Inglaterra_Premier,2526,20/09/2025,Brighton,Tottenham,2,2,2,1,4,3,4,3,1,1,1,1,1
Inglaterra_Premier,2526,20/09/2025,Burnley,Nott'm Forest,1,1,1,1,5,8,2,2,1,1,0,1,1
Inglaterra_Premier,2526,20/09/2025,West Ham,Crystal Palace,1,2,0,1,3,3,3,1,1,1,1,1,1
Inglaterra_Premier,2526,20/09/2025,Wolves,Leeds,1,3,1,3,6,4,4,4,1,1,1,1,1
Inglaterra_Premier,2526,20/09/2025,Man United,Chelsea,2,1,2,0,4,1,3,2,1,1,1,1,1
Inglaterra_Premier,2526,20/09/2025,Fulham,Brentford,3,1,2,1,3,3,4,3,1,1,1,1,1
Inglaterra_Premier,2526,21/09/2025,Bournemouth,Newcastle,0,0,0,0,2,1,0,0,0,0,0,0,0
Inglaterra_Premier,2526,21/09/2025,Sunderland,Aston Villa,1,1,0,0,4,2,2,0,1,1,0,0,1
Inglaterra_Premier,2526,21/09/2025,Arsenal,Man City,1,1,0,1,3,3,2,1,1,1,0,1,1
Inglaterra_Premier,2526,27/09/2025,Brentford,Man United,3,1,2,1,8,6,4,3,1,1,1,1,1
Inglaterra_Premier,2526,27/09/2025,Chelsea,Brighton,1,3,1,0,3,3,4,1,1,1,1,1,1
Inglaterra_Premier,2526,27/09/2025,Crystal Palace,Liverpool,2,1,1,0,7,4,3,1,1,1,1,1,1
Inglaterra_Premier,2526,27/09/2025,Leeds,Bournemouth,2,2,1,1,8,5,4,2,1,1,1,1,1
Inglaterra_Premier,2526,27/09/2025,Man City,Burnley,5,1,1,1,8,2,6,2,1,1,1,1,1
Inglaterra_Premier,2526,27/09/2025,Nott'm Forest,Sunderland,0,1,0,1,6,3,1,1,1,0,0,1,0
Inglaterra_Premier,2526,27/09/2025,Tottenham,Wolves,1,1,0,0,3,3,2,0,1,1,0,0,1
Inglaterra_Premier,2526,28/09/2025,Aston Villa,Fulham,3,1,1,1,4,4,4,2,1,1,1,1,1
Inglaterra_Premier,2526,28/09/2025,Newcastle,Arsenal,1,2,1,0,3,7,3,1,1,1,1,1,1
Inglaterra_Premier,2526,29/09/2025,Everton,West Ham,1,1,1,0,6,3,2,1,1,1,0,1,1
Inglaterra_Premier,2526,03/10/2025,Bournemouth,Fulham,3,1,0,0,6,4,4,0,1,1,1,0,1
Inglaterra_Premier,2526,04/10/2025,Leeds,Tottenham,1,2,1,1,4,3,3,2,1,1,1,1,1
Inglaterra_Premier,2526,04/10/2025,Arsenal,West Ham,2,0,1,0,5,0,2,1,1,1,0,1,0
Inglaterra_Premier,2526,04/10/2025,Man United,Sunderland,2,0,2,0,6,3,2,2,1,1,0,1,0
Inglaterra_Premier,2526,04/10/2025,Chelsea,Liverpool,2,1,1,0,6,2,3,1,1,1,1,1,1
Inglaterra_Premier,2526,05/10/2025,Aston Villa,Burnley,2,1,1,0,7,2,3,1,1,1,1,1,1
Inglaterra_Premier,2526,05/10/2025,Everton,Crystal Palace,2,1,0,1,7,8,3,1,1,1,1,1,1
Inglaterra_Premier,2526,05/10/2025,Newcastle,Nott'm Forest,2,0,0,0,9,4,2,0,1,1,0,0,0
Inglaterra_Premier,2526,05/10/2025,Wolves,Brighton,1,1,1,0,3,6,2,1,1,1,0,1,1
Inglaterra_Premier,2526,05/10/2025,Brentford,Man City,0,1,0,1,1,4,1,1,1,0,0,1,0
Inglaterra_Premier,2526,18/10/2025,Nott'm Forest,Chelsea,0,3,0,0,2,6,3,0,1,1,1,0,0
Inglaterra_Premier,2526,18/10/2025,Brighton,Newcastle,2,1,1,0,5,3,3,1,1,1,1,1,1
Inglaterra_Premier,2526,18/10/2025,Burnley,Leeds,2,0,1,0,3,4,2,1,1,1,0,1,0
Inglaterra_Premier,2526,18/10/2025,Crystal Palace,Bournemouth,3,3,0,2,7,5,6,2,1,1,1,1,1
Inglaterra_Premier,2526,18/10/2025,Man City,Everton,2,0,0,0,7,1,2,0,1,1,0,0,0
Inglaterra_Premier,2526,18/10/2025,Sunderland,Wolves,2,0,1,0,2,3,2,1,1,1,0,1,0
Inglaterra_Premier,2526,18/10/2025,Fulham,Arsenal,0,1,0,0,0,5,1,0,1,0,0,0,0
Inglaterra_Premier,2526,19/10/2025,Tottenham,Aston Villa,1,2,1,1,3,2,3,2,1,1,1,1,1
Inglaterra_Premier,2526,19/10/2025,Liverpool,Man United,1,2,0,1,6,4,3,1,1,1,1,1,1
Inglaterra_Premier,2526,20/10/2025,West Ham,Brentford,0,2,0,1,1,7,2,1,1,1,0,1,0
Inglaterra_Premier,2526,24/10/2025,Leeds,West Ham,2,1,2,0,5,3,3,2,1,1,1,1,1
Inglaterra_Premier,2526,25/10/2025,Chelsea,Sunderland,1,2,1,1,7,4,3,2,1,1,1,1,1
Inglaterra_Premier,2526,25/10/2025,Newcastle,Fulham,2,1,1,0,7,5,3,1,1,1,1,1,1
Inglaterra_Premier,2526,25/10/2025,Man United,Brighton,4,2,2,0,9,5,6,2,1,1,1,1,1
Inglaterra_Premier,2526,25/10/2025,Brentford,Liverpool,3,2,2,1,8,5,5,3,1,1,1,1,1
Inglaterra_Premier,2526,26/10/2025,Arsenal,Crystal Palace,1,0,1,0,3,1,1,1,1,0,0,1,0
Inglaterra_Premier,2526,26/10/2025,Aston Villa,Man City,1,0,1,0,3,4,1,1,1,0,0,1,0
Inglaterra_Premier,2526,26/10/2025,Bournemouth,Nott'm Forest,2,0,2,0,5,4,2,2,1,1,0,1,0
Inglaterra_Premier,2526,26/10/2025,Wolves,Burnley,2,3,2,2,7,7,5,4,1,1,1,1,1
Inglaterra_Premier,2526,26/10/2025,Everton,Tottenham,0,3,0,2,2,4,3,2,1,1,1,1,0
Inglaterra_Premier,2526,01/11/2025,Brighton,Leeds,3,0,1,0,7,2,3,1,1,1,1,1,0
Inglaterra_Premier,2526,01/11/2025,Burnley,Arsenal,0,2,0,2,0,8,2,2,1,1,0,1,0
Inglaterra_Premier,2526,01/11/2025,Crystal Palace,Brentford,2,0,1,0,2,2,2,1,1,1,0,1,0
Inglaterra_Premier,2526,01/11/2025,Fulham,Wolves,3,0,1,0,6,2,3,1,1,1,1,1,0
Inglaterra_Premier,2526,01/11/2025,Nott'm Forest,Man United,2,2,0,1,3,7,4,1,1,1,1,1,1
Inglaterra_Premier,2526,01/11/2025,Tottenham,Chelsea,0,1,0,1,1,9,1,1,1,0,0,1,0
Inglaterra_Premier,2526,01/11/2025,Liverpool,Aston Villa,2,0,1,0,4,3,2,1,1,1,0,1,0
Inglaterra_Premier,2526,02/11/2025,West Ham,Newcastle,3,1,2,1,9,4,4,3,1,1,1,1,1
Inglaterra_Premier,2526,02/11/2025,Man City,Bournemouth,3,1,2,1,8,5,4,3,1,1,1,1,1
Inglaterra_Premier,2526,03/11/2025,Sunderland,Everton,1,1,0,1,3,2,2,1,1,1,0,1,1
Inglaterra_Premier,2526,08/11/2025,Tottenham,Man United,2,2,0,1,4,2,4,1,1,1,1,1,1
Inglaterra_Premier,2526,08/11/2025,Everton,Fulham,2,0,1,0,5,4,2,1,1,1,0,1,0
Inglaterra_Premier,2526,08/11/2025,West Ham,Burnley,3,2,1,1,6,7,5,2,1,1,1,1,1
Inglaterra_Premier,2526,08/11/2025,Sunderland,Arsenal,2,2,1,0,2,7,4,1,1,1,1,1,1
Inglaterra_Premier,2526,08/11/2025,Chelsea,Wolves,3,0,0,0,8,0,3,0,1,1,1,0,0
Inglaterra_Premier,2526,09/11/2025,Aston Villa,Bournemouth,4,0,2,0,8,4,4,2,1,1,1,1,0
Inglaterra_Premier,2526,09/11/2025,Brentford,Newcastle,3,1,0,1,7,1,4,1,1,1,1,1,1
Inglaterra_Premier,2526,09/11/2025,Crystal Palace,Brighton,0,0,0,0,2,3,0,0,0,0,0,0,0
Inglaterra_Premier,2526,09/11/2025,Nott'm Forest,Leeds,3,1,1,1,6,3,4,2,1,1,1,1,1
Inglaterra_Premier,2526,09/11/2025,Man City,Liverpool,3,0,2,0,6,1,3,2,1,1,1,1,0
Inglaterra_Premier,2526,22/11/2025,Burnley,Chelsea,0,2,0,1,2,5,2,1,1,1,0,1,0
Inglaterra_Premier,2526,22/11/2025,Bournemouth,West Ham,2,2,0,2,10,2,4,2,1,1,1,1,1
Inglaterra_Premier,2526,22/11/2025,Brighton,Brentford,2,1,0,1,5,4,3,1,1,1,1,1,1
Inglaterra_Premier,2526,22/11/2025,Fulham,Sunderland,1,0,0,0,6,2,1,0,1,0,0,0,0
Inglaterra_Premier,2526,22/11/2025,Liverpool,Nott'm Forest,0,3,0,1,4,7,3,1,1,1,1,1,0
Inglaterra_Premier,2526,22/11/2025,Wolves,Crystal Palace,0,2,0,0,1,4,2,0,1,1,0,0,0
Inglaterra_Premier,2526,22/11/2025,Newcastle,Man City,2,1,0,0,5,4,3,0,1,1,1,0,1
Inglaterra_Premier,2526,23/11/2025,Leeds,Aston Villa,1,2,1,0,5,3,3,1,1,1,1,1,1
Inglaterra_Premier,2526,23/11/2025,Arsenal,Tottenham,4,1,2,0,8,2,5,2,1,1,1,1,1
Inglaterra_Premier,2526,24/11/2025,Man United,Everton,0,1,0,1,6,1,1,1,1,0,0,1,0
Inglaterra_Premier,2526,29/11/2025,Brentford,Burnley,3,1,0,0,4,2,4,0,1,1,1,0,1
Inglaterra_Premier,2526,29/11/2025,Man City,Leeds,3,2,2,0,9,4,5,2,1,1,1,1,1
Inglaterra_Premier,2526,29/11/2025,Sunderland,Bournemouth,3,2,1,2,6,6,5,3,1,1,1,1,1
Inglaterra_Premier,2526,29/11/2025,Everton,Newcastle,1,4,0,3,2,8,5,3,1,1,1,1,1
Inglaterra_Premier,2526,29/11/2025,Tottenham,Fulham,1,2,0,2,2,3,3,2,1,1,1,1,1
Inglaterra_Premier,2526,30/11/2025,Crystal Palace,Man United,1,2,1,0,3,6,3,1,1,1,1,1,1
Inglaterra_Premier,2526,30/11/2025,Aston Villa,Wolves,1,0,0,0,6,4,1,0,1,0,0,0,0
Inglaterra_Premier,2526,30/11/2025,Nott'm Forest,Brighton,0,2,0,1,3,6,2,1,1,1,0,1,0
Inglaterra_Premier,2526,30/11/2025,West Ham,Liverpool,0,2,0,0,0,5,2,0,1,1,0,0,0
Inglaterra_Premier,2526,30/11/2025,Chelsea,Arsenal,1,1,0,0,4,4,2,0,1,1,0,0,1
Inglaterra_Premier,2526,02/12/2025,Bournemouth,Everton,0,1,0,0,2,3,1,0,1,0,0,0,0
Inglaterra_Premier,2526,02/12/2025,Fulham,Man City,4,5,1,3,6,4,9,4,1,1,1,1,1
Inglaterra_Premier,2526,02/12/2025,Newcastle,Tottenham,2,2,0,0,7,2,4,0,1,1,1,0,1
Inglaterra_Premier,2526,03/12/2025,Arsenal,Brentford,2,0,1,0,7,1,2,1,1,1,0,1,0
Inglaterra_Premier,2526,03/12/2025,Brighton,Aston Villa,3,4,2,2,7,10,7,4,1,1,1,1,1
Inglaterra_Premier,2526,03/12/2025,Burnley,Crystal Palace,0,1,0,1,4,3,1,1,1,0,0,1,0
Inglaterra_Premier,2526,03/12/2025,Wolves,Nott'm Forest,0,1,0,0,1,3,1,0,1,0,0,0,0
Inglaterra_Premier,2526,03/12/2025,Leeds,Chelsea,3,1,2,0,5,2,4,2,1,1,1,1,1
Inglaterra_Premier,2526,03/12/2025,Liverpool,Sunderland,1,1,0,0,4,6,2,0,1,1,0,0,1
Inglaterra_Premier,2526,04/12/2025,Man United,West Ham,1,1,0,0,4,3,2,0,1,1,0,0,1
Inglaterra_Premier,2526,06/12/2025,Aston Villa,Arsenal,2,1,1,0,6,9,3,1,1,1,1,1,1
Inglaterra_Premier,2526,06/12/2025,Bournemouth,Chelsea,0,0,0,0,5,4,0,0,0,0,0,0,0
Inglaterra_Premier,2526,06/12/2025,Everton,Nott'm Forest,3,0,2,0,5,3,3,2,1,1,1,1,0
Inglaterra_Premier,2526,06/12/2025,Man City,Sunderland,3,0,2,0,6,1,3,2,1,1,1,1,0
Inglaterra_Premier,2526,06/12/2025,Newcastle,Burnley,2,1,2,0,7,3,3,2,1,1,1,1,1
Inglaterra_Premier,2526,06/12/2025,Tottenham,Brentford,2,0,2,0,7,1,2,2,1,1,0,1,0
Inglaterra_Premier,2526,06/12/2025,Leeds,Liverpool,3,3,0,0,5,7,6,0,1,1,1,0,1
Inglaterra_Premier,2526,07/12/2025,Brighton,West Ham,1,1,0,0,4,5,2,0,1,1,0,0,1
Inglaterra_Premier,2526,07/12/2025,Fulham,Crystal Palace,1,2,1,1,4,5,3,2,1,1,1,1,1
Inglaterra_Premier,2526,08/12/2025,Wolves,Man United,1,4,1,1,2,10,5,2,1,1,1,1,1
Inglaterra_Premier,2526,13/12/2025,Chelsea,Everton,2,0,2,0,5,2,2,2,1,1,0,1,0
Inglaterra_Premier,2526,13/12/2025,Liverpool,Brighton,2,0,1,0,4,1,2,1,1,1,0,1,0
Inglaterra_Premier,2526,13/12/2025,Burnley,Fulham,2,3,1,2,8,4,5,3,1,1,1,1,1
Inglaterra_Premier,2526,13/12/2025,Arsenal,Wolves,2,1,0,0,2,2,3,0,1,1,1,0,1
Inglaterra_Premier,2526,14/12/2025,Crystal Palace,Man City,0,3,0,1,4,6,3,1,1,1,1,1,0
Inglaterra_Premier,2526,14/12/2025,Nott'm Forest,Tottenham,3,0,1,0,6,1,3,1,1,1,1,1,0
Inglaterra_Premier,2526,14/12/2025,Sunderland,Newcastle,1,0,0,0,1,2,1,0,1,0,0,0,0
Inglaterra_Premier,2526,14/12/2025,West Ham,Aston Villa,2,3,2,1,3,4,5,3,1,1,1,1,1
Inglaterra_Premier,2526,14/12/2025,Brentford,Leeds,1,1,0,0,2,4,2,0,1,1,0,0,1
Inglaterra_Premier,2526,15/12/2025,Man United,Bournemouth,4,4,2,1,9,9,8,3,1,1,1,1,1
Inglaterra_Premier,2526,20/12/2025,Newcastle,Chelsea,2,2,2,0,5,4,4,2,1,1,1,1,1
Inglaterra_Premier,2526,20/12/2025,Bournemouth,Burnley,1,1,0,0,1,1,2,0,1,1,0,0,1
Inglaterra_Premier,2526,20/12/2025,Brighton,Sunderland,0,0,0,0,4,6,0,0,0,0,0,0,0
Inglaterra_Premier,2526,20/12/2025,Man City,West Ham,3,0,2,0,8,3,3,2,1,1,1,1,0
Inglaterra_Premier,2526,20/12/2025,Wolves,Brentford,0,2,0,0,2,6,2,0,1,1,0,0,0
Inglaterra_Premier,2526,20/12/2025,Tottenham,Liverpool,1,2,0,0,4,4,3,0,1,1,1,0,1
Inglaterra_Premier,2526,20/12/2025,Everton,Arsenal,0,1,0,1,1,2,1,1,1,0,0,1,0
Inglaterra_Premier,2526,20/12/2025,Leeds,Crystal Palace,4,1,2,0,8,3,5,2,1,1,1,1,1
Inglaterra_Premier,2526,21/12/2025,Aston Villa,Man United,2,1,1,1,4,6,3,2,1,1,1,1,1
Inglaterra_Premier,2526,22/12/2025,Fulham,Nott'm Forest,1,0,1,0,1,2,1,1,1,0,0,1,0
Inglaterra_Premier,2526,26/12/2025,Man United,Newcastle,1,0,1,0,4,3,1,1,1,0,0,1,0
Inglaterra_Premier,2526,27/12/2025,Nott'm Forest,Man City,1,2,0,0,2,5,3,0,1,1,1,0,1
Inglaterra_Premier,2526,27/12/2025,Arsenal,Brighton,2,1,1,0,6,3,3,1,1,1,1,1,1
Inglaterra_Premier,2526,27/12/2025,Brentford,Bournemouth,4,1,2,0,7,10,5,2,1,1,1,1,1
Inglaterra_Premier,2526,27/12/2025,Burnley,Everton,0,0,0,0,0,6,0,0,0,0,0,0,0
Inglaterra_Premier,2526,27/12/2025,Liverpool,Wolves,2,1,2,0,4,4,3,2,1,1,1,1,1
Inglaterra_Premier,2526,27/12/2025,West Ham,Fulham,0,1,0,0,2,4,1,0,1,0,0,0,0
Inglaterra_Premier,2526,27/12/2025,Chelsea,Aston Villa,1,2,1,0,3,8,3,1,1,1,1,1,1
Inglaterra_Premier,2526,28/12/2025,Sunderland,Leeds,1,1,1,0,3,6,2,1,1,1,0,1,1
Inglaterra_Premier,2526,28/12/2025,Crystal Palace,Tottenham,0,1,0,1,2,4,1,1,1,0,0,1,0
Inglaterra_Premier,2526,30/12/2025,Burnley,Newcastle,1,3,1,2,4,9,4,3,1,1,1,1,1
Inglaterra_Premier,2526,30/12/2025,Chelsea,Bournemouth,2,2,2,2,3,6,4,4,1,1,1,1,1
Inglaterra_Premier,2526,30/12/2025,Nott'm Forest,Everton,0,2,0,1,6,3,2,1,1,1,0,1,0
Inglaterra_Premier,2526,30/12/2025,West Ham,Brighton,2,2,2,1,4,6,4,3,1,1,1,1,1
Inglaterra_Premier,2526,30/12/2025,Arsenal,Aston Villa,4,1,0,0,7,3,5,0,1,1,1,0,1
Inglaterra_Premier,2526,30/12/2025,Man United,Wolves,1,1,1,1,6,4,2,2,1,1,0,1,1
Inglaterra_Premier,2526,01/01/2026,Crystal Palace,Fulham,1,1,1,0,2,5,2,1,1,1,0,1,1
Inglaterra_Premier,2526,01/01/2026,Liverpool,Leeds,0,0,0,0,4,2,0,0,0,0,0,0,0
Inglaterra_Premier,2526,01/01/2026,Brentford,Tottenham,0,0,0,0,2,3,0,0,0,0,0,0,0
Inglaterra_Premier,2526,01/01/2026,Sunderland,Man City,0,0,0,0,4,4,0,0,0,0,0,0,0
Inglaterra_Premier,2526,03/01/2026,Aston Villa,Nott'm Forest,3,1,1,0,4,5,4,1,1,1,1,1,1
Inglaterra_Premier,2526,03/01/2026,Brighton,Burnley,2,0,1,0,4,3,2,1,1,1,0,1,0
Inglaterra_Premier,2526,03/01/2026,Wolves,West Ham,3,0,3,0,8,0,3,3,1,1,1,1,0
Inglaterra_Premier,2526,03/01/2026,Bournemouth,Arsenal,2,3,1,1,3,5,5,2,1,1,1,1,1
Inglaterra_Premier,2526,04/01/2026,Leeds,Man United,1,1,0,0,3,2,2,0,1,1,0,0,1
Inglaterra_Premier,2526,04/01/2026,Everton,Brentford,2,4,0,1,6,7,6,1,1,1,1,1,1
Inglaterra_Premier,2526,04/01/2026,Newcastle,Crystal Palace,2,0,0,0,7,1,2,0,1,1,0,0,0
Inglaterra_Premier,2526,04/01/2026,Tottenham,Sunderland,1,1,1,0,5,3,2,1,1,1,0,1,1
Inglaterra_Premier,2526,04/01/2026,Fulham,Liverpool,2,2,1,0,2,2,4,1,1,1,1,1,1
Inglaterra_Premier,2526,04/01/2026,Man City,Chelsea,1,1,1,0,3,3,2,1,1,1,0,1,1
Inglaterra_Premier,2526,06/01/2026,West Ham,Nott'm Forest,1,2,1,0,3,5,3,1,1,1,1,1,1
Inglaterra_Premier,2526,07/01/2026,Bournemouth,Tottenham,3,2,2,1,3,4,5,3,1,1,1,1,1
Inglaterra_Premier,2526,07/01/2026,Brentford,Sunderland,3,0,1,0,6,3,3,1,1,1,1,1,0
Inglaterra_Premier,2526,07/01/2026,Crystal Palace,Aston Villa,0,0,0,0,5,3,0,0,0,0,0,0,0
Inglaterra_Premier,2526,07/01/2026,Everton,Wolves,1,1,1,0,2,4,2,1,1,1,0,1,1
Inglaterra_Premier,2526,07/01/2026,Fulham,Chelsea,2,1,0,0,5,6,3,0,1,1,1,0,1
Inglaterra_Premier,2526,07/01/2026,Man City,Brighton,1,1,1,0,6,3,2,1,1,1,0,1,1
Inglaterra_Premier,2526,07/01/2026,Burnley,Man United,2,2,1,0,1,10,4,1,1,1,1,1,1
Inglaterra_Premier,2526,07/01/2026,Newcastle,Leeds,4,3,1,2,8,6,7,3,1,1,1,1,1
Inglaterra_Premier,2526,08/01/2026,Arsenal,Liverpool,0,0,0,0,4,0,0,0,0,0,0,0,0
Inglaterra_Premier,2526,17/01/2026,Man United,Man City,2,0,0,0,7,1,2,0,1,1,0,0,0
Inglaterra_Premier,2526,17/01/2026,Chelsea,Brentford,2,0,1,0,2,5,2,1,1,1,0,1,0
Inglaterra_Premier,2526,17/01/2026,Leeds,Fulham,1,0,0,0,5,1,1,0,1,0,0,0,0
Inglaterra_Premier,2526,17/01/2026,Liverpool,Burnley,1,1,1,0,11,1,2,1,1,1,0,1,1
Inglaterra_Premier,2526,17/01/2026,Sunderland,Crystal Palace,2,1,1,1,7,2,3,2,1,1,1,1,1
Inglaterra_Premier,2526,17/01/2026,Tottenham,West Ham,1,2,0,1,6,4,3,1,1,1,1,1,1
Inglaterra_Premier,2526,17/01/2026,Nott'm Forest,Arsenal,0,0,0,0,0,3,0,0,0,0,0,0,0
Inglaterra_Premier,2526,18/01/2026,Wolves,Newcastle,0,0,0,0,2,2,0,0,0,0,0,0,0
Inglaterra_Premier,2526,18/01/2026,Aston Villa,Everton,0,1,0,0,5,3,1,0,1,0,0,0,0
Inglaterra_Premier,2526,19/01/2026,Brighton,Bournemouth,1,1,0,1,5,2,2,1,1,1,0,1,1
Inglaterra_Premier,2526,24/01/2026,West Ham,Sunderland,3,1,3,0,5,2,4,3,1,1,1,1,1
Inglaterra_Premier,2526,24/01/2026,Burnley,Tottenham,2,2,1,1,4,11,4,2,1,1,1,1,1
Inglaterra_Premier,2526,24/01/2026,Fulham,Brighton,2,1,0,1,4,5,3,1,1,1,1,1,1
Inglaterra_Premier,2526,24/01/2026,Man City,Wolves,2,0,2,0,4,1,2,2,1,1,0,1,0
Inglaterra_Premier,2526,24/01/2026,Bournemouth,Liverpool,3,2,2,1,5,4,5,3,1,1,1,1,1
Inglaterra_Premier,2526,25/01/2026,Brentford,Nott'm Forest,0,2,0,1,1,2,2,1,1,1,0,1,0
Inglaterra_Premier,2526,25/01/2026,Crystal Palace,Chelsea,1,3,0,1,7,6,4,1,1,1,1,1,1
Inglaterra_Premier,2526,25/01/2026,Newcastle,Aston Villa,0,2,0,1,4,8,2,1,1,1,0,1,0
Inglaterra_Premier,2526,25/01/2026,Arsenal,Man United,2,3,1,1,4,3,5,2,1,1,1,1,1
Inglaterra_Premier,2526,26/01/2026,Everton,Leeds,1,1,0,1,3,4,2,1,1,1,0,1,1
Inglaterra_Premier,2526,31/01/2026,Brighton,Everton,1,1,0,0,2,4,2,0,1,1,0,0,1
Inglaterra_Premier,2526,31/01/2026,Leeds,Arsenal,0,4,0,2,1,8,4,2,1,1,1,1,0
Inglaterra_Premier,2526,31/01/2026,Wolves,Bournemouth,0,2,0,1,7,4,2,1,1,1,0,1,0
Inglaterra_Premier,2526,31/01/2026,Chelsea,West Ham,3,2,0,2,6,6,5,2,1,1,1,1,1
Inglaterra_Premier,2526,31/01/2026,Liverpool,Newcastle,4,1,2,1,7,2,5,3,1,1,1,1,1
Inglaterra_Premier,2526,01/02/2026,Aston Villa,Brentford,0,1,0,1,5,2,1,1,1,0,0,1,0
Inglaterra_Premier,2526,01/02/2026,Man United,Fulham,3,2,1,0,6,6,5,1,1,1,1,1,1
Inglaterra_Premier,2526,01/02/2026,Nott'm Forest,Crystal Palace,1,1,1,1,1,3,2,2,1,1,0,1,1
Inglaterra_Premier,2526,01/02/2026,Tottenham,Man City,2,2,0,2,6,3,4,2,1,1,1,1,1
Inglaterra_Premier,2526,02/02/2026,Sunderland,Burnley,3,0,2,0,5,0,3,2,1,1,1,1,0
Inglaterra_Premier,2526,06/02/2026,Leeds,Nott'm Forest,3,1,2,0,5,6,4,2,1,1,1,1,1
Inglaterra_Premier,2526,07/02/2026,Man United,Tottenham,2,0,1,0,10,1,2,1,1,1,0,1,0
Inglaterra_Premier,2526,07/02/2026,Arsenal,Sunderland,3,0,1,0,5,3,3,1,1,1,1,1,0
Inglaterra_Premier,2526,07/02/2026,Bournemouth,Aston Villa,1,1,0,1,9,4,2,1,1,1,0,1,1
Inglaterra_Premier,2526,07/02/2026,Burnley,West Ham,0,2,0,2,5,4,2,2,1,1,0,1,0
Inglaterra_Premier,2526,07/02/2026,Fulham,Everton,1,2,1,0,3,3,3,1,1,1,1,1,1
Inglaterra_Premier,2526,07/02/2026,Wolves,Chelsea,1,3,0,3,3,6,4,3,1,1,1,1,1
Inglaterra_Premier,2526,07/02/2026,Newcastle,Brentford,2,3,1,2,4,5,5,3,1,1,1,1,1
Inglaterra_Premier,2526,08/02/2026,Brighton,Crystal Palace,0,1,0,0,2,4,1,0,1,0,0,0,0
Inglaterra_Premier,2526,08/02/2026,Liverpool,Man City,1,2,0,0,4,7,3,0,1,1,1,0,1
Inglaterra_Premier,2526,10/02/2026,Chelsea,Leeds,2,2,1,0,4,2,4,1,1,1,1,1,1
Inglaterra_Premier,2526,10/02/2026,Everton,Bournemouth,1,2,1,0,6,4,3,1,1,1,1,1,1
Inglaterra_Premier,2526,10/02/2026,Tottenham,Newcastle,1,2,0,1,2,5,3,1,1,1,1,1,1
Inglaterra_Premier,2526,10/02/2026,West Ham,Man United,1,1,0,0,3,3,2,0,1,1,0,0,1
Inglaterra_Premier,2526,11/02/2026,Aston Villa,Brighton,1,0,0,0,1,3,1,0,1,0,0,0,0
Inglaterra_Premier,2526,11/02/2026,Crystal Palace,Burnley,2,3,2,3,3,3,5,5,1,1,1,1,1
Inglaterra_Premier,2526,11/02/2026,Man City,Fulham,3,0,3,0,5,3,3,3,1,1,1,1,0
Inglaterra_Premier,2526,11/02/2026,Nott'm Forest,Wolves,0,0,0,0,10,3,0,0,0,0,0,0,0
Inglaterra_Premier,2526,11/02/2026,Sunderland,Liverpool,0,1,0,0,2,3,1,0,1,0,0,0,0
Inglaterra_Premier,2526,12/02/2026,Brentford,Arsenal,1,1,0,0,3,2,2,0,1,1,0,0,1
Inglaterra_Premier,2526,18/02/2026,Wolves,Arsenal,2,2,0,1,2,4,4,1,1,1,1,1,1
Inglaterra_Premier,2526,21/02/2026,Aston Villa,Leeds,1,1,0,1,4,4,2,1,1,1,0,1,1
Inglaterra_Premier,2526,21/02/2026,Brentford,Brighton,0,2,0,2,3,7,2,2,1,1,0,1,0
Inglaterra_Premier,2526,21/02/2026,Chelsea,Burnley,1,1,1,0,2,4,2,1,1,1,0,1,1
Inglaterra_Premier,2526,21/02/2026,West Ham,Bournemouth,0,0,0,0,3,5,0,0,0,0,0,0,0
Inglaterra_Premier,2526,21/02/2026,Man City,Newcastle,2,1,2,1,7,7,3,3,1,1,1,1,1
Inglaterra_Premier,2526,22/02/2026,Crystal Palace,Wolves,1,0,0,0,3,7,1,0,1,0,0,0,0
Inglaterra_Premier,2526,22/02/2026,Nott'm Forest,Liverpool,0,1,0,0,2,4,1,0,1,0,0,0,0
Inglaterra_Premier,2526,22/02/2026,Sunderland,Fulham,1,3,0,0,2,4,4,0,1,1,1,0,1
Inglaterra_Premier,2526,22/02/2026,Tottenham,Arsenal,1,4,1,1,5,7,5,2,1,1,1,1,1
Inglaterra_Premier,2526,23/02/2026,Everton,Man United,0,1,0,0,4,3,1,0,1,0,0,0,0
Inglaterra_Premier,2526,27/02/2026,Wolves,Aston Villa,2,0,0,0,2,5,2,0,1,1,0,0,0
Inglaterra_Premier,2526,28/02/2026,Bournemouth,Sunderland,1,1,0,1,5,4,2,1,1,1,0,1,1
Inglaterra_Premier,2526,28/02/2026,Burnley,Brentford,3,4,1,3,3,7,7,4,1,1,1,1,1
Inglaterra_Premier,2526,28/02/2026,Liverpool,West Ham,5,2,3,0,7,4,7,3,1,1,1,1,1
Inglaterra_Premier,2526,28/02/2026,Newcastle,Everton,2,3,1,2,7,5,5,3,1,1,1,1,1
Inglaterra_Premier,2526,28/02/2026,Leeds,Man City,0,1,0,1,2,5,1,1,1,0,0,1,0
Inglaterra_Premier,2526,01/03/2026,Brighton,Nott'm Forest,2,1,2,1,7,4,3,3,1,1,1,1,1
Inglaterra_Premier,2526,01/03/2026,Fulham,Tottenham,2,1,2,0,4,1,3,2,1,1,1,1,1
Inglaterra_Premier,2526,01/03/2026,Man United,Crystal Palace,2,1,0,1,11,3,3,1,1,1,1,1,1
Inglaterra_Premier,2526,01/03/2026,Arsenal,Chelsea,2,1,1,1,5,3,3,2,1,1,1,1,1
Inglaterra_Premier,2526,03/03/2026,Bournemouth,Brentford,0,0,0,0,2,2,0,0,0,0,0,0,0
Inglaterra_Premier,2526,03/03/2026,Everton,Burnley,2,0,1,0,5,2,2,1,1,1,0,1,0
Inglaterra_Premier,2526,03/03/2026,Leeds,Sunderland,0,1,0,0,4,1,1,0,1,0,0,0,0
Inglaterra_Premier,2526,03/03/2026,Wolves,Liverpool,2,1,0,0,3,7,3,0,1,1,1,0,1
Inglaterra_Premier,2526,04/03/2026,Aston Villa,Chelsea,1,4,1,2,4,8,5,3,1,1,1,1,1
Inglaterra_Premier,2526,04/03/2026,Brighton,Arsenal,0,1,0,1,3,2,1,1,1,0,0,1,0
Inglaterra_Premier,2526,04/03/2026,Fulham,West Ham,0,1,0,0,5,3,1,0,1,0,0,0,0
Inglaterra_Premier,2526,04/03/2026,Man City,Nott'm Forest,2,2,1,0,7,4,4,1,1,1,1,1,1
Inglaterra_Premier,2526,04/03/2026,Newcastle,Man United,2,1,1,1,5,5,3,2,1,1,1,1,1
Inglaterra_Premier,2526,05/03/2026,Tottenham,Crystal Palace,1,3,1,3,4,4,4,4,1,1,1,1,1
Inglaterra_Premier,2526,14/03/2026,Burnley,Bournemouth,0,0,0,0,2,3,0,0,0,0,0,0,0
Inglaterra_Premier,2526,14/03/2026,Sunderland,Brighton,0,1,0,0,4,4,1,0,1,0,0,0,0
Inglaterra_Premier,2526,14/03/2026,Arsenal,Everton,2,0,0,0,7,3,2,0,1,1,0,0,0
Inglaterra_Premier,2526,14/03/2026,Chelsea,Newcastle,0,1,0,1,3,5,1,1,1,0,0,1,0
Inglaterra_Premier,2526,14/03/2026,West Ham,Man City,1,1,1,1,1,6,2,2,1,1,0,1,1
Inglaterra_Premier,2526,15/03/2026,Crystal Palace,Leeds,0,0,0,0,0,3,0,0,0,0,0,0,0
Inglaterra_Premier,2526,15/03/2026,Man United,Aston Villa,3,1,0,0,6,2,4,0,1,1,1,0,1
Inglaterra_Premier,2526,15/03/2026,Nott'm Forest,Fulham,0,0,0,0,2,0,0,0,0,0,0,0,0
Inglaterra_Premier,2526,15/03/2026,Liverpool,Tottenham,1,1,1,0,4,7,2,1,1,1,0,1,1
Inglaterra_Premier,2526,16/03/2026,Brentford,Wolves,2,2,2,1,3,4,4,3,1,1,1,1,1
Inglaterra_Premier,2526,20/03/2026,Bournemouth,Man United,2,2,0,0,5,5,4,0,1,1,1,0,1
Inglaterra_Premier,2526,21/03/2026,Brighton,Liverpool,2,1,1,1,7,5,3,2,1,1,1,1,1
Inglaterra_Premier,2526,21/03/2026,Fulham,Burnley,3,1,0,0,6,5,4,0,1,1,1,0,1
Inglaterra_Premier,2526,21/03/2026,Everton,Chelsea,3,0,1,0,9,4,3,1,1,1,1,1,0
Inglaterra_Premier,2526,21/03/2026,Leeds,Brentford,0,0,0,0,4,2,0,0,0,0,0,0,0
Inglaterra_Premier,2526,22/03/2026,Newcastle,Sunderland,1,2,1,0,4,7,3,1,1,1,1,1,1
Inglaterra_Premier,2526,22/03/2026,Aston Villa,West Ham,2,0,1,0,7,1,2,1,1,1,0,1,0
Inglaterra_Premier,2526,22/03/2026,Tottenham,Nott'm Forest,0,3,0,1,3,7,3,1,1,1,1,1,0
Inglaterra_Premier,2526,10/04/2026,West Ham,Wolves,4,0,1,0,7,3,4,1,1,1,1,1,0
Inglaterra_Premier,2526,11/04/2026,Arsenal,Bournemouth,1,2,1,1,3,3,3,2,1,1,1,1,1
Inglaterra_Premier,2526,11/04/2026,Brentford,Everton,2,2,1,1,4,7,4,2,1,1,1,1,1
Inglaterra_Premier,2526,11/04/2026,Burnley,Brighton,0,2,0,1,5,6,2,1,1,1,0,1,0
Inglaterra_Premier,2526,11/04/2026,Liverpool,Fulham,2,0,2,0,5,4,2,2,1,1,0,1,0
Inglaterra_Premier,2526,12/04/2026,Crystal Palace,Newcastle,2,1,0,1,5,3,3,1,1,1,1,1,1
Inglaterra_Premier,2526,12/04/2026,Nott'm Forest,Aston Villa,1,1,1,1,4,5,2,2,1,1,0,1,1
Inglaterra_Premier,2526,12/04/2026,Sunderland,Tottenham,1,0,0,0,2,7,1,0,1,0,0,0,0
Inglaterra_Premier,2526,12/04/2026,Chelsea,Man City,0,3,0,0,3,8,3,0,1,1,1,0,0
Inglaterra_Premier,2526,13/04/2026,Man United,Leeds,1,2,0,2,9,6,3,2,1,1,1,1,1
Inglaterra_Premier,2526,18/04/2026,Brentford,Fulham,0,0,0,0,4,0,0,0,0,0,0,0,0
Inglaterra_Premier,2526,18/04/2026,Leeds,Wolves,3,0,2,0,6,2,3,2,1,1,1,1,0
Inglaterra_Premier,2526,18/04/2026,Newcastle,Bournemouth,1,2,0,1,3,3,3,1,1,1,1,1,1
Inglaterra_Premier,2526,18/04/2026,Tottenham,Brighton,2,2,1,1,6,3,4,2,1,1,1,1,1
Inglaterra_Premier,2526,18/04/2026,Chelsea,Man United,0,1,0,1,3,1,1,1,1,0,0,1,0
Inglaterra_Premier,2526,19/04/2026,Aston Villa,Sunderland,4,3,2,1,7,7,7,3,1,1,1,1,1
Inglaterra_Premier,2526,19/04/2026,Everton,Liverpool,1,2,0,1,4,6,3,1,1,1,1,1,1
Inglaterra_Premier,2526,19/04/2026,Nott'm Forest,Burnley,4,1,0,1,4,3,5,1,1,1,1,1,1
Inglaterra_Premier,2526,19/04/2026,Man City,Arsenal,2,1,1,1,5,3,3,2,1,1,1,1,1
Inglaterra_Premier,2526,20/04/2026,Crystal Palace,West Ham,0,0,0,0,1,4,0,0,0,0,0,0,0
Inglaterra_Premier,2526,21/04/2026,Brighton,Chelsea,3,0,1,0,9,0,3,1,1,1,1,1,0
Inglaterra_Premier,2526,22/04/2026,Bournemouth,Leeds,2,2,0,0,7,3,4,0,1,1,1,0,1
Inglaterra_Premier,2526,22/04/2026,Burnley,Man City,0,1,0,1,1,9,1,1,1,0,0,1,0
Inglaterra_Premier,2526,24/04/2026,Sunderland,Nott'm Forest,0,5,0,4,4,6,5,4,1,1,1,1,0
Inglaterra_Premier,2526,25/04/2026,Fulham,Aston Villa,1,0,1,0,6,1,1,1,1,0,0,1,0
Inglaterra_Premier,2526,25/04/2026,Liverpool,Crystal Palace,3,1,2,0,3,7,4,2,1,1,1,1,1
Inglaterra_Premier,2526,25/04/2026,West Ham,Everton,2,1,0,0,3,3,3,0,1,1,1,0,1
Inglaterra_Premier,2526,25/04/2026,Wolves,Tottenham,0,1,0,0,2,2,1,0,1,0,0,0,0
Inglaterra_Premier,2526,25/04/2026,Arsenal,Newcastle,1,0,1,0,4,3,1,1,1,0,0,1,0
Inglaterra_Premier,2526,27/04/2026,Man United,Brentford,2,1,2,0,6,4,3,2,1,1,1,1,1
Inglaterra_Premier,2526,01/05/2026,Leeds,Burnley,3,1,1,0,8,3,4,1,1,1,1,1,1
Inglaterra_Premier,2526,02/05/2026,Brentford,West Ham,3,0,1,0,6,4,3,1,1,1,1,1,0
Inglaterra_Premier,2526,02/05/2026,Newcastle,Brighton,3,1,2,0,6,4,4,2,1,1,1,1,1
Inglaterra_Premier,2526,02/05/2026,Wolves,Sunderland,1,1,0,1,7,2,2,1,1,1,0,1,1
Inglaterra_Premier,2526,02/05/2026,Arsenal,Fulham,3,0,3,0,9,1,3,3,1,1,1,1,0
Inglaterra_Premier,2526,03/05/2026,Bournemouth,Crystal Palace,3,0,2,0,5,1,3,2,1,1,1,1,0
Inglaterra_Premier,2526,03/05/2026,Man United,Liverpool,3,2,2,0,6,5,5,2,1,1,1,1,1
Inglaterra_Premier,2526,03/05/2026,Aston Villa,Tottenham,1,2,0,2,1,5,3,2,1,1,1,1,1
Inglaterra_Premier,2526,04/05/2026,Chelsea,Nott'm Forest,1,3,0,2,5,4,4,2,1,1,1,1,1
Inglaterra_Premier,2526,04/05/2026,Everton,Man City,3,3,0,1,6,4,6,1,1,1,1,1,1
Inglaterra_Premier,2526,09/05/2026,Liverpool,Chelsea,1,1,1,1,3,3,2,2,1,1,0,1,1
Inglaterra_Premier,2526,09/05/2026,Brighton,Wolves,3,0,2,0,6,1,3,2,1,1,1,1,0
Inglaterra_Premier,2526,09/05/2026,Fulham,Bournemouth,0,1,0,0,2,5,1,0,1,0,0,0,0
Inglaterra_Premier,2526,09/05/2026,Sunderland,Man United,0,0,0,0,4,1,0,0,0,0,0,0,0
Inglaterra_Premier,2526,09/05/2026,Man City,Brentford,3,0,0,0,10,2,3,0,1,1,1,0,0
Inglaterra_Premier,2526,10/05/2026,Burnley,Aston Villa,2,2,1,1,6,7,4,2,1,1,1,1,1
Inglaterra_Premier,2526,10/05/2026,Crystal Palace,Everton,2,2,1,1,8,6,4,2,1,1,1,1,1
Inglaterra_Premier,2526,10/05/2026,Nott'm Forest,Newcastle,1,1,0,0,6,6,2,0,1,1,0,0,1
Inglaterra_Premier,2526,10/05/2026,West Ham,Arsenal,0,1,0,0,3,4,1,0,1,0,0,0,0
Inglaterra_Premier,2526,11/05/2026,Tottenham,Leeds,1,1,0,0,3,4,2,0,1,1,0,0,1
Inglaterra_Premier,2526,13/05/2026,Man City,Crystal Palace,3,0,2,0,4,2,3,2,1,1,1,1,0
Inglaterra_Premier,2526,15/05/2026,Aston Villa,Liverpool,4,2,1,0,9,5,6,1,1,1,1,1,1
Inglaterra_Premier,2526,17/05/2026,Man United,Nott'm Forest,3,2,1,0,8,4,5,1,1,1,1,1,1
Inglaterra_Premier,2526,17/05/2026,Brentford,Crystal Palace,2,2,1,1,3,5,4,2,1,1,1,1,1
Inglaterra_Premier,2526,17/05/2026,Everton,Sunderland,1,3,1,0,4,3,4,1,1,1,1,1,1
Inglaterra_Premier,2526,17/05/2026,Leeds,Brighton,1,0,0,0,1,8,1,0,1,0,0,0,0
Inglaterra_Premier,2526,17/05/2026,Wolves,Fulham,1,1,1,1,3,5,2,2,1,1,0,1,1
Inglaterra_Premier,2526,17/05/2026,Newcastle,West Ham,3,1,2,0,7,8,4,2,1,1,1,1,1
Inglaterra_Premier,2526,18/05/2026,Arsenal,Burnley,1,0,1,0,3,0,1,1,1,0,0,1,0
Inglaterra_Premier,2526,19/05/2026,Bournemouth,Man City,1,1,1,0,2,5,2,1,1,1,0,1,1
Inglaterra_Premier,2526,19/05/2026,Chelsea,Tottenham,2,1,1,0,4,3,3,1,1,1,1,1,1
Inglaterra_Premier,2526,24/05/2026,Brighton,Man United,0,3,0,2,2,7,3,2,1,1,1,1,0
Inglaterra_Premier,2526,24/05/2026,Burnley,Wolves,1,1,0,1,8,4,2,1,1,1,0,1,1
Inglaterra_Premier,2526,24/05/2026,Crystal Palace,Arsenal,1,2,0,1,3,7,3,1,1,1,1,1,1
Inglaterra_Premier,2526,24/05/2026,Fulham,Newcastle,2,0,1,0,6,2,2,1,1,1,0,1,0
Inglaterra_Premier,2526,24/05/2026,Liverpool,Brentford,1,1,0,0,8,2,2,0,1,1,0,0,1
Inglaterra_Premier,2526,24/05/2026,Man City,Aston Villa,1,2,1,0,3,5,3,1,1,1,1,1,1
Inglaterra_Premier,2526,24/05/2026,Nott'm Forest,Bournemouth,1,1,1,0,5,4,2,1,1,1,0,1,1
Inglaterra_Premier,2526,24/05/2026,Sunderland,Chelsea,2,1,1,0,2,1,3,1,1,1,1,1,1
Inglaterra_Premier,2526,24/05/2026,Tottenham,Everton,1,0,1,0,6,3,1,1,1,0,0,1,0
Inglaterra_Premier,2526,24/05/2026,West Ham,Leeds,3,0,0,0,9,3,3,0,1,1,1,0,0
Escocia_Premiership,2526,02/08/2025,Kilmarnock,Livingston,2,2,2,0,2,6,4,2,1,1,1,1,1
Escocia_Premiership,2526,02/08/2025,Motherwell,Rangers,1,1,0,1,5,5,2,1,1,1,0,1,1
Escocia_Premiership,2526,03/08/2025,Falkirk,Dundee United,2,2,0,1,4,5,4,1,1,1,1,1,1
Escocia_Premiership,2526,03/08/2025,Dundee,Hibernian,1,2,1,2,1,5,3,3,1,1,1,1,1
Escocia_Premiership,2526,03/08/2025,Celtic,St Mirren,1,0,0,0,6,2,1,0,1,0,0,0,0
Escocia_Premiership,2526,04/08/2025,Hearts,Aberdeen,2,0,1,0,3,1,2,1,1,1,0,1,0
Escocia_Premiership,2526,09/08/2025,Livingston,Falkirk,3,1,2,0,5,3,4,2,1,1,1,1,1
Escocia_Premiership,2526,09/08/2025,St Mirren,Motherwell,0,0,0,0,4,3,0,0,0,0,0,0,0
Escocia_Premiership,2526,09/08/2025,Rangers,Dundee,1,1,0,0,5,2,2,0,1,1,0,0,1
Escocia_Premiership,2526,10/08/2025,Aberdeen,Celtic,0,2,0,1,2,4,2,1,1,1,0,1,0
Escocia_Premiership,2526,10/08/2025,Dundee United,Hearts,2,3,2,1,5,8,5,3,1,1,1,1,1
Escocia_Premiership,2526,10/08/2025,Hibernian,Kilmarnock,2,2,2,1,6,2,4,3,1,1,1,1,1
Escocia_Premiership,2526,23/08/2025,Celtic,Livingston,3,0,0,0,9,2,3,0,1,1,1,0,0
Escocia_Premiership,2526,23/08/2025,Hearts,Motherwell,3,3,0,1,9,3,6,1,1,1,1,1,1
Escocia_Premiership,2526,23/08/2025,Kilmarnock,Dundee,0,0,0,0,5,1,0,0,0,0,0,0,0
Escocia_Premiership,2526,24/08/2025,St Mirren,Rangers,1,1,1,0,4,6,2,1,1,1,0,1,1
Escocia_Premiership,2526,30/08/2025,Livingston,Hearts,1,2,1,0,2,3,3,1,1,1,1,1,1
Escocia_Premiership,2526,30/08/2025,Motherwell,Kilmarnock,2,2,1,1,4,5,4,2,1,1,1,1,1
Escocia_Premiership,2526,31/08/2025,Rangers,Celtic,0,0,0,0,0,2,0,0,0,0,0,0,0
Escocia_Premiership,2526,31/08/2025,Dundee,Dundee United,0,2,0,1,1,5,2,1,1,1,0,1,0
Escocia_Premiership,2526,31/08/2025,Aberdeen,Falkirk,0,1,0,0,4,9,1,0,1,0,0,0,0
Escocia_Premiership,2526,31/08/2025,Hibernian,St Mirren,1,1,0,0,5,4,2,0,1,1,0,0,1
Escocia_Premiership,2526,13/09/2025,Aberdeen,Livingston,0,0,0,0,2,2,0,0,0,0,0,0,0
Escocia_Premiership,2526,13/09/2025,Dundee,Motherwell,1,1,0,1,4,4,2,1,1,1,0,1,1
Escocia_Premiership,2526,13/09/2025,Falkirk,St Mirren,1,2,0,0,2,5,3,0,1,1,1,0,1
Escocia_Premiership,2526,13/09/2025,Rangers,Hearts,0,2,0,1,5,5,2,1,1,1,0,1,0
Escocia_Premiership,2526,13/09/2025,Hibernian,Dundee United,3,3,1,2,12,9,6,3,1,1,1,1,1
Escocia_Premiership,2526,14/09/2025,Kilmarnock,Celtic,1,2,0,0,2,6,3,0,1,1,1,0,1
Escocia_Premiership,2526,20/09/2025,Dundee,Livingston,3,2,1,0,4,6,5,1,1,1,1,1,1
Escocia_Premiership,2526,23/09/2025,Dundee United,Aberdeen,2,0,1,0,5,2,2,1,1,1,0,1,0
Escocia_Premiership,2526,23/09/2025,Falkirk,Hibernian,2,2,1,2,6,8,4,3,1,1,1,1,1
Escocia_Premiership,2526,27/09/2025,Celtic,Hibernian,0,0,0,0,6,1,0,0,0,0,0,0,0
Escocia_Premiership,2526,27/09/2025,Dundee United,Kilmarnock,0,2,0,1,7,7,2,1,1,1,0,1,0
Escocia_Premiership,2526,27/09/2025,Hearts,Falkirk,3,0,2,0,10,3,3,2,1,1,1,1,0
Escocia_Premiership,2526,27/09/2025,St Mirren,Dundee,1,0,1,0,4,4,1,1,1,0,0,1,0
Escocia_Premiership,2526,27/09/2025,Motherwell,Aberdeen,2,0,0,0,3,4,2,0,1,1,0,0,0
Escocia_Premiership,2526,28/09/2025,Livingston,Rangers,1,2,0,1,3,7,3,1,1,1,1,1,1
Escocia_Premiership,2526,04/10/2025,Dundee United,Livingston,1,1,0,1,6,4,2,1,1,1,0,1,1
Escocia_Premiership,2526,04/10/2025,Kilmarnock,St Mirren,2,0,2,0,5,0,2,2,1,1,0,1,0
Escocia_Premiership,2526,04/10/2025,Hearts,Hibernian,1,0,0,0,3,1,1,0,1,0,0,0,0
Escocia_Premiership,2526,05/10/2025,Aberdeen,Dundee,4,0,3,0,9,2,4,3,1,1,1,1,0
Escocia_Premiership,2526,05/10/2025,Celtic,Motherwell,3,2,1,1,9,3,5,2,1,1,1,1,1
Escocia_Premiership,2526,05/10/2025,Falkirk,Rangers,1,1,0,1,4,2,2,1,1,1,0,1,1
Escocia_Premiership,2526,18/10/2025,Hibernian,Livingston,4,0,1,0,12,2,4,1,1,1,1,1,0
Escocia_Premiership,2526,18/10/2025,Motherwell,Falkirk,1,2,1,0,5,5,3,1,1,1,1,1,1
Escocia_Premiership,2526,18/10/2025,Rangers,Dundee United,2,2,1,0,8,4,4,1,1,1,1,1,1
Escocia_Premiership,2526,18/10/2025,St Mirren,Aberdeen,0,1,0,0,1,4,1,0,1,0,0,0,0
Escocia_Premiership,2526,18/10/2025,Kilmarnock,Hearts,0,3,0,1,2,5,3,1,1,1,1,1,0
Escocia_Premiership,2526,19/10/2025,Dundee,Celtic,2,0,2,0,2,3,2,2,1,1,0,1,0
Escocia_Premiership,2526,25/10/2025,Dundee United,St Mirren,3,1,1,1,5,3,4,2,1,1,1,1,1
Escocia_Premiership,2526,25/10/2025,Falkirk,Dundee,2,1,0,1,5,3,3,1,1,1,1,1,1
Escocia_Premiership,2526,25/10/2025,Livingston,Motherwell,1,2,1,0,4,2,3,1,1,1,1,1,1
Escocia_Premiership,2526,26/10/2025,Hearts,Celtic,3,1,1,1,7,2,4,2,1,1,1,1,1
Escocia_Premiership,2526,26/10/2025,Aberdeen,Hibernian,1,2,0,1,5,6,3,1,1,1,1,1,1
Escocia_Premiership,2526,26/10/2025,Rangers,Kilmarnock,3,1,1,1,6,3,4,2,1,1,1,1,1
Escocia_Premiership,2526,29/10/2025,Celtic,Falkirk,4,0,2,0,11,4,4,2,1,1,1,1,0
Escocia_Premiership,2526,29/10/2025,Hibernian,Rangers,0,1,0,1,4,3,1,1,1,0,0,1,0
Escocia_Premiership,2526,29/10/2025,Kilmarnock,Aberdeen,0,1,0,1,4,3,1,1,1,0,0,1,0
Escocia_Premiership,2526,29/10/2025,Motherwell,Dundee United,2,0,1,0,5,1,2,1,1,1,0,1,0
Escocia_Premiership,2526,29/10/2025,St Mirren,Hearts,2,2,1,1,6,8,4,2,1,1,1,1,1
Escocia_Premiership,2526,01/11/2025,Falkirk,Kilmarnock,3,1,3,0,7,5,4,3,1,1,1,1,1
Escocia_Premiership,2526,01/11/2025,Hearts,Dundee,4,0,2,0,10,0,4,2,1,1,1,1,0
Escocia_Premiership,2526,01/11/2025,Livingston,Hibernian,2,2,1,1,5,5,4,2,1,1,1,1,1
Escocia_Premiership,2526,08/11/2025,Falkirk,Livingston,1,1,1,0,2,5,2,1,1,1,0,1,1
Escocia_Premiership,2526,08/11/2025,St Mirren,Hibernian,0,3,0,1,4,5,3,1,1,1,1,1,0
Escocia_Premiership,2526,09/11/2025,Aberdeen,Motherwell,1,1,0,0,2,3,2,0,1,1,0,0,1
Escocia_Premiership,2526,09/11/2025,Dundee,Rangers,0,3,0,2,5,10,3,2,1,1,1,1,0
Escocia_Premiership,2526,09/11/2025,Hearts,Dundee United,1,1,1,1,2,3,2,2,1,1,0,1,1
Escocia_Premiership,2526,09/11/2025,Celtic,Kilmarnock,4,0,1,0,7,1,4,1,1,1,1,1,0
Escocia_Premiership,2526,22/11/2025,Dundee United,Falkirk,0,3,0,2,5,4,3,2,1,1,1,1,0
Escocia_Premiership,2526,22/11/2025,Hibernian,Dundee,2,0,1,0,5,4,2,1,1,1,0,1,0
Escocia_Premiership,2526,22/11/2025,Kilmarnock,Motherwell,1,3,0,2,6,5,4,2,1,1,1,1,1
Escocia_Premiership,2526,22/11/2025,Rangers,Livingston,2,1,1,1,2,2,3,2,1,1,1,1,1
Escocia_Premiership,2526,22/11/2025,St Mirren,Celtic,0,1,0,0,2,2,1,0,1,0,0,0,0
Escocia_Premiership,2526,23/11/2025,Aberdeen,Hearts,1,0,1,0,2,4,1,1,1,0,0,1,0
Escocia_Premiership,2526,25/11/2025,Motherwell,Hibernian,2,0,2,0,5,1,2,2,1,1,0,1,0
Escocia_Premiership,2526,29/11/2025,Dundee,St Mirren,3,1,2,1,4,3,4,3,1,1,1,1,1
Escocia_Premiership,2526,29/11/2025,Motherwell,Hearts,0,0,0,0,5,1,0,0,0,0,0,0,0
Escocia_Premiership,2526,29/11/2025,Kilmarnock,Dundee United,1,1,1,0,3,3,2,1,1,1,0,1,1
Escocia_Premiership,2526,30/11/2025,Hibernian,Celtic,1,2,0,2,4,2,3,2,1,1,1,1,1
Escocia_Premiership,2526,30/11/2025,Rangers,Falkirk,0,0,0,0,4,2,0,0,0,0,0,0,0
Escocia_Premiership,2526,30/11/2025,Livingston,Aberdeen,0,1,0,0,3,4,1,0,1,0,0,0,0
Escocia_Premiership,2526,03/12/2025,Aberdeen,St Mirren,3,3,0,0,8,4,6,0,1,1,1,0,1
Escocia_Premiership,2526,03/12/2025,Celtic,Dundee,1,0,1,0,6,3,1,1,1,0,0,1,0
Escocia_Premiership,2526,03/12/2025,Dundee United,Rangers,2,2,1,1,6,10,4,2,1,1,1,1,1
Escocia_Premiership,2526,03/12/2025,Falkirk,Motherwell,0,0,0,0,1,1,0,0,0,0,0,0,0
Escocia_Premiership,2526,03/12/2025,Hearts,Kilmarnock,1,1,0,0,3,5,2,0,1,1,0,0,1
Escocia_Premiership,2526,06/12/2025,Dundee,Aberdeen,1,3,0,2,2,8,4,2,1,1,1,1,1
Escocia_Premiership,2526,06/12/2025,Hibernian,Falkirk,3,0,2,0,5,4,3,2,1,1,1,1,0
Escocia_Premiership,2526,06/12/2025,Motherwell,Livingston,3,0,1,0,7,1,3,1,1,1,1,1,0
Escocia_Premiership,2526,06/12/2025,St Mirren,Dundee United,2,0,1,0,5,3,2,1,1,1,0,1,0
Escocia_Premiership,2526,06/12/2025,Kilmarnock,Rangers,0,3,0,1,3,6,3,1,1,1,1,1,0
Escocia_Premiership,2526,07/12/2025,Celtic,Hearts,1,2,0,1,5,3,3,1,1,1,1,1,1
Escocia_Premiership,2526,13/12/2025,Dundee United,Motherwell,0,0,0,0,1,3,0,0,0,0,0,0,0
Escocia_Premiership,2526,13/12/2025,Livingston,Dundee,2,2,0,2,6,3,4,2,1,1,1,1,1
Escocia_Premiership,2526,13/12/2025,Falkirk,Hearts,0,2,0,1,1,5,2,1,1,1,0,1,0
Escocia_Premiership,2526,14/12/2025,Aberdeen,Kilmarnock,2,1,0,1,8,5,3,1,1,1,1,1,1
Escocia_Premiership,2526,15/12/2025,Rangers,Hibernian,1,0,1,0,8,3,1,1,1,0,0,1,0
Escocia_Premiership,2526,17/12/2025,Dundee United,Celtic,2,1,0,1,7,2,3,1,1,1,1,1,1
Escocia_Premiership,2526,20/12/2025,Dundee United,Hibernian,1,1,1,1,2,5,2,2,1,1,0,1,1
Escocia_Premiership,2526,20/12/2025,Kilmarnock,Falkirk,0,1,0,0,3,4,1,0,1,0,0,0,0
Escocia_Premiership,2526,20/12/2025,Motherwell,Dundee,1,0,0,0,7,2,1,0,1,0,0,0,0
Escocia_Premiership,2526,20/12/2025,St Mirren,Livingston,1,0,0,0,4,1,1,0,1,0,0,0,0
Escocia_Premiership,2526,21/12/2025,Hearts,Rangers,2,1,2,0,5,2,3,2,1,1,1,1,1
Escocia_Premiership,2526,21/12/2025,Celtic,Aberdeen,3,1,1,0,10,2,4,1,1,1,1,1,1
Escocia_Premiership,2526,27/12/2025,Hibernian,Hearts,3,2,2,0,7,7,5,2,1,1,1,1,1
Escocia_Premiership,2526,27/12/2025,Dundee,Falkirk,1,0,1,0,4,1,1,1,1,0,0,1,0
Escocia_Premiership,2526,27/12/2025,Livingston,Celtic,2,4,2,4,3,7,6,6,1,1,1,1,1
Escocia_Premiership,2526,27/12/2025,Rangers,Motherwell,1,0,0,0,13,5,1,0,1,0,0,0,0
Escocia_Premiership,2526,27/12/2025,St Mirren,Kilmarnock,0,0,0,0,7,3,0,0,0,0,0,0,0
Escocia_Premiership,2526,27/12/2025,Aberdeen,Dundee United,1,1,0,1,6,3,2,1,1,1,0,1,1
Escocia_Premiership,2526,30/12/2025,Dundee,Kilmarnock,2,1,0,1,6,4,3,1,1,1,1,1,1
Escocia_Premiership,2526,30/12/2025,Hibernian,Aberdeen,2,0,0,0,5,2,2,0,1,1,0,0,0
Escocia_Premiership,2526,30/12/2025,Livingston,Dundee United,1,3,0,1,6,10,4,1,1,1,1,1,1
Escocia_Premiership,2526,30/12/2025,Rangers,St Mirren,2,1,1,0,5,4,3,1,1,1,1,1,1
Escocia_Premiership,2526,30/12/2025,Motherwell,Celtic,2,0,1,0,6,3,2,1,1,1,0,1,0
Escocia_Premiership,2526,03/01/2026,Celtic,Rangers,1,3,1,0,9,4,4,1,1,1,1,1,1
Escocia_Premiership,2526,03/01/2026,Dundee United,Dundee,0,1,0,1,5,3,1,1,1,0,0,1,0
Escocia_Premiership,2526,03/01/2026,Falkirk,Aberdeen,1,0,0,0,7,0,1,0,1,0,0,0,0
Escocia_Premiership,2526,03/01/2026,Hearts,Livingston,1,0,1,0,3,2,1,1,1,0,0,1,0
Escocia_Premiership,2526,03/01/2026,Kilmarnock,Hibernian,1,3,0,1,1,9,4,1,1,1,1,1,1
Escocia_Premiership,2526,03/01/2026,Motherwell,St Mirren,2,0,1,0,8,2,2,1,1,1,0,1,0
Escocia_Premiership,2526,06/01/2026,Rangers,Aberdeen,2,0,2,0,8,3,2,2,1,1,0,1,0
Escocia_Premiership,2526,10/01/2026,Celtic,Dundee United,4,0,2,0,8,0,4,2,1,1,1,1,0
Escocia_Premiership,2526,10/01/2026,Hibernian,Motherwell,1,1,0,0,4,5,2,0,1,1,0,0,1
Escocia_Premiership,2526,10/01/2026,Livingston,Kilmarnock,1,1,1,0,5,4,2,1,1,1,0,1,1
Escocia_Premiership,2526,10/01/2026,St Mirren,Falkirk,0,2,0,0,3,3,2,0,1,1,0,0,0
Escocia_Premiership,2526,11/01/2026,Dundee,Hearts,0,1,0,1,5,2,1,1,1,0,0,1,0
Escocia_Premiership,2526,11/01/2026,Aberdeen,Rangers,0,2,0,1,5,9,2,1,1,1,0,1,0
Escocia_Premiership,2526,14/01/2026,Falkirk,Celtic,0,1,0,1,6,2,1,1,1,0,0,1,0
Escocia_Premiership,2526,14/01/2026,Hearts,St Mirren,2,0,0,0,7,2,2,0,1,1,0,0,0
Escocia_Premiership,2526,20/01/2026,Livingston,St Mirren,1,1,0,0,4,5,2,0,1,1,0,0,1
Escocia_Premiership,2526,24/01/2026,Aberdeen,Livingston,6,2,3,2,7,4,8,5,1,1,1,1,1
Escocia_Premiership,2526,24/01/2026,Falkirk,Hibernian,4,1,2,0,5,4,5,2,1,1,1,1,1
Escocia_Premiership,2526,24/01/2026,Motherwell,Kilmarnock,4,0,2,0,11,1,4,2,1,1,1,1,0
Escocia_Premiership,2526,25/01/2026,Hearts,Celtic,2,2,0,1,8,3,4,1,1,1,1,1,1
Escocia_Premiership,2526,25/01/2026,Rangers,Dundee,3,0,0,0,8,1,3,0,1,1,1,0,0
Escocia_Premiership,2526,31/01/2026,Kilmarnock,Aberdeen,3,0,2,0,9,4,3,2,1,1,1,1,0
Escocia_Premiership,2526,31/01/2026,Livingston,Motherwell,0,2,0,2,1,6,2,2,1,1,0,1,0
Escocia_Premiership,2526,31/01/2026,St Mirren,Dundee,0,0,0,0,2,2,0,0,0,0,0,0,0
Escocia_Premiership,2526,31/01/2026,Dundee United,Hearts,0,3,0,2,2,12,3,2,1,1,1,1,0
Escocia_Premiership,2526,01/02/2026,Hibernian,Rangers,0,0,0,0,6,2,0,0,0,0,0,0,0
Escocia_Premiership,2526,01/02/2026,Celtic,Falkirk,2,0,1,0,5,4,2,1,1,1,0,1,0
Escocia_Premiership,2526,03/02/2026,St Mirren,Hearts,1,0,0,0,5,2,1,0,1,0,0,0,0
Escocia_Premiership,2526,04/02/2026,Hibernian,Dundee United,3,2,1,0,3,4,5,1,1,1,1,1,1
Escocia_Premiership,2526,04/02/2026,Livingston,Falkirk,1,2,0,2,3,3,3,2,1,1,1,1,1
Escocia_Premiership,2526,04/02/2026,Rangers,Kilmarnock,5,1,1,0,11,2,6,1,1,1,1,1,1
Escocia_Premiership,2526,10/02/2026,Hearts,Hibernian,1,0,0,0,2,1,1,0,1,0,0,0,0
Escocia_Premiership,2526,11/02/2026,Celtic,Livingston,2,1,1,0,12,2,3,1,1,1,1,1,1
Escocia_Premiership,2526,11/02/2026,Falkirk,Dundee,1,0,0,0,3,4,1,0,1,0,0,0,0
Escocia_Premiership,2526,11/02/2026,Kilmarnock,St Mirren,4,3,2,1,7,7,7,3,1,1,1,1,1
Escocia_Premiership,2526,11/02/2026,Motherwell,Rangers,1,1,0,1,5,4,2,1,1,1,0,1,1
Escocia_Premiership,2526,14/02/2026,Dundee,Livingston,2,2,2,2,7,3,4,4,1,1,1,1,1
Escocia_Premiership,2526,14/02/2026,Falkirk,Dundee United,2,3,1,1,4,5,5,2,1,1,1,1,1
Escocia_Premiership,2526,14/02/2026,Hibernian,St Mirren,2,0,1,0,6,2,2,1,1,1,0,1,0
Escocia_Premiership,2526,15/02/2026,Kilmarnock,Celtic,2,3,2,0,7,10,5,2,1,1,1,1,1
Escocia_Premiership,2526,15/02/2026,Motherwell,Aberdeen,2,0,1,0,8,2,2,1,1,1,0,1,0
Escocia_Premiership,2526,15/02/2026,Rangers,Hearts,4,2,2,2,4,3,6,4,1,1,1,1,1
Escocia_Premiership,2526,21/02/2026,Aberdeen,Dundee,2,3,1,2,4,7,5,3,1,1,1,1,1
Escocia_Premiership,2526,21/02/2026,Dundee United,Kilmarnock,1,1,0,0,4,2,2,0,1,1,0,0,1
Escocia_Premiership,2526,21/02/2026,Hearts,Falkirk,1,0,1,0,4,2,1,1,1,0,0,1,0
Escocia_Premiership,2526,21/02/2026,St Mirren,Motherwell,0,5,0,2,5,6,5,2,1,1,1,1,0
Escocia_Premiership,2526,22/02/2026,Celtic,Hibernian,1,2,1,1,3,4,3,2,1,1,1,1,1
Escocia_Premiership,2526,22/02/2026,Livingston,Rangers,2,2,1,0,3,14,4,1,1,1,1,1,1
Escocia_Premiership,2526,24/02/2026,Dundee United,Aberdeen,0,0,0,0,2,2,0,0,0,0,0,0,0
Escocia_Premiership,2526,28/02/2026,Dundee,Hibernian,3,3,1,1,4,6,6,2,1,1,1,1,1
Escocia_Premiership,2526,28/02/2026,Falkirk,Kilmarnock,5,1,3,1,10,3,6,4,1,1,1,1,1
Escocia_Premiership,2526,28/02/2026,Hearts,Aberdeen,1,0,1,0,7,0,1,1,1,0,0,1,0
Escocia_Premiership,2526,28/02/2026,Livingston,St Mirren,1,1,0,1,3,2,2,1,1,1,0,1,1
Escocia_Premiership,2526,28/02/2026,Motherwell,Dundee United,2,0,1,0,5,3,2,1,1,1,0,1,0
Escocia_Premiership,2526,01/03/2026,Rangers,Celtic,2,2,2,0,3,7,4,2,1,1,1,1,1
Escocia_Premiership,2526,03/03/2026,Dundee United,St Mirren,2,1,1,0,4,2,3,1,1,1,1,1,1
Escocia_Premiership,2526,04/03/2026,Aberdeen,Celtic,1,2,1,1,2,4,3,2,1,1,1,1,1
Escocia_Premiership,2526,07/03/2026,Dundee,Motherwell,2,1,1,0,2,9,3,1,1,1,1,1,1
Escocia_Premiership,2526,14/03/2026,Aberdeen,Falkirk,1,1,0,0,3,3,2,0,1,1,0,0,1
Escocia_Premiership,2526,14/03/2026,Celtic,Motherwell,3,1,1,1,6,3,4,2,1,1,1,1,1
Escocia_Premiership,2526,14/03/2026,Hibernian,Livingston,0,0,0,0,5,2,0,0,0,0,0,0,0
Escocia_Premiership,2526,14/03/2026,Kilmarnock,Hearts,1,0,1,0,4,3,1,1,1,0,0,1,0
Escocia_Premiership,2526,15/03/2026,St Mirren,Rangers,0,1,0,1,1,7,1,1,1,0,0,1,0
Escocia_Premiership,2526,15/03/2026,Dundee,Dundee United,2,2,0,0,1,10,4,0,1,1,1,0,1
Escocia_Premiership,2526,21/03/2026,Falkirk,St Mirren,1,2,1,1,2,4,3,2,1,1,1,1,1
Escocia_Premiership,2526,21/03/2026,Hearts,Dundee,1,0,0,0,6,1,1,0,1,0,0,0,0
Escocia_Premiership,2526,21/03/2026,Kilmarnock,Livingston,2,0,1,0,4,1,2,1,1,1,0,1,0
Escocia_Premiership,2526,21/03/2026,Motherwell,Hibernian,0,0,0,0,3,1,0,0,0,0,0,0,0
Escocia_Premiership,2526,21/03/2026,Rangers,Aberdeen,4,1,1,0,7,1,5,1,1,1,1,1,1
Escocia_Premiership,2526,22/03/2026,Dundee United,Celtic,2,0,0,0,8,3,2,0,1,1,0,0,0
Escocia_Premiership,2526,04/04/2026,Hibernian,Kilmarnock,3,0,2,0,3,2,3,2,1,1,1,1,0
Escocia_Premiership,2526,04/04/2026,Motherwell,Falkirk,2,3,1,2,7,5,5,3,1,1,1,1,1
Escocia_Premiership,2526,04/04/2026,Rangers,Dundee United,4,2,2,1,10,4,6,3,1,1,1,1,1
Escocia_Premiership,2526,04/04/2026,St Mirren,Aberdeen,2,0,1,0,4,0,2,1,1,1,0,1,0
Escocia_Premiership,2526,05/04/2026,Livingston,Hearts,2,2,1,1,3,6,4,2,1,1,1,1,1
Escocia_Premiership,2526,05/04/2026,Dundee,Celtic,1,2,0,1,3,8,3,1,1,1,1,1,1
Escocia_Premiership,2526,11/04/2026,Aberdeen,Hibernian,2,0,1,0,5,1,2,1,1,1,0,1,0
Escocia_Premiership,2526,11/04/2026,Celtic,St Mirren,1,0,1,0,4,1,1,1,1,0,0,1,0
Escocia_Premiership,2526,11/04/2026,Dundee United,Livingston,3,2,1,0,5,6,5,1,1,1,1,1,1
Escocia_Premiership,2526,11/04/2026,Hearts,Motherwell,3,1,0,0,5,3,4,0,1,1,1,0,1
Escocia_Premiership,2526,11/04/2026,Kilmarnock,Dundee,2,2,2,1,3,6,4,3,1,1,1,1,1
Escocia_Premiership,2526,12/04/2026,Falkirk,Rangers,3,6,2,1,3,9,9,3,1,1,1,1,1
Escocia_Premiership,2526,25/04/2026,Aberdeen,Kilmarnock,1,0,1,0,4,3,1,1,1,0,0,1,0
Escocia_Premiership,2526,25/04/2026,St Mirren,Livingston,0,2,0,0,4,2,2,0,1,1,0,0,0
Escocia_Premiership,2526,25/04/2026,Celtic,Falkirk,3,1,2,0,7,3,4,2,1,1,1,1,1
Escocia_Premiership,2526,26/04/2026,Dundee United,Dundee,3,0,1,0,5,4,3,1,1,1,1,1,0
Escocia_Premiership,2526,26/04/2026,Rangers,Motherwell,2,3,0,2,6,5,5,2,1,1,1,1,1
Escocia_Premiership,2526,26/04/2026,Hibernian,Hearts,1,2,1,0,1,6,3,1,1,1,1,1,1
Escocia_Premiership,2526,01/05/2026,Livingston,Aberdeen,2,2,0,1,5,2,4,1,1,1,1,1,1
Escocia_Premiership,2526,02/05/2026,Dundee,St Mirren,1,0,1,0,5,6,1,1,1,0,0,1,0
Escocia_Premiership,2526,02/05/2026,Falkirk,Motherwell,1,0,0,0,5,3,1,0,1,0,0,0,0
Escocia_Premiership,2526,02/05/2026,Kilmarnock,Dundee United,3,0,1,0,8,5,3,1,1,1,1,1,0
Escocia_Premiership,2526,03/05/2026,Hibernian,Celtic,1,2,1,1,1,6,3,2,1,1,1,1,1
Escocia_Premiership,2526,04/05/2026,Hearts,Rangers,2,1,0,1,5,3,3,1,1,1,1,1,1
Escocia_Premiership,2526,09/05/2026,Aberdeen,Dundee United,2,0,1,0,5,1,2,1,1,1,0,1,0
Escocia_Premiership,2526,09/05/2026,Dundee,Livingston,3,0,1,0,4,3,3,1,1,1,1,1,0
Escocia_Premiership,2526,09/05/2026,Falkirk,Hibernian,1,3,0,3,1,4,4,3,1,1,1,1,1
Escocia_Premiership,2526,09/05/2026,St Mirren,Kilmarnock,0,3,0,1,2,4,3,1,1,1,1,1,0
Escocia_Premiership,2526,09/05/2026,Motherwell,Hearts,1,1,1,1,1,5,2,2,1,1,0,1,1
Escocia_Premiership,2526,10/05/2026,Celtic,Rangers,3,1,1,1,4,3,4,2,1,1,1,1,1
Escocia_Premiership,2526,12/05/2026,Aberdeen,St Mirren,0,2,0,1,1,5,2,1,1,1,0,1,0
Escocia_Premiership,2526,12/05/2026,Dundee United,Livingston,0,0,0,0,5,3,0,0,0,0,0,0,0
Escocia_Premiership,2526,12/05/2026,Kilmarnock,Dundee,3,1,0,0,8,2,4,0,1,1,1,0,1
Escocia_Premiership,2526,13/05/2026,Hearts,Falkirk,3,0,2,0,4,1,3,2,1,1,1,1,0
Escocia_Premiership,2526,13/05/2026,Motherwell,Celtic,2,3,1,1,5,3,5,2,1,1,1,1,1
Escocia_Premiership,2526,13/05/2026,Rangers,Hibernian,1,2,1,1,7,4,3,2,1,1,1,1,1
Escocia_Premiership,2526,16/05/2026,Celtic,Hearts,3,1,1,1,5,2,4,2,1,1,1,1,1
Escocia_Premiership,2526,16/05/2026,Falkirk,Rangers,2,5,2,3,3,7,7,5,1,1,1,1,1
Escocia_Premiership,2526,16/05/2026,Hibernian,Motherwell,0,1,0,1,1,6,1,1,1,0,0,1,0
Escocia_Premiership,2526,17/05/2026,Dundee,Aberdeen,3,2,1,2,6,2,5,3,1,1,1,1,1
Escocia_Premiership,2526,17/05/2026,Livingston,Kilmarnock,1,4,1,2,4,4,5,3,1,1,1,1,1
Escocia_Premiership,2526,17/05/2026,St Mirren,Dundee United,1,1,0,1,8,3,2,1,1,1,0,1,1
Alemanha_Bundesliga,2526,22/08/2025,Bayern Munich,RB Leipzig,6,0,3,0,10,1,6,3,1,1,1,1,0
Alemanha_Bundesliga,2526,23/08/2025,Ein Frankfurt,Werder Bremen,4,1,2,0,5,5,5,2,1,1,1,1,1
Alemanha_Bundesliga,2526,23/08/2025,Freiburg,Augsburg,1,3,0,3,4,5,4,3,1,1,1,1,1
Alemanha_Bundesliga,2526,23/08/2025,Heidenheim,Wolfsburg,1,3,1,1,2,5,4,2,1,1,1,1,1
Alemanha_Bundesliga,2526,23/08/2025,Leverkusen,Hoffenheim,1,2,1,1,2,5,3,2,1,1,1,1,1
Alemanha_Bundesliga,2526,23/08/2025,Union Berlin,Stuttgart,2,1,2,0,2,6,3,2,1,1,1,1,1
Alemanha_Bundesliga,2526,23/08/2025,St Pauli,Dortmund,3,3,0,1,7,7,6,1,1,1,1,1,1
Alemanha_Bundesliga,2526,24/08/2025,Mainz,FC Koln,0,1,0,0,2,2,1,0,1,0,0,0,0
Alemanha_Bundesliga,2526,24/08/2025,M'gladbach,Hamburg,0,0,0,0,4,2,0,0,0,0,0,0,0
Alemanha_Bundesliga,2526,29/08/2025,Hamburg,St Pauli,0,2,0,1,2,6,2,1,1,1,0,1,0
Alemanha_Bundesliga,2526,30/08/2025,Hoffenheim,Ein Frankfurt,1,3,0,2,5,6,4,2,1,1,1,1,1
Alemanha_Bundesliga,2526,30/08/2025,RB Leipzig,Heidenheim,2,0,0,0,5,3,2,0,1,1,0,0,0
Alemanha_Bundesliga,2526,30/08/2025,Stuttgart,M'gladbach,1,0,0,0,5,6,1,0,1,0,0,0,0
Alemanha_Bundesliga,2526,30/08/2025,Werder Bremen,Leverkusen,3,3,1,2,5,4,6,3,1,1,1,1,1
Alemanha_Bundesliga,2526,30/08/2025,Augsburg,Bayern Munich,2,3,0,2,3,10,5,2,1,1,1,1,1
Alemanha_Bundesliga,2526,31/08/2025,Wolfsburg,Mainz,1,1,1,0,3,3,2,1,1,1,0,1,1
Alemanha_Bundesliga,2526,31/08/2025,Dortmund,Union Berlin,3,0,1,0,6,3,3,1,1,1,1,1,0
Alemanha_Bundesliga,2526,31/08/2025,FC Koln,Freiburg,4,1,1,0,6,2,5,1,1,1,1,1,1
Alemanha_Bundesliga,2526,12/09/2025,Leverkusen,Ein Frankfurt,3,1,2,0,8,2,4,2,1,1,1,1,1
Alemanha_Bundesliga,2526,13/09/2025,Freiburg,Stuttgart,3,1,0,1,6,2,4,1,1,1,1,1,1
Alemanha_Bundesliga,2526,13/09/2025,Heidenheim,Dortmund,0,2,0,2,1,8,2,2,1,1,0,1,0
Alemanha_Bundesliga,2526,13/09/2025,Mainz,RB Leipzig,0,1,0,1,2,3,1,1,1,0,0,1,0
Alemanha_Bundesliga,2526,13/09/2025,Union Berlin,Hoffenheim,2,4,0,2,7,8,6,2,1,1,1,1,1
Alemanha_Bundesliga,2526,13/09/2025,Wolfsburg,FC Koln,3,3,1,1,6,8,6,2,1,1,1,1,1
Alemanha_Bundesliga,2526,13/09/2025,Bayern Munich,Hamburg,5,0,4,0,12,2,5,4,1,1,1,1,0
Alemanha_Bundesliga,2526,14/09/2025,St Pauli,Augsburg,2,1,1,1,7,5,3,2,1,1,1,1,1
Alemanha_Bundesliga,2526,14/09/2025,M'gladbach,Werder Bremen,0,4,0,2,3,7,4,2,1,1,1,1,0
Alemanha_Bundesliga,2526,19/09/2025,Stuttgart,St Pauli,2,0,1,0,8,2,2,1,1,1,0,1,0
Alemanha_Bundesliga,2526,20/09/2025,Augsburg,Mainz,1,4,0,2,5,4,5,2,1,1,1,1,1
Alemanha_Bundesliga,2526,20/09/2025,Hamburg,Heidenheim,2,1,1,0,9,8,3,1,1,1,1,1,1
Alemanha_Bundesliga,2526,20/09/2025,Hoffenheim,Bayern Munich,1,4,0,1,4,10,5,1,1,1,1,1,1
Alemanha_Bundesliga,2526,20/09/2025,Werder Bremen,Freiburg,0,3,0,1,5,5,3,1,1,1,1,1,0
Alemanha_Bundesliga,2526,20/09/2025,RB Leipzig,FC Koln,3,1,3,1,8,2,4,4,1,1,1,1,1
Alemanha_Bundesliga,2526,21/09/2025,Ein Frankfurt,Union Berlin,3,4,1,2,10,5,7,3,1,1,1,1,1
Alemanha_Bundesliga,2526,21/09/2025,Leverkusen,M'gladbach,1,1,0,0,9,7,2,0,1,1,0,0,1
Alemanha_Bundesliga,2526,21/09/2025,Dortmund,Wolfsburg,1,0,1,0,4,1,1,1,1,0,0,1,0
Alemanha_Bundesliga,2526,26/09/2025,Bayern Munich,Werder Bremen,4,0,2,0,13,3,4,2,1,1,1,1,0
Alemanha_Bundesliga,2526,27/09/2025,Heidenheim,Augsburg,2,1,0,0,5,2,3,0,1,1,1,0,1
Alemanha_Bundesliga,2526,27/09/2025,Mainz,Dortmund,0,2,0,2,2,4,2,2,1,1,0,1,0
Alemanha_Bundesliga,2526,27/09/2025,St Pauli,Leverkusen,1,2,1,1,6,4,3,2,1,1,1,1,1
Alemanha_Bundesliga,2526,27/09/2025,Wolfsburg,RB Leipzig,0,1,0,1,4,6,1,1,1,0,0,1,0
Alemanha_Bundesliga,2526,27/09/2025,M'gladbach,Ein Frankfurt,4,6,0,5,8,7,10,5,1,1,1,1,1
Alemanha_Bundesliga,2526,28/09/2025,Freiburg,Hoffenheim,1,1,1,1,1,4,2,2,1,1,0,1,1
Alemanha_Bundesliga,2526,28/09/2025,FC Koln,Stuttgart,1,2,1,1,6,5,3,2,1,1,1,1,1
Alemanha_Bundesliga,2526,28/09/2025,Union Berlin,Hamburg,0,0,0,0,2,6,0,0,0,0,0,0,0
Alemanha_Bundesliga,2526,03/10/2025,Hoffenheim,FC Koln,0,1,0,1,4,4,1,1,1,0,0,1,0
Alemanha_Bundesliga,2526,04/10/2025,Augsburg,Wolfsburg,3,1,1,0,5,4,4,1,1,1,1,1,1
Alemanha_Bundesliga,2526,04/10/2025,Dortmund,RB Leipzig,1,1,1,1,3,3,2,2,1,1,0,1,1
Alemanha_Bundesliga,2526,04/10/2025,Leverkusen,Union Berlin,2,0,1,0,3,3,2,1,1,1,0,1,0
Alemanha_Bundesliga,2526,04/10/2025,Werder Bremen,St Pauli,1,0,1,0,5,3,1,1,1,0,0,1,0
Alemanha_Bundesliga,2526,04/10/2025,Ein Frankfurt,Bayern Munich,0,3,0,2,1,3,3,2,1,1,1,1,0
Alemanha_Bundesliga,2526,05/10/2025,Stuttgart,Heidenheim,1,0,0,0,6,1,1,0,1,0,0,0,0
Alemanha_Bundesliga,2526,05/10/2025,Hamburg,Mainz,4,0,2,0,9,4,4,2,1,1,1,1,0
Alemanha_Bundesliga,2526,05/10/2025,M'gladbach,Freiburg,0,0,0,0,5,1,0,0,0,0,0,0,0
Alemanha_Bundesliga,2526,17/10/2025,Union Berlin,M'gladbach,3,1,2,1,5,2,4,3,1,1,1,1,1
Alemanha_Bundesliga,2526,18/10/2025,FC Koln,Augsburg,1,1,0,0,2,4,2,0,1,1,0,0,1
Alemanha_Bundesliga,2526,18/10/2025,Heidenheim,Werder Bremen,2,2,0,0,11,4,4,0,1,1,1,0,1
Alemanha_Bundesliga,2526,18/10/2025,Mainz,Leverkusen,3,4,1,3,4,8,7,4,1,1,1,1,1
Alemanha_Bundesliga,2526,18/10/2025,RB Leipzig,Hamburg,2,1,1,0,4,3,3,1,1,1,1,1,1
Alemanha_Bundesliga,2526,18/10/2025,Wolfsburg,Stuttgart,0,3,0,1,3,7,3,1,1,1,1,1,0
Alemanha_Bundesliga,2526,18/10/2025,Bayern Munich,Dortmund,2,1,1,0,7,1,3,1,1,1,1,1,1
Alemanha_Bundesliga,2526,19/10/2025,Freiburg,Ein Frankfurt,2,2,1,2,5,3,4,3,1,1,1,1,1
Alemanha_Bundesliga,2526,19/10/2025,St Pauli,Hoffenheim,0,3,0,0,2,5,3,0,1,1,1,0,0
Alemanha_Bundesliga,2526,24/10/2025,Werder Bremen,Union Berlin,1,0,0,0,3,2,1,0,1,0,0,0,0
Alemanha_Bundesliga,2526,25/10/2025,Augsburg,RB Leipzig,0,6,0,4,2,8,6,4,1,1,1,1,0
Alemanha_Bundesliga,2526,25/10/2025,Ein Frankfurt,St Pauli,2,0,1,0,6,1,2,1,1,1,0,1,0
Alemanha_Bundesliga,2526,25/10/2025,Hamburg,Wolfsburg,0,1,0,1,6,2,1,1,1,0,0,1,0
Alemanha_Bundesliga,2526,25/10/2025,Hoffenheim,Heidenheim,3,1,2,0,7,3,4,2,1,1,1,1,1
Alemanha_Bundesliga,2526,25/10/2025,M'gladbach,Bayern Munich,0,3,0,0,0,11,3,0,1,1,1,0,0
Alemanha_Bundesliga,2526,25/10/2025,Dortmund,FC Koln,1,0,0,0,9,0,1,0,1,0,0,0,0
Alemanha_Bundesliga,2526,26/10/2025,Leverkusen,Freiburg,2,0,1,0,4,3,2,1,1,1,0,1,0
Alemanha_Bundesliga,2526,26/10/2025,Stuttgart,Mainz,2,1,1,1,8,2,3,2,1,1,1,1,1
Alemanha_Bundesliga,2526,31/10/2025,Augsburg,Dortmund,0,1,0,1,1,1,1,1,1,0,0,1,0
Alemanha_Bundesliga,2526,01/11/2025,Heidenheim,Ein Frankfurt,1,1,1,0,4,3,2,1,1,1,0,1,1
Alemanha_Bundesliga,2526,01/11/2025,Mainz,Werder Bremen,1,1,1,0,5,3,2,1,1,1,0,1,1
Alemanha_Bundesliga,2526,01/11/2025,RB Leipzig,Stuttgart,3,1,1,0,9,4,4,1,1,1,1,1,1
Alemanha_Bundesliga,2526,01/11/2025,St Pauli,M'gladbach,0,4,0,2,4,11,4,2,1,1,1,1,0
Alemanha_Bundesliga,2526,01/11/2025,Union Berlin,Freiburg,0,0,0,0,2,4,0,0,0,0,0,0,0
Alemanha_Bundesliga,2526,01/11/2025,Bayern Munich,Leverkusen,3,0,3,0,4,1,3,3,1,1,1,1,0
Alemanha_Bundesliga,2526,02/11/2025,FC Koln,Hamburg,4,1,1,0,10,5,5,1,1,1,1,1,1
Alemanha_Bundesliga,2526,02/11/2025,Wolfsburg,Hoffenheim,2,3,1,1,6,4,5,2,1,1,1,1,1
Alemanha_Bundesliga,2526,07/11/2025,Werder Bremen,Wolfsburg,2,1,0,1,7,4,3,1,1,1,1,1,1
Alemanha_Bundesliga,2526,08/11/2025,Hamburg,Dortmund,1,1,0,0,3,1,2,0,1,1,0,0,1
Alemanha_Bundesliga,2526,08/11/2025,Hoffenheim,RB Leipzig,3,1,2,1,4,5,4,3,1,1,1,1,1
Alemanha_Bundesliga,2526,08/11/2025,Leverkusen,Heidenheim,6,0,5,0,10,0,6,5,1,1,1,1,0
Alemanha_Bundesliga,2526,08/11/2025,Union Berlin,Bayern Munich,2,2,1,1,4,4,4,2,1,1,1,1,1
Alemanha_Bundesliga,2526,08/11/2025,M'gladbach,FC Koln,3,1,1,0,4,5,4,1,1,1,1,1,1
Alemanha_Bundesliga,2526,09/11/2025,Freiburg,St Pauli,2,1,1,0,4,2,3,1,1,1,1,1,1
Alemanha_Bundesliga,2526,09/11/2025,Stuttgart,Augsburg,3,2,2,2,6,6,5,4,1,1,1,1,1
Alemanha_Bundesliga,2526,09/11/2025,Ein Frankfurt,Mainz,1,0,0,0,4,0,1,0,1,0,0,0,0
Alemanha_Bundesliga,2526,21/11/2025,Mainz,Hoffenheim,1,1,0,1,3,5,2,1,1,1,0,1,1
Alemanha_Bundesliga,2526,22/11/2025,Augsburg,Hamburg,1,0,0,0,6,6,1,0,1,0,0,0,0
Alemanha_Bundesliga,2526,22/11/2025,Bayern Munich,Freiburg,6,2,2,2,8,2,8,4,1,1,1,1,1
Alemanha_Bundesliga,2526,22/11/2025,Dortmund,Stuttgart,3,3,2,0,6,6,6,2,1,1,1,1,1
Alemanha_Bundesliga,2526,22/11/2025,Heidenheim,M'gladbach,0,3,0,1,2,4,3,1,1,1,1,1,0
Alemanha_Bundesliga,2526,22/11/2025,Wolfsburg,Leverkusen,1,3,0,3,10,3,4,3,1,1,1,1,1
Alemanha_Bundesliga,2526,22/11/2025,FC Koln,Ein Frankfurt,3,4,1,2,5,7,7,3,1,1,1,1,1
Alemanha_Bundesliga,2526,23/11/2025,RB Leipzig,Werder Bremen,2,0,0,0,13,6,2,0,1,1,0,0,0
Alemanha_Bundesliga,2526,23/11/2025,St Pauli,Union Berlin,0,1,0,1,3,3,1,1,1,0,0,1,0
Alemanha_Bundesliga,2526,28/11/2025,M'gladbach,RB Leipzig,0,0,0,0,1,4,0,0,0,0,0,0,0
Alemanha_Bundesliga,2526,29/11/2025,Bayern Munich,St Pauli,3,1,1,1,4,1,4,2,1,1,1,1,1
Alemanha_Bundesliga,2526,29/11/2025,Hoffenheim,Augsburg,3,0,3,0,3,4,3,3,1,1,1,1,0
Alemanha_Bundesliga,2526,29/11/2025,Union Berlin,Heidenheim,1,2,1,0,2,2,3,1,1,1,1,1,1
Alemanha_Bundesliga,2526,29/11/2025,Werder Bremen,FC Koln,1,1,1,0,4,2,2,1,1,1,0,1,1
Alemanha_Bundesliga,2526,29/11/2025,Leverkusen,Dortmund,1,2,0,1,4,4,3,1,1,1,1,1,1
Alemanha_Bundesliga,2526,30/11/2025,Hamburg,Stuttgart,2,1,1,0,2,3,3,1,1,1,1,1,1
Alemanha_Bundesliga,2526,30/11/2025,Ein Frankfurt,Wolfsburg,1,1,0,0,3,3,2,0,1,1,0,0,1
Alemanha_Bundesliga,2526,30/11/2025,Freiburg,Mainz,4,0,2,0,10,1,4,2,1,1,1,1,0
Alemanha_Bundesliga,2526,05/12/2025,Mainz,M'gladbach,0,1,0,0,2,5,1,0,1,0,0,0,0
Alemanha_Bundesliga,2526,06/12/2025,Augsburg,Leverkusen,2,0,2,0,6,2,2,2,1,1,0,1,0
Alemanha_Bundesliga,2526,06/12/2025,FC Koln,St Pauli,1,1,0,0,8,1,2,0,1,1,0,0,1
Alemanha_Bundesliga,2526,06/12/2025,Heidenheim,Freiburg,2,1,0,1,3,2,3,1,1,1,1,1,1
Alemanha_Bundesliga,2526,06/12/2025,Stuttgart,Bayern Munich,0,5,0,1,1,11,5,1,1,1,1,1,0
Alemanha_Bundesliga,2526,06/12/2025,Wolfsburg,Union Berlin,3,1,2,0,3,6,4,2,1,1,1,1,1
Alemanha_Bundesliga,2526,06/12/2025,RB Leipzig,Ein Frankfurt,6,0,2,0,7,2,6,2,1,1,1,1,0
Alemanha_Bundesliga,2526,07/12/2025,Hamburg,Werder Bremen,3,2,0,1,6,3,5,1,1,1,1,1,1
Alemanha_Bundesliga,2526,07/12/2025,Dortmund,Hoffenheim,2,0,1,0,4,3,2,1,1,1,0,1,0
Alemanha_Bundesliga,2526,12/12/2025,Union Berlin,RB Leipzig,3,1,0,0,6,3,4,0,1,1,1,0,1
Alemanha_Bundesliga,2526,13/12/2025,Ein Frankfurt,Augsburg,1,0,0,0,4,1,1,0,1,0,0,0,0
Alemanha_Bundesliga,2526,13/12/2025,Hoffenheim,Hamburg,4,1,2,0,6,5,5,2,1,1,1,1,1
Alemanha_Bundesliga,2526,13/12/2025,M'gladbach,Wolfsburg,1,3,1,3,4,6,4,4,1,1,1,1,1
Alemanha_Bundesliga,2526,13/12/2025,St Pauli,Heidenheim,2,1,1,0,5,7,3,1,1,1,1,1,1
Alemanha_Bundesliga,2526,13/12/2025,Leverkusen,FC Koln,2,0,0,0,6,4,2,0,1,1,0,0,0
Alemanha_Bundesliga,2526,14/12/2025,Freiburg,Dortmund,1,1,0,1,6,4,2,1,1,1,0,1,1
Alemanha_Bundesliga,2526,14/12/2025,Bayern Munich,Mainz,2,2,1,1,11,2,4,2,1,1,1,1,1
Alemanha_Bundesliga,2526,14/12/2025,Werder Bremen,Stuttgart,0,4,0,2,3,12,4,2,1,1,1,1,0
Alemanha_Bundesliga,2526,19/12/2025,Dortmund,M'gladbach,2,0,1,0,4,1,2,1,1,1,0,1,0
Alemanha_Bundesliga,2526,20/12/2025,Augsburg,Werder Bremen,0,0,0,0,6,0,0,0,0,0,0,0,0
Alemanha_Bundesliga,2526,20/12/2025,FC Koln,Union Berlin,0,1,0,0,2,3,1,0,1,0,0,0,0
Alemanha_Bundesliga,2526,20/12/2025,Hamburg,Ein Frankfurt,1,1,1,1,3,3,2,2,1,1,0,1,1
Alemanha_Bundesliga,2526,20/12/2025,Stuttgart,Hoffenheim,0,0,0,0,3,1,0,0,0,0,0,0,0
Alemanha_Bundesliga,2526,20/12/2025,Wolfsburg,Freiburg,3,4,1,1,6,8,7,2,1,1,1,1,1
Alemanha_Bundesliga,2526,20/12/2025,RB Leipzig,Leverkusen,1,3,1,2,7,8,4,3,1,1,1,1,1
Alemanha_Bundesliga,2526,21/12/2025,Mainz,St Pauli,0,0,0,0,1,1,0,0,0,0,0,0,0
Alemanha_Bundesliga,2526,21/12/2025,Heidenheim,Bayern Munich,0,4,0,2,1,11,4,2,1,1,1,1,0
Alemanha_Bundesliga,2526,09/01/2026,Ein Frankfurt,Dortmund,3,3,1,1,6,6,6,2,1,1,1,1,1
Alemanha_Bundesliga,2526,10/01/2026,Freiburg,Hamburg,2,1,0,0,7,5,3,0,1,1,1,0,1
Alemanha_Bundesliga,2526,10/01/2026,Heidenheim,FC Koln,2,2,2,1,6,9,4,3,1,1,1,1,1
Alemanha_Bundesliga,2526,10/01/2026,Union Berlin,Mainz,2,2,0,1,5,6,4,1,1,1,1,1,1
Alemanha_Bundesliga,2526,10/01/2026,Leverkusen,Stuttgart,1,4,0,4,4,7,5,4,1,1,1,1,1
Alemanha_Bundesliga,2526,11/01/2026,M'gladbach,Augsburg,4,0,3,0,7,2,4,3,1,1,1,1,0
Alemanha_Bundesliga,2526,11/01/2026,Bayern Munich,Wolfsburg,8,1,2,1,10,3,9,3,1,1,1,1,1
Alemanha_Bundesliga,2526,13/01/2026,Stuttgart,Ein Frankfurt,3,2,2,1,11,5,5,3,1,1,1,1,1
Alemanha_Bundesliga,2526,13/01/2026,Dortmund,Werder Bremen,3,0,1,0,8,3,3,1,1,1,1,1,0
Alemanha_Bundesliga,2526,13/01/2026,Mainz,Heidenheim,2,1,1,0,6,4,3,1,1,1,1,1,1
Alemanha_Bundesliga,2526,14/01/2026,Wolfsburg,St Pauli,2,1,1,1,5,4,3,2,1,1,1,1,1
Alemanha_Bundesliga,2526,14/01/2026,FC Koln,Bayern Munich,1,3,1,1,3,8,4,2,1,1,1,1,1
Alemanha_Bundesliga,2526,14/01/2026,Hoffenheim,M'gladbach,5,1,4,0,10,5,6,4,1,1,1,1,1
Alemanha_Bundesliga,2526,14/01/2026,RB Leipzig,Freiburg,2,0,0,0,7,1,2,0,1,1,0,0,0
Alemanha_Bundesliga,2526,15/01/2026,Augsburg,Union Berlin,1,1,1,0,5,3,2,1,1,1,0,1,1
Alemanha_Bundesliga,2526,16/01/2026,Werder Bremen,Ein Frankfurt,3,3,1,1,4,4,6,2,1,1,1,1,1
Alemanha_Bundesliga,2526,17/01/2026,Dortmund,St Pauli,3,2,1,0,6,5,5,1,1,1,1,1,1
Alemanha_Bundesliga,2526,17/01/2026,FC Koln,Mainz,2,1,0,1,6,7,3,1,1,1,1,1,1
Alemanha_Bundesliga,2526,17/01/2026,Hamburg,M'gladbach,0,0,0,0,12,0,0,0,0,0,0,0,0
Alemanha_Bundesliga,2526,17/01/2026,Hoffenheim,Leverkusen,1,0,1,0,8,2,1,1,1,0,0,1,0
Alemanha_Bundesliga,2526,17/01/2026,Wolfsburg,Heidenheim,1,1,0,1,4,3,2,1,1,1,0,1,1
Alemanha_Bundesliga,2526,17/01/2026,RB Leipzig,Bayern Munich,1,5,1,0,4,12,6,1,1,1,1,1,1
Alemanha_Bundesliga,2526,18/01/2026,Stuttgart,Union Berlin,1,1,0,0,4,3,2,0,1,1,0,0,1
Alemanha_Bundesliga,2526,18/01/2026,Augsburg,Freiburg,2,2,0,0,5,5,4,0,1,1,1,0,1
Alemanha_Bundesliga,2526,23/01/2026,St Pauli,Hamburg,0,0,0,0,3,2,0,0,0,0,0,0,0
Alemanha_Bundesliga,2526,24/01/2026,Bayern Munich,Augsburg,1,2,1,0,6,6,3,1,1,1,1,1,1
Alemanha_Bundesliga,2526,24/01/2026,Ein Frankfurt,Hoffenheim,1,3,1,0,3,5,4,1,1,1,1,1,1
Alemanha_Bundesliga,2526,24/01/2026,Heidenheim,RB Leipzig,0,3,0,0,2,8,3,0,1,1,1,0,0
Alemanha_Bundesliga,2526,24/01/2026,Leverkusen,Werder Bremen,1,0,1,0,4,3,1,1,1,0,0,1,0
Alemanha_Bundesliga,2526,24/01/2026,Mainz,Wolfsburg,3,1,0,1,9,2,4,1,1,1,1,1,1
Alemanha_Bundesliga,2526,24/01/2026,Union Berlin,Dortmund,0,3,0,1,3,5,3,1,1,1,1,1,0
Alemanha_Bundesliga,2526,25/01/2026,M'gladbach,Stuttgart,0,3,0,1,3,8,3,1,1,1,1,1,0
Alemanha_Bundesliga,2526,25/01/2026,Freiburg,FC Koln,2,1,2,1,5,4,3,3,1,1,1,1,1
Alemanha_Bundesliga,2526,27/01/2026,St Pauli,RB Leipzig,1,1,0,0,2,5,2,0,1,1,0,0,1
Alemanha_Bundesliga,2526,27/01/2026,Werder Bremen,Hoffenheim,0,2,0,1,3,3,2,1,1,1,0,1,0
Alemanha_Bundesliga,2526,30/01/2026,FC Koln,Wolfsburg,1,0,1,0,3,3,1,1,1,0,0,1,0
Alemanha_Bundesliga,2526,31/01/2026,Augsburg,St Pauli,2,1,1,1,6,5,3,2,1,1,1,1,1
Alemanha_Bundesliga,2526,31/01/2026,Ein Frankfurt,Leverkusen,1,3,0,2,4,4,4,2,1,1,1,1,1
Alemanha_Bundesliga,2526,31/01/2026,Hoffenheim,Union Berlin,3,1,2,0,4,3,4,2,1,1,1,1,1
Alemanha_Bundesliga,2526,31/01/2026,RB Leipzig,Mainz,1,2,1,1,4,4,3,2,1,1,1,1,1
Alemanha_Bundesliga,2526,31/01/2026,Werder Bremen,M'gladbach,1,1,0,0,6,2,2,0,1,1,0,0,1
Alemanha_Bundesliga,2526,31/01/2026,Hamburg,Bayern Munich,2,2,1,1,4,7,4,2,1,1,1,1,1
Alemanha_Bundesliga,2526,01/02/2026,Stuttgart,Freiburg,1,0,0,0,7,2,1,0,1,0,0,0,0
Alemanha_Bundesliga,2526,01/02/2026,Dortmund,Heidenheim,3,2,1,1,5,3,5,2,1,1,1,1,1
Alemanha_Bundesliga,2526,06/02/2026,Union Berlin,Ein Frankfurt,1,1,0,0,3,1,2,0,1,1,0,0,1
Alemanha_Bundesliga,2526,07/02/2026,Freiburg,Werder Bremen,1,0,1,0,2,5,1,1,1,0,0,1,0
Alemanha_Bundesliga,2526,07/02/2026,Heidenheim,Hamburg,0,2,0,1,4,5,2,1,1,1,0,1,0
Alemanha_Bundesliga,2526,07/02/2026,Mainz,Augsburg,2,0,1,0,6,6,2,1,1,1,0,1,0
Alemanha_Bundesliga,2526,07/02/2026,St Pauli,Stuttgart,2,1,1,0,7,3,3,1,1,1,1,1,1
Alemanha_Bundesliga,2526,07/02/2026,Wolfsburg,Dortmund,1,2,0,1,2,4,3,1,1,1,1,1,1
Alemanha_Bundesliga,2526,07/02/2026,M'gladbach,Leverkusen,1,1,1,1,6,2,2,2,1,1,0,1,1
Alemanha_Bundesliga,2526,08/02/2026,FC Koln,RB Leipzig,1,2,0,1,3,4,3,1,1,1,1,1,1
Alemanha_Bundesliga,2526,08/02/2026,Bayern Munich,Hoffenheim,5,1,3,1,14,4,6,4,1,1,1,1,1
Alemanha_Bundesliga,2526,13/02/2026,Dortmund,Mainz,4,0,3,0,8,5,4,3,1,1,1,1,0
Alemanha_Bundesliga,2526,14/02/2026,Ein Frankfurt,M'gladbach,3,0,2,0,9,3,3,2,1,1,1,1,0
Alemanha_Bundesliga,2526,14/02/2026,Hamburg,Union Berlin,3,2,2,1,4,5,5,3,1,1,1,1,1
Alemanha_Bundesliga,2526,14/02/2026,Hoffenheim,Freiburg,3,0,0,0,7,3,3,0,1,1,1,0,0
Alemanha_Bundesliga,2526,14/02/2026,Leverkusen,St Pauli,4,0,2,0,7,1,4,2,1,1,1,1,0
Alemanha_Bundesliga,2526,14/02/2026,Werder Bremen,Bayern Munich,0,3,0,2,3,8,3,2,1,1,1,1,0
Alemanha_Bundesliga,2526,14/02/2026,Stuttgart,FC Koln,3,1,1,0,4,3,4,1,1,1,1,1,1
Alemanha_Bundesliga,2526,15/02/2026,Augsburg,Heidenheim,1,0,0,0,4,2,1,0,1,0,0,0,0
Alemanha_Bundesliga,2526,15/02/2026,RB Leipzig,Wolfsburg,2,2,0,0,10,3,4,0,1,1,1,0,1
Alemanha_Bundesliga,2526,20/02/2026,Mainz,Hamburg,1,1,1,0,3,5,2,1,1,1,0,1,1
Alemanha_Bundesliga,2526,21/02/2026,Bayern Munich,Ein Frankfurt,3,2,2,0,11,3,5,2,1,1,1,1,1
Alemanha_Bundesliga,2526,21/02/2026,FC Koln,Hoffenheim,2,2,1,1,4,6,4,2,1,1,1,1,1
Alemanha_Bundesliga,2526,21/02/2026,Union Berlin,Leverkusen,1,0,1,0,4,1,1,1,1,0,0,1,0
Alemanha_Bundesliga,2526,21/02/2026,Wolfsburg,Augsburg,2,3,1,0,4,6,5,1,1,1,1,1,1
Alemanha_Bundesliga,2526,21/02/2026,RB Leipzig,Dortmund,2,2,2,0,3,5,4,2,1,1,1,1,1
Alemanha_Bundesliga,2526,22/02/2026,Freiburg,M'gladbach,2,1,1,0,6,2,3,1,1,1,1,1,1
Alemanha_Bundesliga,2526,22/02/2026,St Pauli,Werder Bremen,2,1,0,0,4,4,3,0,1,1,1,0,1
Alemanha_Bundesliga,2526,22/02/2026,Heidenheim,Stuttgart,3,3,2,2,6,8,6,4,1,1,1,1,1
Alemanha_Bundesliga,2526,27/02/2026,Augsburg,FC Koln,2,0,0,0,4,3,2,0,1,1,0,0,0
Alemanha_Bundesliga,2526,28/02/2026,Hoffenheim,St Pauli,0,1,0,1,11,3,1,1,1,0,0,1,0
Alemanha_Bundesliga,2526,28/02/2026,Leverkusen,Mainz,1,1,0,0,5,4,2,0,1,1,0,0,1
Alemanha_Bundesliga,2526,28/02/2026,M'gladbach,Union Berlin,1,0,0,0,7,2,1,0,1,0,0,0,0
Alemanha_Bundesliga,2526,28/02/2026,Werder Bremen,Heidenheim,2,0,0,0,6,0,2,0,1,1,0,0,0
Alemanha_Bundesliga,2526,28/02/2026,Dortmund,Bayern Munich,2,3,1,0,2,6,5,1,1,1,1,1,1
Alemanha_Bundesliga,2526,01/03/2026,Stuttgart,Wolfsburg,4,0,3,0,11,3,4,3,1,1,1,1,0
Alemanha_Bundesliga,2526,01/03/2026,Ein Frankfurt,Freiburg,2,0,0,0,7,2,2,0,1,1,0,0,0
Alemanha_Bundesliga,2526,01/03/2026,Hamburg,RB Leipzig,1,2,1,1,3,5,3,2,1,1,1,1,1
Alemanha_Bundesliga,2526,04/03/2026,Hamburg,Leverkusen,0,1,0,0,3,4,1,0,1,0,0,0,0
Alemanha_Bundesliga,2526,06/03/2026,Bayern Munich,M'gladbach,4,1,2,0,9,5,5,2,1,1,1,1,1
Alemanha_Bundesliga,2526,07/03/2026,Freiburg,Leverkusen,3,3,2,2,9,5,6,4,1,1,1,1,1
Alemanha_Bundesliga,2526,07/03/2026,Heidenheim,Hoffenheim,2,4,0,2,2,7,6,2,1,1,1,1,1
Alemanha_Bundesliga,2526,07/03/2026,Mainz,Stuttgart,2,2,1,0,6,4,4,1,1,1,1,1,1
Alemanha_Bundesliga,2526,07/03/2026,RB Leipzig,Augsburg,2,1,0,1,8,5,3,1,1,1,1,1,1
Alemanha_Bundesliga,2526,07/03/2026,Wolfsburg,Hamburg,1,2,1,1,4,7,3,2,1,1,1,1,1
Alemanha_Bundesliga,2526,07/03/2026,FC Koln,Dortmund,1,2,0,1,4,5,3,1,1,1,1,1,1
Alemanha_Bundesliga,2526,08/03/2026,St Pauli,Ein Frankfurt,0,0,0,0,2,2,0,0,0,0,0,0,0
Alemanha_Bundesliga,2526,08/03/2026,Union Berlin,Werder Bremen,1,4,1,2,2,5,5,3,1,1,1,1,1
Alemanha_Bundesliga,2526,13/03/2026,M'gladbach,St Pauli,2,0,1,0,4,1,2,1,1,1,0,1,0
Alemanha_Bundesliga,2526,14/03/2026,Dortmund,Augsburg,2,0,1,0,5,3,2,1,1,1,0,1,0
Alemanha_Bundesliga,2526,14/03/2026,Ein Frankfurt,Heidenheim,1,0,0,0,4,1,1,0,1,0,0,0,0
Alemanha_Bundesliga,2526,14/03/2026,Hoffenheim,Wolfsburg,1,1,0,0,6,2,2,0,1,1,0,0,1
Alemanha_Bundesliga,2526,14/03/2026,Leverkusen,Bayern Munich,1,1,1,0,7,5,2,1,1,1,0,1,1
Alemanha_Bundesliga,2526,14/03/2026,Hamburg,FC Koln,1,1,1,1,1,2,2,2,1,1,0,1,1
Alemanha_Bundesliga,2526,15/03/2026,Werder Bremen,Mainz,0,2,0,1,3,2,2,1,1,1,0,1,0
Alemanha_Bundesliga,2526,15/03/2026,Freiburg,Union Berlin,0,1,0,0,6,4,1,0,1,0,0,0,0
Alemanha_Bundesliga,2526,15/03/2026,Stuttgart,RB Leipzig,1,0,0,0,4,4,1,0,1,0,0,0,0
Alemanha_Bundesliga,2526,20/03/2026,RB Leipzig,Hoffenheim,5,0,4,0,9,2,5,4,1,1,1,1,0
Alemanha_Bundesliga,2526,21/03/2026,Bayern Munich,Union Berlin,4,0,2,0,9,1,4,2,1,1,1,1,0
Alemanha_Bundesliga,2526,21/03/2026,FC Koln,M'gladbach,3,3,2,2,5,3,6,4,1,1,1,1,1
Alemanha_Bundesliga,2526,21/03/2026,Heidenheim,Leverkusen,3,3,0,2,5,5,6,2,1,1,1,1,1
Alemanha_Bundesliga,2526,21/03/2026,Wolfsburg,Werder Bremen,0,1,0,0,4,3,1,0,1,0,0,0,0
Alemanha_Bundesliga,2526,21/03/2026,Dortmund,Hamburg,3,2,0,2,8,4,5,2,1,1,1,1,1
Alemanha_Bundesliga,2526,22/03/2026,Mainz,Ein Frankfurt,2,1,1,1,5,4,3,2,1,1,1,1,1
Alemanha_Bundesliga,2526,22/03/2026,St Pauli,Freiburg,1,2,1,0,5,6,3,1,1,1,1,1,1
Alemanha_Bundesliga,2526,22/03/2026,Augsburg,Stuttgart,2,5,0,3,7,8,7,3,1,1,1,1,1
Alemanha_Bundesliga,2526,04/04/2026,Freiburg,Bayern Munich,2,3,0,0,4,9,5,0,1,1,1,0,1
Alemanha_Bundesliga,2526,04/04/2026,Hamburg,Augsburg,1,1,0,1,4,3,2,1,1,1,0,1,1
Alemanha_Bundesliga,2526,04/04/2026,Hoffenheim,Mainz,1,2,1,1,5,5,3,2,1,1,1,1,1
Alemanha_Bundesliga,2526,04/04/2026,Leverkusen,Wolfsburg,6,3,2,3,11,5,9,5,1,1,1,1,1
Alemanha_Bundesliga,2526,04/04/2026,M'gladbach,Heidenheim,2,2,1,1,7,7,4,2,1,1,1,1,1
Alemanha_Bundesliga,2526,04/04/2026,Werder Bremen,RB Leipzig,1,2,0,1,5,2,3,1,1,1,1,1,1
Alemanha_Bundesliga,2526,04/04/2026,Stuttgart,Dortmund,0,2,0,0,3,3,2,0,1,1,0,0,0
Alemanha_Bundesliga,2526,05/04/2026,Union Berlin,St Pauli,1,1,0,1,8,2,2,1,1,1,0,1,1
Alemanha_Bundesliga,2526,05/04/2026,Ein Frankfurt,FC Koln,2,2,0,0,7,9,4,0,1,1,1,0,1
Alemanha_Bundesliga,2526,10/04/2026,Augsburg,Hoffenheim,2,2,2,2,8,4,4,4,1,1,1,1,1
Alemanha_Bundesliga,2526,11/04/2026,Dortmund,Leverkusen,0,1,0,1,1,4,1,1,1,0,0,1,0
Alemanha_Bundesliga,2526,11/04/2026,Heidenheim,Union Berlin,3,1,2,0,3,3,4,2,1,1,1,1,1
Alemanha_Bundesliga,2526,11/04/2026,RB Leipzig,M'gladbach,1,0,0,0,11,3,1,0,1,0,0,0,0
Alemanha_Bundesliga,2526,11/04/2026,Wolfsburg,Ein Frankfurt,1,2,0,2,7,4,3,2,1,1,1,1,1
Alemanha_Bundesliga,2526,11/04/2026,St Pauli,Bayern Munich,0,5,0,1,3,8,5,1,1,1,1,1,0
Alemanha_Bundesliga,2526,12/04/2026,FC Koln,Werder Bremen,3,1,1,0,8,2,4,1,1,1,1,1,1
Alemanha_Bundesliga,2526,12/04/2026,Stuttgart,Hamburg,4,0,2,0,11,5,4,2,1,1,1,1,0
Alemanha_Bundesliga,2526,12/04/2026,Mainz,Freiburg,0,1,0,0,3,3,1,0,1,0,0,0,0
Alemanha_Bundesliga,2526,17/04/2026,St Pauli,FC Koln,1,1,0,0,6,1,2,0,1,1,0,0,1
Alemanha_Bundesliga,2526,18/04/2026,Hoffenheim,Dortmund,2,1,1,0,4,3,3,1,1,1,1,1,1
Alemanha_Bundesliga,2526,18/04/2026,Leverkusen,Augsburg,1,2,1,1,10,5,3,2,1,1,1,1,1
Alemanha_Bundesliga,2526,18/04/2026,Union Berlin,Wolfsburg,1,2,0,1,7,4,3,1,1,1,1,1,1
Alemanha_Bundesliga,2526,18/04/2026,Werder Bremen,Hamburg,3,1,1,1,10,3,4,2,1,1,1,1,1
Alemanha_Bundesliga,2526,18/04/2026,Ein Frankfurt,RB Leipzig,1,3,1,1,5,8,4,2,1,1,1,1,1
Alemanha_Bundesliga,2526,19/04/2026,Freiburg,Heidenheim,2,1,1,0,4,2,3,1,1,1,1,1,1
Alemanha_Bundesliga,2526,19/04/2026,Bayern Munich,Stuttgart,4,2,3,1,9,7,6,4,1,1,1,1,1
Alemanha_Bundesliga,2526,19/04/2026,M'gladbach,Mainz,1,1,1,0,4,7,2,1,1,1,0,1,1
Alemanha_Bundesliga,2526,24/04/2026,RB Leipzig,Union Berlin,3,1,2,0,10,1,4,2,1,1,1,1,1
Alemanha_Bundesliga,2526,25/04/2026,Augsburg,Ein Frankfurt,1,1,1,0,3,7,2,1,1,1,0,1,1
Alemanha_Bundesliga,2526,25/04/2026,FC Koln,Leverkusen,1,2,0,1,10,3,3,1,1,1,1,1,1
Alemanha_Bundesliga,2526,25/04/2026,Heidenheim,St Pauli,2,0,1,0,5,2,2,1,1,1,0,1,0
Alemanha_Bundesliga,2526,25/04/2026,Mainz,Bayern Munich,3,4,3,0,8,6,7,3,1,1,1,1,1
Alemanha_Bundesliga,2526,25/04/2026,Wolfsburg,M'gladbach,0,0,0,0,4,2,0,0,0,0,0,0,0
Alemanha_Bundesliga,2526,25/04/2026,Hamburg,Hoffenheim,1,2,1,2,4,6,3,3,1,1,1,1,1
Alemanha_Bundesliga,2526,26/04/2026,Stuttgart,Werder Bremen,1,1,0,1,4,3,2,1,1,1,0,1,1
Alemanha_Bundesliga,2526,26/04/2026,Dortmund,Freiburg,4,0,3,0,5,4,4,3,1,1,1,1,0
Alemanha_Bundesliga,2526,02/05/2026,Bayern Munich,Heidenheim,3,3,1,2,7,5,6,3,1,1,1,1,1
Alemanha_Bundesliga,2526,02/05/2026,Ein Frankfurt,Hamburg,1,2,0,0,5,4,3,0,1,1,1,0,1
Alemanha_Bundesliga,2526,02/05/2026,Hoffenheim,Stuttgart,3,3,2,1,9,5,6,3,1,1,1,1,1
Alemanha_Bundesliga,2526,02/05/2026,Union Berlin,FC Koln,2,2,0,1,3,4,4,1,1,1,1,1,1
Alemanha_Bundesliga,2526,02/05/2026,Werder Bremen,Augsburg,1,3,0,2,4,7,4,2,1,1,1,1,1
Alemanha_Bundesliga,2526,02/05/2026,Leverkusen,RB Leipzig,4,1,2,0,8,5,5,2,1,1,1,1,1
Alemanha_Bundesliga,2526,03/05/2026,St Pauli,Mainz,1,2,0,2,3,6,3,2,1,1,1,1,1
Alemanha_Bundesliga,2526,03/05/2026,M'gladbach,Dortmund,1,0,0,0,4,1,1,0,1,0,0,0,0
Alemanha_Bundesliga,2526,03/05/2026,Freiburg,Wolfsburg,1,1,0,0,3,4,2,0,1,1,0,0,1
Alemanha_Bundesliga,2526,08/05/2026,Dortmund,Ein Frankfurt,3,2,2,1,8,4,5,3,1,1,1,1,1
Alemanha_Bundesliga,2526,09/05/2026,Augsburg,M'gladbach,3,1,2,0,10,4,4,2,1,1,1,1,1
Alemanha_Bundesliga,2526,09/05/2026,Hoffenheim,Werder Bremen,1,0,1,0,4,2,1,1,1,0,0,1,0
Alemanha_Bundesliga,2526,09/05/2026,RB Leipzig,St Pauli,2,1,1,0,5,3,3,1,1,1,1,1,1
Alemanha_Bundesliga,2526,09/05/2026,Stuttgart,Leverkusen,3,1,2,1,9,5,4,3,1,1,1,1,1
Alemanha_Bundesliga,2526,09/05/2026,Wolfsburg,Bayern Munich,0,1,0,0,5,9,1,0,1,0,0,0,0
Alemanha_Bundesliga,2526,10/05/2026,Hamburg,Freiburg,3,2,1,1,5,3,5,2,1,1,1,1,1
Alemanha_Bundesliga,2526,10/05/2026,FC Koln,Heidenheim,1,3,1,2,7,5,4,3,1,1,1,1,1
Alemanha_Bundesliga,2526,10/05/2026,Mainz,Union Berlin,1,3,0,1,3,9,4,1,1,1,1,1,1
Alemanha_Bundesliga,2526,16/05/2026,Bayern Munich,FC Koln,5,1,3,1,7,2,6,4,1,1,1,1,1
Alemanha_Bundesliga,2526,16/05/2026,Ein Frankfurt,Stuttgart,2,2,0,2,7,7,4,2,1,1,1,1,1
Alemanha_Bundesliga,2526,16/05/2026,Freiburg,RB Leipzig,4,1,2,1,5,6,5,3,1,1,1,1,1
Alemanha_Bundesliga,2526,16/05/2026,Heidenheim,Mainz,0,2,0,2,5,9,2,2,1,1,0,1,0
Alemanha_Bundesliga,2526,16/05/2026,Leverkusen,Hamburg,1,1,0,0,9,6,2,0,1,1,0,0,1
Alemanha_Bundesliga,2526,16/05/2026,M'gladbach,Hoffenheim,4,0,2,0,6,3,4,2,1,1,1,1,0
Alemanha_Bundesliga,2526,16/05/2026,St Pauli,Wolfsburg,1,3,0,1,2,10,4,1,1,1,1,1,1
Alemanha_Bundesliga,2526,16/05/2026,Union Berlin,Augsburg,4,0,2,0,9,1,4,2,1,1,1,1,0
Alemanha_Bundesliga,2526,16/05/2026,Werder Bremen,Dortmund,0,2,0,0,3,9,2,0,1,1,0,0,0
Italia_SerieA,2526,23/08/2025,Genoa,Lecce,0,0,0,0,2,0,0,0,0,0,0,0,0
Italia_SerieA,2526,23/08/2025,Sassuolo,Napoli,0,2,0,1,2,4,2,1,1,1,0,1,0
Italia_SerieA,2526,23/08/2025,Milan,Cremonese,1,2,1,1,6,3,3,2,1,1,1,1,1
Italia_SerieA,2526,23/08/2025,Roma,Bologna,1,0,0,0,4,2,1,0,1,0,0,0,0
Italia_SerieA,2526,24/08/2025,Cagliari,Fiorentina,1,1,0,0,6,1,2,0,1,1,0,0,1
Italia_SerieA,2526,24/08/2025,Como,Lazio,2,0,0,0,6,1,2,0,1,1,0,0,0
Italia_SerieA,2526,24/08/2025,Atalanta,Pisa,1,1,0,1,6,2,2,1,1,1,0,1,1
Italia_SerieA,2526,24/08/2025,Juventus,Parma,2,0,0,0,8,2,2,0,1,1,0,0,0
Italia_SerieA,2526,25/08/2025,Udinese,Verona,1,1,0,0,4,3,2,0,1,1,0,0,1
Italia_SerieA,2526,25/08/2025,Inter,Torino,5,0,2,0,9,4,5,2,1,1,1,1,0
Italia_SerieA,2526,29/08/2025,Cremonese,Sassuolo,3,2,2,0,6,6,5,2,1,1,1,1,1
Italia_SerieA,2526,29/08/2025,Lecce,Milan,0,2,0,0,2,6,2,0,1,1,0,0,0
Italia_SerieA,2526,30/08/2025,Bologna,Como,1,0,0,0,2,2,1,0,1,0,0,0,0
Italia_SerieA,2526,30/08/2025,Parma,Atalanta,1,1,0,0,3,3,2,0,1,1,0,0,1
Italia_SerieA,2526,30/08/2025,Napoli,Cagliari,1,0,0,0,6,1,1,0,1,0,0,0,0
Italia_SerieA,2526,30/08/2025,Pisa,Roma,0,1,0,0,3,5,1,0,1,0,0,0,0
Italia_SerieA,2526,31/08/2025,Genoa,Juventus,0,1,0,0,1,3,1,0,1,0,0,0,0
Italia_SerieA,2526,31/08/2025,Torino,Fiorentina,0,0,0,0,4,4,0,0,0,0,0,0,0
Italia_SerieA,2526,31/08/2025,Inter,Udinese,1,2,1,2,4,5,3,3,1,1,1,1,1
Italia_SerieA,2526,31/08/2025,Lazio,Verona,4,0,3,0,6,4,4,3,1,1,1,1,0
Italia_SerieA,2526,13/09/2025,Cagliari,Parma,2,0,1,0,5,5,2,1,1,1,0,1,0
Italia_SerieA,2526,13/09/2025,Juventus,Inter,4,3,2,1,4,4,7,3,1,1,1,1,1
Italia_SerieA,2526,13/09/2025,Fiorentina,Napoli,1,3,0,2,3,9,4,2,1,1,1,1,1
Italia_SerieA,2526,14/09/2025,Roma,Torino,0,1,0,0,5,4,1,0,1,0,0,0,0
Italia_SerieA,2526,14/09/2025,Atalanta,Lecce,4,1,1,0,8,3,5,1,1,1,1,1,1
Italia_SerieA,2526,14/09/2025,Pisa,Udinese,0,1,0,1,2,3,1,1,1,0,0,1,0
Italia_SerieA,2526,14/09/2025,Sassuolo,Lazio,1,0,0,0,3,3,1,0,1,0,0,0,0
Italia_SerieA,2526,14/09/2025,Milan,Bologna,1,0,0,0,3,0,1,0,1,0,0,0,0
Italia_SerieA,2526,15/09/2025,Verona,Cremonese,0,0,0,0,9,2,0,0,0,0,0,0,0
Italia_SerieA,2526,15/09/2025,Como,Genoa,1,1,1,0,4,6,2,1,1,1,0,1,1
Italia_SerieA,2526,19/09/2025,Lecce,Cagliari,1,2,1,1,5,6,3,2,1,1,1,1,1
Italia_SerieA,2526,20/09/2025,Bologna,Genoa,2,1,0,0,6,4,3,0,1,1,1,0,1
Italia_SerieA,2526,20/09/2025,Verona,Juventus,1,1,1,1,4,4,2,2,1,1,0,1,1
Italia_SerieA,2526,20/09/2025,Udinese,Milan,0,3,0,1,4,6,3,1,1,1,1,1,0
Italia_SerieA,2526,21/09/2025,Lazio,Roma,0,1,0,1,2,6,1,1,1,0,0,1,0
Italia_SerieA,2526,21/09/2025,Cremonese,Parma,0,0,0,0,1,3,0,0,0,0,0,0,0
Italia_SerieA,2526,21/09/2025,Torino,Atalanta,0,3,0,3,5,5,3,3,1,1,1,1,0
Italia_SerieA,2526,21/09/2025,Fiorentina,Como,1,2,1,0,1,7,3,1,1,1,1,1,1
Italia_SerieA,2526,21/09/2025,Inter,Sassuolo,2,1,1,0,6,5,3,1,1,1,1,1,1
Italia_SerieA,2526,22/09/2025,Napoli,Pisa,3,2,1,0,6,6,5,1,1,1,1,1,1
Italia_SerieA,2526,27/09/2025,Como,Cremonese,1,1,1,0,6,2,2,1,1,1,0,1,1
Italia_SerieA,2526,27/09/2025,Juventus,Atalanta,1,1,0,1,10,2,2,1,1,1,0,1,1
Italia_SerieA,2526,27/09/2025,Cagliari,Inter,0,2,0,1,0,5,2,1,1,1,0,1,0
Italia_SerieA,2526,28/09/2025,Sassuolo,Udinese,3,1,2,0,5,5,4,2,1,1,1,1,1
Italia_SerieA,2526,28/09/2025,Pisa,Fiorentina,0,0,0,0,1,2,0,0,0,0,0,0,0
Italia_SerieA,2526,28/09/2025,Roma,Verona,2,0,1,0,5,3,2,1,1,1,0,1,0
Italia_SerieA,2526,28/09/2025,Lecce,Bologna,2,2,1,1,4,5,4,2,1,1,1,1,1
Italia_SerieA,2526,28/09/2025,Milan,Napoli,2,1,2,0,3,7,3,2,1,1,1,1,1
Italia_SerieA,2526,29/09/2025,Parma,Torino,2,1,1,0,2,4,3,1,1,1,1,1,1
Italia_SerieA,2526,29/09/2025,Genoa,Lazio,0,3,0,2,5,6,3,2,1,1,1,1,0
Italia_SerieA,2526,03/10/2025,Verona,Sassuolo,0,1,0,0,9,3,1,0,1,0,0,0,0
Italia_SerieA,2526,04/10/2025,Lazio,Torino,3,3,2,1,4,8,6,3,1,1,1,1,1
Italia_SerieA,2526,04/10/2025,Parma,Lecce,0,1,0,1,2,3,1,1,1,0,0,1,0
Italia_SerieA,2526,04/10/2025,Inter,Cremonese,4,1,2,0,9,2,5,2,1,1,1,1,1
Italia_SerieA,2526,04/10/2025,Atalanta,Como,1,1,1,1,4,4,2,2,1,1,0,1,1
Italia_SerieA,2526,05/10/2025,Udinese,Cagliari,1,1,0,1,4,2,2,1,1,1,0,1,1
Italia_SerieA,2526,05/10/2025,Bologna,Pisa,4,0,3,0,7,0,4,3,1,1,1,1,0
Italia_SerieA,2526,05/10/2025,Fiorentina,Roma,1,2,1,2,3,3,3,3,1,1,1,1,1
Italia_SerieA,2526,05/10/2025,Napoli,Genoa,2,1,0,1,5,1,3,1,1,1,1,1,1
Italia_SerieA,2526,05/10/2025,Juventus,Milan,0,0,0,0,3,4,0,0,0,0,0,0,0
Italia_SerieA,2526,18/10/2025,Lecce,Sassuolo,0,0,0,0,2,2,0,0,0,0,0,0,0
Italia_SerieA,2526,18/10/2025,Pisa,Verona,0,0,0,0,0,3,0,0,0,0,0,0,0
Italia_SerieA,2526,18/10/2025,Torino,Napoli,1,0,1,0,2,5,1,1,1,0,0,1,0
Italia_SerieA,2526,18/10/2025,Roma,Inter,0,1,0,1,5,3,1,1,1,0,0,1,0
Italia_SerieA,2526,19/10/2025,Como,Juventus,2,0,1,0,6,3,2,1,1,1,0,1,0
Italia_SerieA,2526,19/10/2025,Cagliari,Bologna,0,2,0,1,3,7,2,1,1,1,0,1,0
Italia_SerieA,2526,19/10/2025,Genoa,Parma,0,0,0,0,7,0,0,0,0,0,0,0,0
Italia_SerieA,2526,19/10/2025,Atalanta,Lazio,0,0,0,0,6,1,0,0,0,0,0,0,0
Italia_SerieA,2526,19/10/2025,Milan,Fiorentina,2,1,0,0,4,1,3,0,1,1,1,0,1
Italia_SerieA,2526,20/10/2025,Cremonese,Udinese,1,1,1,0,4,1,2,1,1,1,0,1,1
Italia_SerieA,2526,24/10/2025,Milan,Pisa,2,2,1,0,7,2,4,1,1,1,1,1,1
Italia_SerieA,2526,25/10/2025,Parma,Como,0,0,0,0,3,2,0,0,0,0,0,0,0
Italia_SerieA,2526,25/10/2025,Udinese,Lecce,3,2,2,0,4,3,5,2,1,1,1,1,1
Italia_SerieA,2526,25/10/2025,Napoli,Inter,3,1,1,0,3,3,4,1,1,1,1,1,1
Italia_SerieA,2526,25/10/2025,Cremonese,Atalanta,1,1,0,0,5,6,2,0,1,1,0,0,1
Italia_SerieA,2526,26/10/2025,Torino,Genoa,2,1,0,1,6,3,3,1,1,1,1,1,1
Italia_SerieA,2526,26/10/2025,Sassuolo,Roma,0,1,0,1,1,8,1,1,1,0,0,1,0
Italia_SerieA,2526,26/10/2025,Verona,Cagliari,2,2,1,0,6,3,4,1,1,1,1,1,1
Italia_SerieA,2526,26/10/2025,Fiorentina,Bologna,2,2,0,1,7,3,4,1,1,1,1,1,1
Italia_SerieA,2526,26/10/2025,Lazio,Juventus,1,0,1,0,3,5,1,1,1,0,0,1,0
Italia_SerieA,2526,28/10/2025,Lecce,Napoli,0,1,0,0,2,3,1,0,1,0,0,0,0
Italia_SerieA,2526,28/10/2025,Atalanta,Milan,1,1,1,1,3,1,2,2,1,1,0,1,1
Italia_SerieA,2526,29/10/2025,Como,Verona,3,1,1,1,5,9,4,2,1,1,1,1,1
Italia_SerieA,2526,29/10/2025,Juventus,Udinese,3,1,1,1,11,2,4,2,1,1,1,1,1
Italia_SerieA,2526,29/10/2025,Roma,Parma,2,1,0,0,6,5,3,0,1,1,1,0,1
Italia_SerieA,2526,29/10/2025,Bologna,Torino,0,0,0,0,2,2,0,0,0,0,0,0,0
Italia_SerieA,2526,29/10/2025,Genoa,Cremonese,0,2,0,1,1,4,2,1,1,1,0,1,0
Italia_SerieA,2526,29/10/2025,Inter,Fiorentina,3,0,0,0,8,2,3,0,1,1,1,0,0
Italia_SerieA,2526,30/10/2025,Cagliari,Sassuolo,1,2,0,0,1,4,3,0,1,1,1,0,1
Italia_SerieA,2526,30/10/2025,Pisa,Lazio,0,0,0,0,2,6,0,0,0,0,0,0,0
Italia_SerieA,2526,01/11/2025,Udinese,Atalanta,1,0,1,0,5,0,1,1,1,0,0,1,0
Italia_SerieA,2526,01/11/2025,Napoli,Como,0,0,0,0,8,2,0,0,0,0,0,0,0
Italia_SerieA,2526,01/11/2025,Cremonese,Juventus,1,2,0,1,2,5,3,1,1,1,1,1,1
Italia_SerieA,2526,02/11/2025,Verona,Inter,1,2,1,1,2,6,3,2,1,1,1,1,1
Italia_SerieA,2526,02/11/2025,Fiorentina,Lecce,0,1,0,1,4,4,1,1,1,0,0,1,0
Italia_SerieA,2526,02/11/2025,Torino,Pisa,2,2,2,2,3,3,4,4,1,1,1,1,1
Italia_SerieA,2526,02/11/2025,Parma,Bologna,1,3,1,1,1,6,4,2,1,1,1,1,1
Italia_SerieA,2526,02/11/2025,Milan,Roma,1,0,1,0,8,6,1,1,1,0,0,1,0
Italia_SerieA,2526,03/11/2025,Sassuolo,Genoa,1,2,0,1,4,5,3,1,1,1,1,1,1
Italia_SerieA,2526,03/11/2025,Lazio,Cagliari,2,0,0,0,3,5,2,0,1,1,0,0,0
Italia_SerieA,2526,07/11/2025,Pisa,Cremonese,1,0,0,0,6,3,1,0,1,0,0,0,0
Italia_SerieA,2526,08/11/2025,Como,Cagliari,0,0,0,0,6,2,0,0,0,0,0,0,0
Italia_SerieA,2526,08/11/2025,Lecce,Verona,0,0,0,0,6,2,0,0,0,0,0,0,0
Italia_SerieA,2526,08/11/2025,Juventus,Torino,0,0,0,0,6,3,0,0,0,0,0,0,0
Italia_SerieA,2526,08/11/2025,Parma,Milan,2,2,1,2,4,5,4,3,1,1,1,1,1
Italia_SerieA,2526,09/11/2025,Atalanta,Sassuolo,0,3,0,1,2,4,3,1,1,1,1,1,0
Italia_SerieA,2526,09/11/2025,Bologna,Napoli,2,0,0,0,4,1,2,0,1,1,0,0,0
Italia_SerieA,2526,09/11/2025,Genoa,Fiorentina,2,2,1,1,6,3,4,2,1,1,1,1,1
Italia_SerieA,2526,09/11/2025,Roma,Udinese,2,0,1,0,4,4,2,1,1,1,0,1,0
Italia_SerieA,2526,09/11/2025,Inter,Lazio,2,0,1,0,3,5,2,1,1,1,0,1,0
Italia_SerieA,2526,22/11/2025,Cagliari,Genoa,3,3,2,2,5,8,6,4,1,1,1,1,1
Italia_SerieA,2526,22/11/2025,Udinese,Bologna,0,3,0,0,3,5,3,0,1,1,1,0,0
Italia_SerieA,2526,22/11/2025,Fiorentina,Juventus,1,1,0,1,2,4,2,1,1,1,0,1,1
Italia_SerieA,2526,22/11/2025,Napoli,Atalanta,3,1,3,0,6,3,4,3,1,1,1,1,1
Italia_SerieA,2526,23/11/2025,Verona,Parma,1,2,0,1,2,7,3,1,1,1,1,1,1
Italia_SerieA,2526,23/11/2025,Cremonese,Roma,1,3,0,1,4,6,4,1,1,1,1,1,1
Italia_SerieA,2526,23/11/2025,Lazio,Lecce,2,0,1,0,9,1,2,1,1,1,0,1,0
Italia_SerieA,2526,23/11/2025,Inter,Milan,0,1,0,0,6,3,1,0,1,0,0,0,0
Italia_SerieA,2526,24/11/2025,Torino,Como,1,5,1,1,2,7,6,2,1,1,1,1,1
Italia_SerieA,2526,24/11/2025,Sassuolo,Pisa,2,2,1,1,7,3,4,2,1,1,1,1,1
Italia_SerieA,2526,28/11/2025,Como,Sassuolo,2,0,1,0,13,5,2,1,1,1,0,1,0
Italia_SerieA,2526,29/11/2025,Genoa,Verona,2,1,1,1,4,5,3,2,1,1,1,1,1
Italia_SerieA,2526,29/11/2025,Parma,Udinese,0,2,0,1,2,5,2,1,1,1,0,1,0
Italia_SerieA,2526,29/11/2025,Juventus,Cagliari,2,1,2,1,6,3,3,3,1,1,1,1,1
Italia_SerieA,2526,29/11/2025,Milan,Lazio,1,0,0,0,4,4,1,0,1,0,0,0,0
Italia_SerieA,2526,30/11/2025,Lecce,Torino,2,1,2,0,2,6,3,2,1,1,1,1,1
Italia_SerieA,2526,30/11/2025,Pisa,Inter,0,2,0,0,2,3,2,0,1,1,0,0,0
Italia_SerieA,2526,30/11/2025,Atalanta,Fiorentina,2,0,1,0,9,3,2,1,1,1,0,1,0
Italia_SerieA,2526,30/11/2025,Roma,Napoli,0,1,0,1,2,5,1,1,1,0,0,1,0
Italia_SerieA,2526,01/12/2025,Bologna,Cremonese,1,3,1,2,7,5,4,3,1,1,1,1,1
Italia_SerieA,2526,06/12/2025,Sassuolo,Fiorentina,3,1,2,1,5,1,4,3,1,1,1,1,1
Italia_SerieA,2526,06/12/2025,Inter,Como,4,0,1,0,7,3,4,1,1,1,1,1,0
Italia_SerieA,2526,06/12/2025,Verona,Atalanta,3,1,2,0,7,5,4,2,1,1,1,1,1
Italia_SerieA,2526,07/12/2025,Cremonese,Lecce,2,0,0,0,4,1,2,0,1,1,0,0,0
Italia_SerieA,2526,07/12/2025,Cagliari,Roma,1,0,0,0,8,2,1,0,1,0,0,0,0
Italia_SerieA,2526,07/12/2025,Lazio,Bologna,1,1,1,1,9,6,2,2,1,1,0,1,1
Italia_SerieA,2526,07/12/2025,Napoli,Juventus,2,1,1,0,4,2,3,1,1,1,1,1,1
Italia_SerieA,2526,08/12/2025,Pisa,Parma,0,1,0,1,2,2,1,1,1,0,0,1,0
Italia_SerieA,2526,08/12/2025,Udinese,Genoa,1,2,0,1,6,6,3,1,1,1,1,1,1
Italia_SerieA,2526,08/12/2025,Torino,Milan,2,3,2,1,4,6,5,3,1,1,1,1,1
Italia_SerieA,2526,12/12/2025,Lecce,Pisa,1,0,0,0,3,0,1,0,1,0,0,0,0
Italia_SerieA,2526,13/12/2025,Torino,Cremonese,1,0,1,0,6,3,1,1,1,0,0,1,0
Italia_SerieA,2526,13/12/2025,Parma,Lazio,0,1,0,0,5,5,1,0,1,0,0,0,0
Italia_SerieA,2526,13/12/2025,Atalanta,Cagliari,2,1,1,0,8,1,3,1,1,1,1,1,1
Italia_SerieA,2526,14/12/2025,Milan,Sassuolo,2,2,1,1,5,3,4,2,1,1,1,1,1
Italia_SerieA,2526,14/12/2025,Fiorentina,Verona,1,2,0,1,4,3,3,1,1,1,1,1,1
Italia_SerieA,2526,14/12/2025,Udinese,Napoli,1,0,0,0,5,0,1,0,1,0,0,0,0
Italia_SerieA,2526,14/12/2025,Genoa,Inter,1,2,0,2,3,8,3,2,1,1,1,1,1
Italia_SerieA,2526,14/12/2025,Bologna,Juventus,0,1,0,0,4,3,1,0,1,0,0,0,0
Italia_SerieA,2526,15/12/2025,Roma,Como,1,0,0,0,4,1,1,0,1,0,0,0,0
Italia_SerieA,2526,20/12/2025,Lazio,Cremonese,0,0,0,0,2,2,0,0,0,0,0,0,0
Italia_SerieA,2526,20/12/2025,Juventus,Roma,2,1,1,0,9,5,3,1,1,1,1,1,1
Italia_SerieA,2526,21/12/2025,Cagliari,Pisa,2,2,0,1,5,3,4,1,1,1,1,1,1
Italia_SerieA,2526,21/12/2025,Sassuolo,Torino,0,1,0,0,1,5,1,0,1,0,0,0,0
Italia_SerieA,2526,21/12/2025,Fiorentina,Udinese,5,1,3,0,7,4,6,3,1,1,1,1,1
Italia_SerieA,2526,21/12/2025,Genoa,Atalanta,0,1,0,0,3,4,1,0,1,0,0,0,0
Italia_SerieA,2526,27/12/2025,Parma,Fiorentina,1,0,0,0,2,4,1,0,1,0,0,0,0
Italia_SerieA,2526,27/12/2025,Lecce,Como,0,3,0,1,5,6,3,1,1,1,1,1,0
Italia_SerieA,2526,27/12/2025,Torino,Cagliari,1,2,1,1,10,4,3,2,1,1,1,1,1
Italia_SerieA,2526,27/12/2025,Udinese,Lazio,1,1,0,0,4,2,2,0,1,1,0,0,1
Italia_SerieA,2526,27/12/2025,Pisa,Juventus,0,2,0,0,0,7,2,0,1,1,0,0,0
Italia_SerieA,2526,28/12/2025,Milan,Verona,3,0,1,0,5,1,3,1,1,1,1,1,0
Italia_SerieA,2526,28/12/2025,Cremonese,Napoli,0,2,0,2,2,8,2,2,1,1,0,1,0
Italia_SerieA,2526,28/12/2025,Bologna,Sassuolo,1,1,0,0,6,5,2,0,1,1,0,0,1
Italia_SerieA,2526,28/12/2025,Atalanta,Inter,0,1,0,0,0,4,1,0,1,0,0,0,0
Italia_SerieA,2526,29/12/2025,Roma,Genoa,3,1,3,0,8,2,4,3,1,1,1,1,1
Italia_SerieA,2526,02/01/2026,Cagliari,Milan,0,1,0,0,1,4,1,0,1,0,0,0,0
Italia_SerieA,2526,03/01/2026,Como,Udinese,1,0,1,0,3,1,1,1,1,0,0,1,0
Italia_SerieA,2526,03/01/2026,Genoa,Pisa,1,1,1,1,4,2,2,2,1,1,0,1,1
Italia_SerieA,2526,03/01/2026,Sassuolo,Parma,1,1,1,1,3,5,2,2,1,1,0,1,1
Italia_SerieA,2526,03/01/2026,Juventus,Lecce,1,1,0,1,5,1,2,1,1,1,0,1,1
Italia_SerieA,2526,03/01/2026,Atalanta,Roma,1,0,1,0,2,4,1,1,1,0,0,1,0
Italia_SerieA,2526,04/01/2026,Lazio,Napoli,0,2,0,2,0,3,2,2,1,1,0,1,0
Italia_SerieA,2526,04/01/2026,Fiorentina,Cremonese,1,0,0,0,8,2,1,0,1,0,0,0,0
Italia_SerieA,2526,04/01/2026,Verona,Torino,0,3,0,1,3,5,3,1,1,1,1,1,0
Italia_SerieA,2526,04/01/2026,Inter,Bologna,3,1,1,0,10,2,4,1,1,1,1,1,1
Italia_SerieA,2526,06/01/2026,Pisa,Como,0,3,0,0,4,7,3,0,1,1,1,0,0
Italia_SerieA,2526,06/01/2026,Lecce,Roma,0,2,0,1,1,3,2,1,1,1,0,1,0
Italia_SerieA,2526,06/01/2026,Sassuolo,Juventus,0,3,0,1,2,10,3,1,1,1,1,1,0
Italia_SerieA,2526,07/01/2026,Bologna,Atalanta,0,2,0,1,2,5,2,1,1,1,0,1,0
Italia_SerieA,2526,07/01/2026,Napoli,Verona,2,2,0,2,4,4,4,2,1,1,1,1,1
Italia_SerieA,2526,07/01/2026,Lazio,Fiorentina,2,2,0,0,9,5,4,0,1,1,1,0,1
Italia_SerieA,2526,07/01/2026,Parma,Inter,0,2,0,1,0,8,2,1,1,1,0,1,0
Italia_SerieA,2526,07/01/2026,Torino,Udinese,1,2,0,0,4,4,3,0,1,1,1,0,1
Italia_SerieA,2526,08/01/2026,Cremonese,Cagliari,2,2,2,0,5,5,4,2,1,1,1,1,1
Italia_SerieA,2526,08/01/2026,Milan,Genoa,1,1,0,1,8,2,2,1,1,1,0,1,1
Italia_SerieA,2526,10/01/2026,Como,Bologna,1,1,0,0,3,2,2,0,1,1,0,0,1
Italia_SerieA,2526,10/01/2026,Udinese,Pisa,2,2,2,1,2,7,4,3,1,1,1,1,1
Italia_SerieA,2526,10/01/2026,Roma,Sassuolo,2,0,0,0,6,3,2,0,1,1,0,0,0
Italia_SerieA,2526,10/01/2026,Atalanta,Torino,2,0,1,0,5,3,2,1,1,1,0,1,0
Italia_SerieA,2526,11/01/2026,Lecce,Parma,1,2,1,0,1,2,3,1,1,1,1,1,1
Italia_SerieA,2526,11/01/2026,Fiorentina,Milan,1,1,0,0,7,3,2,0,1,1,0,0,1
Italia_SerieA,2526,11/01/2026,Verona,Lazio,0,1,0,0,2,2,1,0,1,0,0,0,0
Italia_SerieA,2526,11/01/2026,Inter,Napoli,2,2,1,1,4,3,4,2,1,1,1,1,1
Italia_SerieA,2526,12/01/2026,Genoa,Cagliari,3,0,1,0,7,3,3,1,1,1,1,1,0
Italia_SerieA,2526,12/01/2026,Juventus,Cremonese,5,0,3,0,11,2,5,3,1,1,1,1,0
Italia_SerieA,2526,14/01/2026,Napoli,Parma,0,0,0,0,4,1,0,0,0,0,0,0,0
Italia_SerieA,2526,14/01/2026,Inter,Lecce,1,0,0,0,7,1,1,0,1,0,0,0,0
Italia_SerieA,2526,15/01/2026,Verona,Bologna,2,3,1,3,5,5,5,4,1,1,1,1,1
Italia_SerieA,2526,15/01/2026,Como,Milan,1,3,1,1,8,4,4,2,1,1,1,1,1
Italia_SerieA,2526,16/01/2026,Pisa,Atalanta,1,1,0,0,6,4,2,0,1,1,0,0,1
Italia_SerieA,2526,17/01/2026,Udinese,Inter,0,1,0,1,1,5,1,1,1,0,0,1,0
Italia_SerieA,2526,17/01/2026,Napoli,Sassuolo,1,0,1,0,4,4,1,1,1,0,0,1,0
Italia_SerieA,2526,17/01/2026,Cagliari,Juventus,1,0,0,0,1,5,1,0,1,0,0,0,0
Italia_SerieA,2526,18/01/2026,Parma,Genoa,0,0,0,0,2,3,0,0,0,0,0,0,0
Italia_SerieA,2526,18/01/2026,Bologna,Fiorentina,1,2,0,2,3,4,3,2,1,1,1,1,1
Italia_SerieA,2526,18/01/2026,Torino,Roma,0,2,0,1,4,5,2,1,1,1,0,1,0
Italia_SerieA,2526,18/01/2026,Milan,Lecce,1,0,0,0,6,0,1,0,1,0,0,0,0
Italia_SerieA,2526,19/01/2026,Cremonese,Verona,0,0,0,0,1,4,0,0,0,0,0,0,0
Italia_SerieA,2526,19/01/2026,Lazio,Como,0,3,0,2,4,6,3,2,1,1,1,1,0
Italia_SerieA,2526,23/01/2026,Inter,Pisa,6,2,3,2,14,3,8,5,1,1,1,1,1
Italia_SerieA,2526,24/01/2026,Como,Torino,6,0,2,0,7,1,6,2,1,1,1,1,0
Italia_SerieA,2526,24/01/2026,Fiorentina,Cagliari,1,2,0,1,3,6,3,1,1,1,1,1,1
Italia_SerieA,2526,24/01/2026,Lecce,Lazio,0,0,0,0,2,1,0,0,0,0,0,0,0
Italia_SerieA,2526,25/01/2026,Sassuolo,Cremonese,1,0,1,0,7,4,1,1,1,0,0,1,0
Italia_SerieA,2526,25/01/2026,Atalanta,Parma,4,0,2,0,9,2,4,2,1,1,1,1,0
Italia_SerieA,2526,25/01/2026,Genoa,Bologna,3,2,0,1,6,3,5,1,1,1,1,1,1
Italia_SerieA,2526,25/01/2026,Juventus,Napoli,3,0,1,0,6,1,3,1,1,1,1,1,0
Italia_SerieA,2526,25/01/2026,Roma,Milan,1,1,0,0,7,2,2,0,1,1,0,0,1
Italia_SerieA,2526,26/01/2026,Verona,Udinese,1,3,1,1,4,7,4,2,1,1,1,1,1
Italia_SerieA,2526,30/01/2026,Lazio,Genoa,3,2,0,0,4,4,5,0,1,1,1,0,1
Italia_SerieA,2526,31/01/2026,Pisa,Sassuolo,1,3,0,2,6,5,4,2,1,1,1,1,1
Italia_SerieA,2526,31/01/2026,Napoli,Fiorentina,2,1,1,0,6,5,3,1,1,1,1,1,1
Italia_SerieA,2526,31/01/2026,Cagliari,Verona,4,0,2,0,7,3,4,2,1,1,1,1,0
Italia_SerieA,2526,01/02/2026,Torino,Lecce,1,0,1,0,5,2,1,1,1,0,0,1,0
Italia_SerieA,2526,01/02/2026,Como,Atalanta,0,0,0,0,9,2,0,0,0,0,0,0,0
Italia_SerieA,2526,01/02/2026,Cremonese,Inter,0,2,0,2,3,4,2,2,1,1,0,1,0
Italia_SerieA,2526,01/02/2026,Parma,Juventus,1,4,0,2,4,8,5,2,1,1,1,1,1
Italia_SerieA,2526,02/02/2026,Udinese,Roma,1,0,0,0,4,3,1,0,1,0,0,0,0
Italia_SerieA,2526,03/02/2026,Bologna,Milan,0,3,0,2,2,3,3,2,1,1,1,1,0
Italia_SerieA,2526,06/02/2026,Verona,Pisa,0,0,0,0,0,3,0,0,0,0,0,0,0
Italia_SerieA,2526,07/02/2026,Genoa,Napoli,2,3,1,2,3,5,5,3,1,1,1,1,1
Italia_SerieA,2526,07/02/2026,Fiorentina,Torino,2,2,0,1,5,4,4,1,1,1,1,1,1
Italia_SerieA,2526,08/02/2026,Bologna,Parma,0,1,0,0,2,1,1,0,1,0,0,0,0
Italia_SerieA,2526,08/02/2026,Lecce,Udinese,2,1,1,1,5,1,3,2,1,1,1,1,1
Italia_SerieA,2526,08/02/2026,Sassuolo,Inter,0,5,0,2,2,11,5,2,1,1,1,1,0
Italia_SerieA,2526,08/02/2026,Juventus,Lazio,2,2,0,1,8,2,4,1,1,1,1,1,1
Italia_SerieA,2526,09/02/2026,Atalanta,Cremonese,2,1,2,0,9,2,3,2,1,1,1,1,1
Italia_SerieA,2526,09/02/2026,Roma,Cagliari,2,0,1,0,5,1,2,1,1,1,0,1,0
Italia_SerieA,2526,13/02/2026,Pisa,Milan,1,2,0,1,2,2,3,1,1,1,1,1,1
Italia_SerieA,2526,14/02/2026,Como,Fiorentina,1,2,0,1,3,3,3,1,1,1,1,1,1
Italia_SerieA,2526,14/02/2026,Lazio,Atalanta,0,2,0,1,5,5,2,1,1,1,0,1,0
Italia_SerieA,2526,14/02/2026,Inter,Juventus,3,2,1,1,9,8,5,2,1,1,1,1,1
Italia_SerieA,2526,15/02/2026,Udinese,Sassuolo,1,2,1,0,2,3,3,1,1,1,1,1,1
Italia_SerieA,2526,15/02/2026,Cremonese,Genoa,0,0,0,0,8,6,0,0,0,0,0,0,0
Italia_SerieA,2526,15/02/2026,Parma,Verona,2,1,1,1,8,1,3,2,1,1,1,1,1
Italia_SerieA,2526,15/02/2026,Torino,Bologna,1,2,0,0,2,6,3,0,1,1,1,0,1
Italia_SerieA,2526,15/02/2026,Napoli,Roma,2,2,1,1,7,2,4,2,1,1,1,1,1
Italia_SerieA,2526,16/02/2026,Cagliari,Lecce,0,2,0,0,0,4,2,0,1,1,0,0,0
Italia_SerieA,2526,18/02/2026,Milan,Como,1,1,0,1,4,4,2,1,1,1,0,1,1
Italia_SerieA,2526,20/02/2026,Sassuolo,Verona,3,0,2,0,4,1,3,2,1,1,1,1,0
Italia_SerieA,2526,21/02/2026,Juventus,Como,0,2,0,1,3,2,2,1,1,1,0,1,0
Italia_SerieA,2526,21/02/2026,Lecce,Inter,0,2,0,0,0,9,2,0,1,1,0,0,0
Italia_SerieA,2526,21/02/2026,Cagliari,Lazio,0,0,0,0,2,3,0,0,0,0,0,0,0
Italia_SerieA,2526,22/02/2026,Genoa,Torino,3,0,2,0,5,3,3,2,1,1,1,1,0
Italia_SerieA,2526,22/02/2026,Atalanta,Napoli,2,1,0,1,7,4,3,1,1,1,1,1,1
Italia_SerieA,2526,22/02/2026,Milan,Parma,0,1,0,0,6,3,1,0,1,0,0,0,0
Italia_SerieA,2526,22/02/2026,Roma,Cremonese,3,0,0,0,5,0,3,0,1,1,1,0,0
Italia_SerieA,2526,23/02/2026,Fiorentina,Pisa,1,0,1,0,5,1,1,1,1,0,0,1,0
Italia_SerieA,2526,23/02/2026,Bologna,Udinese,1,0,0,0,6,3,1,0,1,0,0,0,0
Italia_SerieA,2526,27/02/2026,Parma,Cagliari,1,1,0,0,4,5,2,0,1,1,0,0,1
Italia_SerieA,2526,28/02/2026,Como,Lecce,3,1,3,1,7,2,4,4,1,1,1,1,1
Italia_SerieA,2526,28/02/2026,Verona,Napoli,1,2,0,1,2,5,3,1,1,1,1,1,1
Italia_SerieA,2526,28/02/2026,Inter,Genoa,2,0,1,0,6,2,2,1,1,1,0,1,0
Italia_SerieA,2526,01/03/2026,Cremonese,Milan,0,2,0,0,3,6,2,0,1,1,0,0,0
Italia_SerieA,2526,01/03/2026,Sassuolo,Atalanta,2,1,1,0,5,7,3,1,1,1,1,1,1
Italia_SerieA,2526,01/03/2026,Torino,Lazio,2,0,1,0,5,3,2,1,1,1,0,1,0
Italia_SerieA,2526,01/03/2026,Roma,Juventus,3,3,1,0,5,5,6,1,1,1,1,1,1
Italia_SerieA,2526,02/03/2026,Pisa,Bologna,0,1,0,0,3,1,1,0,1,0,0,0,0
Italia_SerieA,2526,02/03/2026,Udinese,Fiorentina,3,0,1,0,7,0,3,1,1,1,1,1,0
Italia_SerieA,2526,06/03/2026,Napoli,Torino,2,1,1,0,9,4,3,1,1,1,1,1,1
Italia_SerieA,2526,07/03/2026,Cagliari,Como,1,2,0,1,3,2,3,1,1,1,1,1,1
Italia_SerieA,2526,07/03/2026,Atalanta,Udinese,2,2,0,1,4,2,4,1,1,1,1,1,1
Italia_SerieA,2526,07/03/2026,Juventus,Pisa,4,0,0,0,7,2,4,0,1,1,1,0,0
Italia_SerieA,2526,08/03/2026,Lecce,Cremonese,2,1,2,0,3,5,3,2,1,1,1,1,1
Italia_SerieA,2526,08/03/2026,Bologna,Verona,1,2,0,0,2,5,3,0,1,1,1,0,1
Italia_SerieA,2526,08/03/2026,Fiorentina,Parma,0,0,0,0,1,0,0,0,0,0,0,0,0
Italia_SerieA,2526,08/03/2026,Genoa,Roma,2,1,0,0,5,1,3,0,1,1,1,0,1
Italia_SerieA,2526,08/03/2026,Milan,Inter,1,0,1,0,2,2,1,1,1,0,0,1,0
Italia_SerieA,2526,09/03/2026,Lazio,Sassuolo,2,1,1,1,5,4,3,2,1,1,1,1,1
Italia_SerieA,2526,13/03/2026,Torino,Parma,4,1,1,1,6,3,5,2,1,1,1,1,1
Italia_SerieA,2526,14/03/2026,Inter,Atalanta,1,1,1,0,3,3,2,1,1,1,0,1,1
Italia_SerieA,2526,14/03/2026,Napoli,Lecce,2,1,0,1,4,2,3,1,1,1,1,1,1
Italia_SerieA,2526,14/03/2026,Udinese,Juventus,0,1,0,1,2,8,1,1,1,0,0,1,0
Italia_SerieA,2526,15/03/2026,Verona,Genoa,0,2,0,0,1,3,2,0,1,1,0,0,0
Italia_SerieA,2526,15/03/2026,Pisa,Cagliari,3,1,1,0,6,4,4,1,1,1,1,1,1
Italia_SerieA,2526,15/03/2026,Sassuolo,Bologna,0,1,0,1,3,3,1,1,1,0,0,1,0
Italia_SerieA,2526,15/03/2026,Como,Roma,2,1,0,1,7,1,3,1,1,1,1,1,1
Italia_SerieA,2526,15/03/2026,Lazio,Milan,1,0,1,0,2,3,1,1,1,0,0,1,0
Italia_SerieA,2526,16/03/2026,Cremonese,Fiorentina,1,4,0,2,3,6,5,2,1,1,1,1,1
Italia_SerieA,2526,20/03/2026,Cagliari,Napoli,0,1,0,1,0,5,1,1,1,0,0,1,0
Italia_SerieA,2526,20/03/2026,Genoa,Udinese,0,2,0,0,2,4,2,0,1,1,0,0,0
Italia_SerieA,2526,21/03/2026,Parma,Cremonese,0,2,0,0,1,4,2,0,1,1,0,0,0
Italia_SerieA,2526,21/03/2026,Milan,Torino,3,2,1,1,6,7,5,2,1,1,1,1,1
Italia_SerieA,2526,21/03/2026,Juventus,Sassuolo,1,1,1,0,8,1,2,1,1,1,0,1,1
Italia_SerieA,2526,22/03/2026,Como,Pisa,5,0,2,0,7,0,5,2,1,1,1,1,0
Italia_SerieA,2526,22/03/2026,Atalanta,Verona,1,0,1,0,3,3,1,1,1,0,0,1,0
Italia_SerieA,2526,22/03/2026,Bologna,Lazio,0,2,0,0,4,5,2,0,1,1,0,0,0
Italia_SerieA,2526,22/03/2026,Roma,Lecce,1,0,0,0,2,3,1,0,1,0,0,0,0
Italia_SerieA,2526,22/03/2026,Fiorentina,Inter,1,1,0,1,6,4,2,1,1,1,0,1,1
Italia_SerieA,2526,04/04/2026,Sassuolo,Cagliari,2,1,0,1,2,3,3,1,1,1,1,1,1
Italia_SerieA,2526,04/04/2026,Verona,Fiorentina,0,1,0,0,8,1,1,0,1,0,0,0,0
Italia_SerieA,2526,04/04/2026,Lazio,Parma,1,1,0,1,3,4,2,1,1,1,0,1,1
Italia_SerieA,2526,05/04/2026,Cremonese,Bologna,1,2,0,2,3,7,3,2,1,1,1,1,1
Italia_SerieA,2526,05/04/2026,Pisa,Torino,0,1,0,0,1,2,1,0,1,0,0,0,0
Italia_SerieA,2526,05/04/2026,Inter,Roma,5,2,2,1,9,3,7,3,1,1,1,1,1
Italia_SerieA,2526,06/04/2026,Udinese,Como,0,0,0,0,4,4,0,0,0,0,0,0,0
Italia_SerieA,2526,06/04/2026,Lecce,Atalanta,0,3,0,1,0,6,3,1,1,1,1,1,0
Italia_SerieA,2526,06/04/2026,Juventus,Genoa,2,0,2,0,5,3,2,2,1,1,0,1,0
Italia_SerieA,2526,06/04/2026,Napoli,Milan,1,0,0,0,3,1,1,0,1,0,0,0,0
Italia_SerieA,2526,10/04/2026,Roma,Pisa,3,0,2,0,3,5,3,2,1,1,1,1,0
Italia_SerieA,2526,11/04/2026,Cagliari,Cremonese,1,0,0,0,5,2,1,0,1,0,0,0,0
Italia_SerieA,2526,11/04/2026,Torino,Verona,2,1,1,1,2,4,3,2,1,1,1,1,1
Italia_SerieA,2526,11/04/2026,Milan,Udinese,0,3,0,2,3,6,3,2,1,1,1,1,0
Italia_SerieA,2526,11/04/2026,Atalanta,Juventus,0,1,0,0,3,2,1,0,1,0,0,0,0
Italia_SerieA,2526,12/04/2026,Genoa,Sassuolo,2,1,1,0,7,6,3,1,1,1,1,1,1
Italia_SerieA,2526,12/04/2026,Parma,Napoli,1,1,1,0,2,6,2,1,1,1,0,1,1
Italia_SerieA,2526,12/04/2026,Bologna,Lecce,2,0,1,0,4,1,2,1,1,1,0,1,0
Italia_SerieA,2526,12/04/2026,Como,Inter,3,4,2,1,8,5,7,3,1,1,1,1,1
Italia_SerieA,2526,13/04/2026,Fiorentina,Lazio,1,0,1,0,2,6,1,1,1,0,0,1,0
Italia_SerieA,2526,17/04/2026,Sassuolo,Como,2,1,2,1,4,3,3,3,1,1,1,1,1
Italia_SerieA,2526,17/04/2026,Inter,Cagliari,3,0,0,0,5,1,3,0,1,1,1,0,0
Italia_SerieA,2526,18/04/2026,Udinese,Parma,0,1,0,0,3,1,1,0,1,0,0,0,0
Italia_SerieA,2526,18/04/2026,Napoli,Lazio,0,2,0,1,0,7,2,1,1,1,0,1,0
Italia_SerieA,2526,18/04/2026,Roma,Atalanta,1,1,1,1,9,2,2,2,1,1,0,1,1
Italia_SerieA,2526,19/04/2026,Cremonese,Torino,0,0,0,0,4,1,0,0,0,0,0,0,0
Italia_SerieA,2526,19/04/2026,Verona,Milan,0,1,0,1,2,3,1,1,1,0,0,1,0
Italia_SerieA,2526,19/04/2026,Pisa,Genoa,1,2,1,1,4,5,3,2,1,1,1,1,1
Italia_SerieA,2526,19/04/2026,Juventus,Bologna,2,0,1,0,4,0,2,1,1,1,0,1,0
Italia_SerieA,2526,20/04/2026,Lecce,Fiorentina,1,1,0,1,4,3,2,1,1,1,0,1,1
Italia_SerieA,2526,24/04/2026,Napoli,Cremonese,4,0,3,0,9,4,4,3,1,1,1,1,0
Italia_SerieA,2526,25/04/2026,Parma,Pisa,1,0,0,0,5,3,1,0,1,0,0,0,0
Italia_SerieA,2526,25/04/2026,Bologna,Roma,0,2,0,2,2,2,2,2,1,1,0,1,0
Italia_SerieA,2526,25/04/2026,Verona,Lecce,0,0,0,0,3,2,0,0,0,0,0,0,0
Italia_SerieA,2526,26/04/2026,Fiorentina,Sassuolo,0,0,0,0,5,1,0,0,0,0,0,0,0
Italia_SerieA,2526,26/04/2026,Genoa,Como,0,2,0,1,1,2,2,1,1,1,0,1,0
Italia_SerieA,2526,26/04/2026,Torino,Inter,2,2,0,1,2,5,4,1,1,1,1,1,1
Italia_SerieA,2526,26/04/2026,Milan,Juventus,0,0,0,0,1,5,0,0,0,0,0,0,0
Italia_SerieA,2526,27/04/2026,Cagliari,Atalanta,3,2,2,2,4,6,5,4,1,1,1,1,1
Italia_SerieA,2526,27/04/2026,Lazio,Udinese,3,3,0,1,5,7,6,1,1,1,1,1,1
Italia_SerieA,2526,01/05/2026,Pisa,Lecce,1,2,0,0,7,4,3,0,1,1,1,0,1
Italia_SerieA,2526,02/05/2026,Udinese,Torino,2,0,1,0,8,1,2,1,1,1,0,1,0
Italia_SerieA,2526,02/05/2026,Como,Napoli,0,0,0,0,5,1,0,0,0,0,0,0,0
Italia_SerieA,2526,02/05/2026,Atalanta,Genoa,0,0,0,0,7,2,0,0,0,0,0,0,0
Italia_SerieA,2526,03/05/2026,Bologna,Cagliari,0,0,0,0,4,2,0,0,0,0,0,0,0
Italia_SerieA,2526,03/05/2026,Sassuolo,Milan,2,0,1,0,4,1,2,1,1,1,0,1,0
Italia_SerieA,2526,03/05/2026,Juventus,Verona,1,1,0,1,7,3,2,1,1,1,0,1,1
Italia_SerieA,2526,03/05/2026,Inter,Parma,2,0,1,0,5,0,2,1,1,1,0,1,0
Italia_SerieA,2526,04/05/2026,Cremonese,Lazio,1,2,1,0,5,3,3,1,1,1,1,1,1
Italia_SerieA,2526,04/05/2026,Roma,Fiorentina,4,0,3,0,7,1,4,3,1,1,1,1,0
Italia_SerieA,2526,08/05/2026,Torino,Sassuolo,2,1,0,0,4,7,3,0,1,1,1,0,1
Italia_SerieA,2526,09/05/2026,Cagliari,Udinese,0,2,0,0,5,6,2,0,1,1,0,0,0
Italia_SerieA,2526,09/05/2026,Lazio,Inter,0,3,0,2,5,5,3,2,1,1,1,1,0
Italia_SerieA,2526,09/05/2026,Lecce,Juventus,0,1,0,1,3,6,1,1,1,0,0,1,0
Italia_SerieA,2526,10/05/2026,Verona,Como,0,1,0,0,3,4,1,0,1,0,0,0,0
Italia_SerieA,2526,10/05/2026,Cremonese,Pisa,3,0,1,0,6,0,3,1,1,1,1,1,0
Italia_SerieA,2526,10/05/2026,Fiorentina,Genoa,0,0,0,0,1,3,0,0,0,0,0,0,0
Italia_SerieA,2526,10/05/2026,Parma,Roma,2,3,0,1,3,7,5,1,1,1,1,1,1
Italia_SerieA,2526,10/05/2026,Milan,Atalanta,2,3,0,2,9,5,5,2,1,1,1,1,1
Italia_SerieA,2526,11/05/2026,Napoli,Bologna,2,3,1,2,5,4,5,3,1,1,1,1,1
Italia_SerieA,2526,17/05/2026,Como,Parma,1,0,0,0,7,2,1,0,1,0,0,0,0
Italia_SerieA,2526,17/05/2026,Genoa,Milan,1,2,0,0,2,6,3,0,1,1,1,0,1
Italia_SerieA,2526,17/05/2026,Juventus,Fiorentina,0,2,0,1,9,4,2,1,1,1,0,1,0
Italia_SerieA,2526,17/05/2026,Pisa,Napoli,0,3,0,2,2,5,3,2,1,1,1,1,0
Italia_SerieA,2526,17/05/2026,Roma,Lazio,2,0,1,0,7,2,2,1,1,1,0,1,0
Italia_SerieA,2526,17/05/2026,Inter,Verona,1,1,0,0,6,5,2,0,1,1,0,0,1
Italia_SerieA,2526,17/05/2026,Atalanta,Bologna,0,1,0,0,1,5,1,0,1,0,0,0,0
Italia_SerieA,2526,17/05/2026,Cagliari,Torino,2,1,2,1,4,3,3,3,1,1,1,1,1
Italia_SerieA,2526,17/05/2026,Sassuolo,Lecce,2,3,1,2,6,6,5,3,1,1,1,1,1
Italia_SerieA,2526,17/05/2026,Udinese,Cremonese,0,1,0,1,2,4,1,1,1,0,0,1,0
Italia_SerieA,2526,22/05/2026,Fiorentina,Atalanta,1,1,1,0,4,6,2,1,1,1,0,1,1
Italia_SerieA,2526,23/05/2026,Bologna,Inter,3,3,2,1,3,5,6,3,1,1,1,1,1
Italia_SerieA,2526,23/05/2026,Lazio,Pisa,2,1,2,1,9,2,3,3,1,1,1,1,1
Italia_SerieA,2526,24/05/2026,Parma,Sassuolo,1,0,0,0,3,1,1,0,1,0,0,0,0
Italia_SerieA,2526,24/05/2026,Napoli,Udinese,1,0,1,0,6,3,1,1,1,0,0,1,0
Italia_SerieA,2526,24/05/2026,Cremonese,Como,1,4,0,1,1,6,5,1,1,1,1,1,1
Italia_SerieA,2526,24/05/2026,Lecce,Genoa,1,0,1,0,4,1,1,1,1,0,0,1,0
Italia_SerieA,2526,24/05/2026,Milan,Cagliari,1,2,1,1,3,10,3,2,1,1,1,1,1
Italia_SerieA,2526,24/05/2026,Torino,Juventus,2,2,0,1,5,4,4,1,1,1,1,1,1
Italia_SerieA,2526,24/05/2026,Verona,Roma,0,2,0,0,3,7,2,0,1,1,0,0,0
Espanha_LaLiga,2526,15/08/2025,Girona,Vallecano,1,3,0,3,2,5,4,3,1,1,1,1,1
Espanha_LaLiga,2526,15/08/2025,Villarreal,Oviedo,2,0,2,0,10,4,2,2,1,1,0,1,0
Espanha_LaLiga,2526,16/08/2025,Mallorca,Barcelona,0,3,0,2,1,8,3,2,1,1,1,1,0
Espanha_LaLiga,2526,16/08/2025,Alaves,Levante,2,1,1,0,4,3,3,1,1,1,1,1,1
Espanha_LaLiga,2526,16/08/2025,Valencia,Sociedad,1,1,0,0,2,3,2,0,1,1,0,0,1
Espanha_LaLiga,2526,17/08/2025,Celta,Getafe,0,2,0,0,3,3,2,0,1,1,0,0,0
Espanha_LaLiga,2526,17/08/2025,Ath Bilbao,Sevilla,3,2,2,0,3,6,5,2,1,1,1,1,1
Espanha_LaLiga,2526,17/08/2025,Espanol,Ath Madrid,2,1,0,1,5,4,3,1,1,1,1,1,1
Espanha_LaLiga,2526,18/08/2025,Elche,Betis,1,1,0,1,2,4,2,1,1,1,0,1,1
Espanha_LaLiga,2526,19/08/2025,Real Madrid,Osasuna,1,0,0,0,5,0,1,0,1,0,0,0,0
Espanha_LaLiga,2526,22/08/2025,Betis,Alaves,1,0,1,0,5,5,1,1,1,0,0,1,0
Espanha_LaLiga,2526,23/08/2025,Mallorca,Celta,1,1,0,1,4,2,2,1,1,1,0,1,1
Espanha_LaLiga,2526,23/08/2025,Ath Madrid,Elche,1,1,1,1,6,2,2,2,1,1,0,1,1
Espanha_LaLiga,2526,23/08/2025,Levante,Barcelona,2,3,2,0,5,10,5,2,1,1,1,1,1
Espanha_LaLiga,2526,24/08/2025,Osasuna,Valencia,1,0,1,0,4,1,1,1,1,0,0,1,0
Espanha_LaLiga,2526,24/08/2025,Sociedad,Espanol,2,2,0,2,7,3,4,2,1,1,1,1,1
Espanha_LaLiga,2526,24/08/2025,Villarreal,Girona,5,0,4,0,7,2,5,4,1,1,1,1,0
Espanha_LaLiga,2526,24/08/2025,Oviedo,Real Madrid,0,3,0,1,3,10,3,1,1,1,1,1,0
Espanha_LaLiga,2526,25/08/2025,Ath Bilbao,Vallecano,1,0,0,0,4,1,1,0,1,0,0,0,0
Espanha_LaLiga,2526,25/08/2025,Sevilla,Getafe,1,2,1,1,3,6,3,2,1,1,1,1,1
Espanha_LaLiga,2526,27/08/2025,Celta,Betis,1,1,0,1,5,2,2,1,1,1,0,1,1
Espanha_LaLiga,2526,29/08/2025,Elche,Levante,2,0,0,0,5,1,2,0,1,1,0,0,0
Espanha_LaLiga,2526,29/08/2025,Valencia,Getafe,3,0,1,0,4,1,3,1,1,1,1,1,0
Espanha_LaLiga,2526,30/08/2025,Alaves,Ath Madrid,1,1,1,1,2,6,2,2,1,1,0,1,1
Espanha_LaLiga,2526,30/08/2025,Oviedo,Sociedad,1,0,1,0,1,6,1,1,1,0,0,1,0
Espanha_LaLiga,2526,30/08/2025,Girona,Sevilla,0,2,0,1,5,4,2,1,1,1,0,1,0
Espanha_LaLiga,2526,30/08/2025,Real Madrid,Mallorca,2,1,2,1,7,5,3,3,1,1,1,1,1
Espanha_LaLiga,2526,31/08/2025,Celta,Villarreal,1,1,0,0,2,3,2,0,1,1,0,0,1
Espanha_LaLiga,2526,31/08/2025,Betis,Ath Bilbao,1,2,0,0,2,6,3,0,1,1,1,0,1
Espanha_LaLiga,2526,31/08/2025,Espanol,Osasuna,1,0,0,0,4,3,1,0,1,0,0,0,0
Espanha_LaLiga,2526,31/08/2025,Vallecano,Barcelona,1,1,0,1,6,3,2,1,1,1,0,1,1
Espanha_LaLiga,2526,12/09/2025,Sevilla,Elche,2,2,1,0,3,2,4,1,1,1,1,1,1
Espanha_LaLiga,2526,13/09/2025,Getafe,Oviedo,2,0,2,0,3,1,2,2,1,1,0,1,0
Espanha_LaLiga,2526,13/09/2025,Sociedad,Real Madrid,1,2,0,2,4,6,3,2,1,1,1,1,1
Espanha_LaLiga,2526,13/09/2025,Ath Bilbao,Alaves,0,1,0,0,3,2,1,0,1,0,0,0,0
Espanha_LaLiga,2526,13/09/2025,Ath Madrid,Villarreal,2,0,1,0,3,1,2,1,1,1,0,1,0
Espanha_LaLiga,2526,14/09/2025,Celta,Girona,1,1,0,1,7,8,2,1,1,1,0,1,1
Espanha_LaLiga,2526,14/09/2025,Levante,Betis,2,2,2,1,2,9,4,3,1,1,1,1,1
Espanha_LaLiga,2526,14/09/2025,Osasuna,Vallecano,2,0,1,0,7,6,2,1,1,1,0,1,0
Espanha_LaLiga,2526,14/09/2025,Barcelona,Valencia,6,0,1,0,10,1,6,1,1,1,1,1,0
Espanha_LaLiga,2526,15/09/2025,Espanol,Mallorca,3,2,2,1,3,10,5,3,1,1,1,1,1
Espanha_LaLiga,2526,19/09/2025,Betis,Sociedad,3,1,1,1,6,5,4,2,1,1,1,1,1
Espanha_LaLiga,2526,20/09/2025,Girona,Levante,0,4,0,1,1,7,4,1,1,1,1,1,0
Espanha_LaLiga,2526,20/09/2025,Real Madrid,Espanol,2,0,1,0,5,1,2,1,1,1,0,1,0
Espanha_LaLiga,2526,20/09/2025,Alaves,Sevilla,1,2,1,1,5,3,3,2,1,1,1,1,1
Espanha_LaLiga,2526,20/09/2025,Villarreal,Osasuna,2,1,0,1,8,3,3,1,1,1,1,1,1
Espanha_LaLiga,2526,20/09/2025,Valencia,Ath Bilbao,2,0,0,0,5,5,2,0,1,1,0,0,0
Espanha_LaLiga,2526,21/09/2025,Vallecano,Celta,1,1,0,0,5,5,2,0,1,1,0,0,1
Espanha_LaLiga,2526,21/09/2025,Mallorca,Ath Madrid,1,1,0,0,3,7,2,0,1,1,0,0,1
Espanha_LaLiga,2526,21/09/2025,Elche,Oviedo,1,0,1,0,5,4,1,1,1,0,0,1,0
Espanha_LaLiga,2526,21/09/2025,Barcelona,Getafe,3,0,2,0,7,2,3,2,1,1,1,1,0
Espanha_LaLiga,2526,23/09/2025,Ath Bilbao,Girona,1,1,0,1,5,3,2,1,1,1,0,1,1
Espanha_LaLiga,2526,23/09/2025,Espanol,Valencia,2,2,0,1,10,2,4,1,1,1,1,1,1
Espanha_LaLiga,2526,23/09/2025,Levante,Real Madrid,1,4,0,2,2,10,5,2,1,1,1,1,1
Espanha_LaLiga,2526,23/09/2025,Sevilla,Villarreal,1,2,0,1,2,5,3,1,1,1,1,1,1
Espanha_LaLiga,2526,24/09/2025,Getafe,Alaves,1,1,0,0,1,4,2,0,1,1,0,0,1
Espanha_LaLiga,2526,24/09/2025,Ath Madrid,Vallecano,3,2,1,1,8,3,5,2,1,1,1,1,1
Espanha_LaLiga,2526,24/09/2025,Sociedad,Mallorca,1,0,0,0,4,3,1,0,1,0,0,0,0
Espanha_LaLiga,2526,25/09/2025,Osasuna,Elche,1,1,1,0,2,4,2,1,1,1,0,1,1
Espanha_LaLiga,2526,25/09/2025,Oviedo,Barcelona,1,3,1,0,3,10,4,1,1,1,1,1,1
Espanha_LaLiga,2526,26/09/2025,Girona,Espanol,0,0,0,0,3,5,0,0,0,0,0,0,0
Espanha_LaLiga,2526,27/09/2025,Getafe,Levante,1,1,0,1,4,3,2,1,1,1,0,1,1
Espanha_LaLiga,2526,27/09/2025,Ath Madrid,Real Madrid,5,2,2,2,7,2,7,4,1,1,1,1,1
Espanha_LaLiga,2526,27/09/2025,Mallorca,Alaves,1,0,1,0,3,3,1,1,1,0,0,1,0
Espanha_LaLiga,2526,27/09/2025,Villarreal,Ath Bilbao,1,0,0,0,5,4,1,0,1,0,0,0,0
Espanha_LaLiga,2526,28/09/2025,Vallecano,Sevilla,0,1,0,0,6,1,1,0,1,0,0,0,0
Espanha_LaLiga,2526,28/09/2025,Elche,Celta,2,1,1,1,8,2,3,2,1,1,1,1,1
Espanha_LaLiga,2526,28/09/2025,Barcelona,Sociedad,2,1,1,1,12,2,3,2,1,1,1,1,1
Espanha_LaLiga,2526,28/09/2025,Betis,Osasuna,2,0,2,0,6,1,2,2,1,1,0,1,0
Espanha_LaLiga,2526,30/09/2025,Valencia,Oviedo,1,2,1,0,5,4,3,1,1,1,1,1,1
Espanha_LaLiga,2526,03/10/2025,Osasuna,Getafe,2,1,1,1,3,2,3,2,1,1,1,1,1
Espanha_LaLiga,2526,04/10/2025,Oviedo,Levante,0,2,0,1,2,5,2,1,1,1,0,1,0
Espanha_LaLiga,2526,04/10/2025,Girona,Valencia,2,1,1,0,4,6,3,1,1,1,1,1,1
Espanha_LaLiga,2526,04/10/2025,Ath Bilbao,Mallorca,2,1,1,0,5,2,3,1,1,1,1,1,1
Espanha_LaLiga,2526,04/10/2025,Real Madrid,Villarreal,3,1,0,0,7,2,4,0,1,1,1,0,1
Espanha_LaLiga,2526,05/10/2025,Alaves,Elche,3,1,0,0,5,3,4,0,1,1,1,0,1
Espanha_LaLiga,2526,05/10/2025,Sevilla,Barcelona,4,1,2,1,5,8,5,3,1,1,1,1,1
Espanha_LaLiga,2526,05/10/2025,Espanol,Betis,1,2,1,0,5,3,3,1,1,1,1,1,1
Espanha_LaLiga,2526,05/10/2025,Sociedad,Vallecano,0,1,0,0,3,2,1,0,1,0,0,0,0
Espanha_LaLiga,2526,05/10/2025,Celta,Ath Madrid,1,1,0,1,4,1,2,1,1,1,0,1,1
Espanha_LaLiga,2526,17/10/2025,Oviedo,Espanol,0,2,0,0,4,10,2,0,1,1,0,0,0
Espanha_LaLiga,2526,18/10/2025,Sevilla,Mallorca,1,3,1,0,4,6,4,1,1,1,1,1,1
Espanha_LaLiga,2526,18/10/2025,Barcelona,Girona,2,1,1,1,9,4,3,2,1,1,1,1,1
Espanha_LaLiga,2526,18/10/2025,Villarreal,Betis,2,2,1,0,3,3,4,1,1,1,1,1,1
Espanha_LaLiga,2526,18/10/2025,Ath Madrid,Osasuna,1,0,0,0,9,2,1,0,1,0,0,0,0
Espanha_LaLiga,2526,19/10/2025,Elche,Ath Bilbao,0,0,0,0,5,1,0,0,0,0,0,0,0
Espanha_LaLiga,2526,19/10/2025,Celta,Sociedad,1,1,1,0,1,7,2,1,1,1,0,1,1
Espanha_LaLiga,2526,19/10/2025,Levante,Vallecano,0,3,0,2,4,5,3,2,1,1,1,1,0
Espanha_LaLiga,2526,19/10/2025,Getafe,Real Madrid,0,1,0,0,1,10,1,0,1,0,0,0,0
Espanha_LaLiga,2526,20/10/2025,Alaves,Valencia,0,0,0,0,3,2,0,0,0,0,0,0,0
Espanha_LaLiga,2526,24/10/2025,Sociedad,Sevilla,2,1,2,1,3,1,3,3,1,1,1,1,1
Espanha_LaLiga,2526,25/10/2025,Girona,Oviedo,3,3,0,1,6,5,6,1,1,1,1,1,1
Espanha_LaLiga,2526,25/10/2025,Espanol,Elche,1,0,0,0,7,4,1,0,1,0,0,0,0
Espanha_LaLiga,2526,25/10/2025,Ath Bilbao,Getafe,0,1,0,0,4,3,1,0,1,0,0,0,0
Espanha_LaLiga,2526,25/10/2025,Valencia,Villarreal,0,2,0,1,3,5,2,1,1,1,0,1,0
Espanha_LaLiga,2526,26/10/2025,Mallorca,Levante,1,1,0,1,4,5,2,1,1,1,0,1,1
Espanha_LaLiga,2526,26/10/2025,Real Madrid,Barcelona,2,1,2,1,10,6,3,3,1,1,1,1,1
Espanha_LaLiga,2526,26/10/2025,Osasuna,Celta,2,3,2,1,7,5,5,3,1,1,1,1,1
Espanha_LaLiga,2526,26/10/2025,Vallecano,Alaves,1,0,0,0,5,2,1,0,1,0,0,0,0
Espanha_LaLiga,2526,27/10/2025,Betis,Ath Madrid,0,2,0,2,5,4,2,2,1,1,0,1,0
Espanha_LaLiga,2526,31/10/2025,Getafe,Girona,2,1,0,0,4,4,3,0,1,1,1,0,1
Espanha_LaLiga,2526,01/11/2025,Villarreal,Vallecano,4,0,1,0,7,3,4,1,1,1,1,1,0
Espanha_LaLiga,2526,01/11/2025,Ath Madrid,Sevilla,3,0,0,0,6,2,3,0,1,1,1,0,0
Espanha_LaLiga,2526,01/11/2025,Sociedad,Ath Bilbao,3,2,1,1,5,4,5,2,1,1,1,1,1
Espanha_LaLiga,2526,01/11/2025,Real Madrid,Valencia,4,0,3,0,11,1,4,3,1,1,1,1,0
Espanha_LaLiga,2526,02/11/2025,Levante,Celta,1,2,0,1,3,6,3,1,1,1,1,1,1
Espanha_LaLiga,2526,02/11/2025,Alaves,Espanol,2,1,2,0,4,2,3,2,1,1,1,1,1
Espanha_LaLiga,2526,02/11/2025,Barcelona,Elche,3,1,2,1,5,3,4,3,1,1,1,1,1
Espanha_LaLiga,2526,02/11/2025,Betis,Mallorca,3,0,3,0,8,1,3,3,1,1,1,1,0
Espanha_LaLiga,2526,03/11/2025,Oviedo,Osasuna,0,0,0,0,2,5,0,0,0,0,0,0,0
Espanha_LaLiga,2526,07/11/2025,Elche,Sociedad,1,1,0,0,3,5,2,0,1,1,0,0,1
Espanha_LaLiga,2526,08/11/2025,Girona,Alaves,1,0,1,0,2,5,1,1,1,0,0,1,0
Espanha_LaLiga,2526,08/11/2025,Sevilla,Osasuna,1,0,0,0,4,3,1,0,1,0,0,0,0
Espanha_LaLiga,2526,08/11/2025,Ath Madrid,Levante,3,1,1,1,10,3,4,2,1,1,1,1,1
Espanha_LaLiga,2526,08/11/2025,Espanol,Villarreal,0,2,0,1,3,3,2,1,1,1,0,1,0
Espanha_LaLiga,2526,09/11/2025,Ath Bilbao,Oviedo,1,0,1,0,7,2,1,1,1,0,0,1,0
Espanha_LaLiga,2526,09/11/2025,Vallecano,Real Madrid,0,0,0,0,2,5,0,0,0,0,0,0,0
Espanha_LaLiga,2526,09/11/2025,Mallorca,Getafe,1,0,1,0,4,3,1,1,1,0,0,1,0
Espanha_LaLiga,2526,09/11/2025,Valencia,Betis,1,1,0,0,4,2,2,0,1,1,0,0,1
Espanha_LaLiga,2526,09/11/2025,Celta,Barcelona,2,4,2,3,3,9,6,5,1,1,1,1,1
Espanha_LaLiga,2526,21/11/2025,Valencia,Levante,1,0,0,0,3,1,1,0,1,0,0,0,0
Espanha_LaLiga,2526,22/11/2025,Alaves,Celta,0,1,0,0,2,4,1,0,1,0,0,0,0
Espanha_LaLiga,2526,22/11/2025,Barcelona,Ath Bilbao,4,0,2,0,7,2,4,2,1,1,1,1,0
Espanha_LaLiga,2526,22/11/2025,Osasuna,Sociedad,1,3,1,0,4,9,4,1,1,1,1,1,1
Espanha_LaLiga,2526,22/11/2025,Villarreal,Mallorca,2,1,1,1,7,3,3,2,1,1,1,1,1
Espanha_LaLiga,2526,23/11/2025,Oviedo,Vallecano,0,0,0,0,3,3,0,0,0,0,0,0,0
Espanha_LaLiga,2526,23/11/2025,Betis,Girona,1,1,0,1,7,4,2,1,1,1,0,1,1
Espanha_LaLiga,2526,23/11/2025,Getafe,Ath Madrid,0,1,0,0,1,6,1,0,1,0,0,0,0
Espanha_LaLiga,2526,23/11/2025,Elche,Real Madrid,2,2,0,0,6,7,4,0,1,1,1,0,1
Espanha_LaLiga,2526,24/11/2025,Espanol,Sevilla,2,1,0,0,5,6,3,0,1,1,1,0,1
Espanha_LaLiga,2526,28/11/2025,Getafe,Elche,1,0,0,0,6,4,1,0,1,0,0,0,0
Espanha_LaLiga,2526,29/11/2025,Mallorca,Osasuna,2,2,0,0,4,2,4,0,1,1,1,0,1
Espanha_LaLiga,2526,29/11/2025,Barcelona,Alaves,3,1,2,1,6,2,4,3,1,1,1,1,1
Espanha_LaLiga,2526,29/11/2025,Levante,Ath Bilbao,0,2,0,2,4,4,2,2,1,1,0,1,0
Espanha_LaLiga,2526,29/11/2025,Ath Madrid,Oviedo,2,0,2,0,8,1,2,2,1,1,0,1,0
Espanha_LaLiga,2526,30/11/2025,Sociedad,Villarreal,2,3,0,1,7,5,5,1,1,1,1,1,1
Espanha_LaLiga,2526,30/11/2025,Sevilla,Betis,0,2,0,0,3,4,2,0,1,1,0,0,0
Espanha_LaLiga,2526,30/11/2025,Celta,Espanol,0,1,0,0,4,2,1,0,1,0,0,0,0
Espanha_LaLiga,2526,30/11/2025,Girona,Real Madrid,1,1,1,0,4,4,2,1,1,1,0,1,1
Espanha_LaLiga,2526,01/12/2025,Vallecano,Valencia,1,1,1,0,7,2,2,1,1,1,0,1,1
Espanha_LaLiga,2526,02/12/2025,Barcelona,Ath Madrid,3,1,1,1,6,2,4,2,1,1,1,1,1
Espanha_LaLiga,2526,03/12/2025,Ath Bilbao,Real Madrid,0,3,0,2,4,8,3,2,1,1,1,1,0
Espanha_LaLiga,2526,05/12/2025,Oviedo,Mallorca,0,0,0,0,3,6,0,0,0,0,0,0,0
Espanha_LaLiga,2526,06/12/2025,Villarreal,Getafe,2,0,1,0,5,0,2,1,1,1,0,1,0
Espanha_LaLiga,2526,06/12/2025,Alaves,Sociedad,1,0,1,0,3,1,1,1,1,0,0,1,0
Espanha_LaLiga,2526,06/12/2025,Betis,Barcelona,3,5,1,4,5,8,8,5,1,1,1,1,1
Espanha_LaLiga,2526,06/12/2025,Ath Bilbao,Ath Madrid,1,0,0,0,3,3,1,0,1,0,0,0,0
Espanha_LaLiga,2526,07/12/2025,Elche,Girona,3,0,1,0,6,4,3,1,1,1,1,1,0
Espanha_LaLiga,2526,07/12/2025,Valencia,Sevilla,1,1,0,0,3,1,2,0,1,1,0,0,1
Espanha_LaLiga,2526,07/12/2025,Espanol,Vallecano,1,0,1,0,2,2,1,1,1,0,0,1,0
Espanha_LaLiga,2526,07/12/2025,Real Madrid,Celta,0,2,0,0,7,5,2,0,1,1,0,0,0
Espanha_LaLiga,2526,08/12/2025,Osasuna,Levante,2,0,2,0,6,5,2,2,1,1,0,1,0
Espanha_LaLiga,2526,12/12/2025,Sociedad,Girona,1,2,1,0,4,3,3,1,1,1,1,1,1
Espanha_LaLiga,2526,13/12/2025,Ath Madrid,Valencia,2,1,1,0,6,2,3,1,1,1,1,1,1
Espanha_LaLiga,2526,13/12/2025,Mallorca,Elche,3,1,1,1,8,0,4,2,1,1,1,1,1
Espanha_LaLiga,2526,13/12/2025,Barcelona,Osasuna,2,0,0,0,7,2,2,0,1,1,0,0,0
Espanha_LaLiga,2526,13/12/2025,Getafe,Espanol,0,1,0,0,1,4,1,0,1,0,0,0,0
Espanha_LaLiga,2526,14/12/2025,Sevilla,Oviedo,4,0,2,0,7,1,4,2,1,1,1,1,0
Espanha_LaLiga,2526,14/12/2025,Celta,Ath Bilbao,2,0,0,0,2,2,2,0,1,1,0,0,0
Espanha_LaLiga,2526,14/12/2025,Alaves,Real Madrid,1,2,0,1,2,6,3,1,1,1,1,1,1
Espanha_LaLiga,2526,15/12/2025,Vallecano,Betis,0,0,0,0,7,6,0,0,0,0,0,0,0
Espanha_LaLiga,2526,19/12/2025,Valencia,Mallorca,1,1,0,1,2,2,2,1,1,1,0,1,1
Espanha_LaLiga,2526,20/12/2025,Oviedo,Celta,0,0,0,0,3,2,0,0,0,0,0,0,0
Espanha_LaLiga,2526,20/12/2025,Levante,Sociedad,1,1,0,1,3,6,2,1,1,1,0,1,1
Espanha_LaLiga,2526,20/12/2025,Osasuna,Alaves,3,0,0,0,7,3,3,0,1,1,1,0,0
Espanha_LaLiga,2526,20/12/2025,Real Madrid,Sevilla,2,0,1,0,8,5,2,1,1,1,0,1,0
Espanha_LaLiga,2526,21/12/2025,Girona,Ath Madrid,0,3,0,2,2,6,3,2,1,1,1,1,0
Espanha_LaLiga,2526,21/12/2025,Villarreal,Barcelona,0,2,0,1,5,5,2,1,1,1,0,1,0
Espanha_LaLiga,2526,21/12/2025,Elche,Vallecano,4,0,1,0,6,8,4,1,1,1,1,1,0
Espanha_LaLiga,2526,21/12/2025,Betis,Getafe,4,0,1,0,8,3,4,1,1,1,1,1,0
Espanha_LaLiga,2526,22/12/2025,Ath Bilbao,Espanol,1,2,1,1,7,5,3,2,1,1,1,1,1
Espanha_LaLiga,2526,02/01/2026,Vallecano,Getafe,1,1,1,0,4,4,2,1,1,1,0,1,1
Espanha_LaLiga,2526,03/01/2026,Celta,Valencia,4,1,1,0,6,5,5,1,1,1,1,1,1
Espanha_LaLiga,2526,03/01/2026,Osasuna,Ath Bilbao,1,1,1,0,4,6,2,1,1,1,0,1,1
Espanha_LaLiga,2526,03/01/2026,Elche,Villarreal,1,3,1,2,2,4,4,3,1,1,1,1,1
Espanha_LaLiga,2526,03/01/2026,Espanol,Barcelona,0,2,0,0,7,6,2,0,1,1,0,0,0
Espanha_LaLiga,2526,04/01/2026,Sevilla,Levante,0,3,0,1,7,4,3,1,1,1,1,1,0
Espanha_LaLiga,2526,04/01/2026,Real Madrid,Betis,5,1,1,0,9,5,6,1,1,1,1,1,1
Espanha_LaLiga,2526,04/01/2026,Alaves,Oviedo,1,1,0,0,7,6,2,0,1,1,0,0,1
Espanha_LaLiga,2526,04/01/2026,Mallorca,Girona,1,2,0,1,2,4,3,1,1,1,1,1,1
Espanha_LaLiga,2526,04/01/2026,Sociedad,Ath Madrid,1,1,0,0,8,2,2,0,1,1,0,0,1
Espanha_LaLiga,2526,09/01/2026,Getafe,Sociedad,1,2,0,1,3,5,3,1,1,1,1,1,1
Espanha_LaLiga,2526,10/01/2026,Oviedo,Betis,1,1,0,0,3,6,2,0,1,1,0,0,1
Espanha_LaLiga,2526,10/01/2026,Villarreal,Alaves,3,1,0,0,4,5,4,0,1,1,1,0,1
Espanha_LaLiga,2526,10/01/2026,Girona,Osasuna,1,0,1,0,4,1,1,1,1,0,0,1,0
Espanha_LaLiga,2526,10/01/2026,Valencia,Elche,1,1,0,0,4,1,2,0,1,1,0,0,1
Espanha_LaLiga,2526,11/01/2026,Vallecano,Mallorca,2,1,2,1,5,2,3,3,1,1,1,1,1
Espanha_LaLiga,2526,11/01/2026,Levante,Espanol,1,1,0,0,2,3,2,0,1,1,0,0,1
Espanha_LaLiga,2526,12/01/2026,Sevilla,Celta,0,1,0,0,2,7,1,0,1,0,0,0,0
Espanha_LaLiga,2526,16/01/2026,Espanol,Girona,0,2,0,1,2,4,2,1,1,1,0,1,0
Espanha_LaLiga,2526,17/01/2026,Real Madrid,Levante,2,0,0,0,11,0,2,0,1,1,0,0,0
Espanha_LaLiga,2526,17/01/2026,Mallorca,Ath Bilbao,3,2,2,2,9,11,5,4,1,1,1,1,1
Espanha_LaLiga,2526,17/01/2026,Osasuna,Oviedo,3,2,1,1,5,5,5,2,1,1,1,1,1
Espanha_LaLiga,2526,17/01/2026,Betis,Villarreal,2,0,0,0,6,3,2,0,1,1,0,0,0
Espanha_LaLiga,2526,18/01/2026,Getafe,Valencia,0,1,0,0,3,1,1,0,1,0,0,0,0
Espanha_LaLiga,2526,18/01/2026,Ath Madrid,Alaves,1,0,0,0,6,0,1,0,1,0,0,0,0
Espanha_LaLiga,2526,18/01/2026,Celta,Vallecano,3,0,1,0,7,3,3,1,1,1,1,1,0
Espanha_LaLiga,2526,18/01/2026,Sociedad,Barcelona,2,1,1,0,6,9,3,1,1,1,1,1,1
Espanha_LaLiga,2526,19/01/2026,Elche,Sevilla,2,2,1,0,5,8,4,1,1,1,1,1,1
Espanha_LaLiga,2526,23/01/2026,Levante,Elche,3,2,0,1,6,3,5,1,1,1,1,1,1
Espanha_LaLiga,2526,24/01/2026,Vallecano,Osasuna,1,3,0,1,4,5,4,1,1,1,1,1,1
Espanha_LaLiga,2526,24/01/2026,Valencia,Espanol,3,2,1,0,5,6,5,1,1,1,1,1,1
Espanha_LaLiga,2526,24/01/2026,Sevilla,Ath Bilbao,2,1,1,1,7,3,3,2,1,1,1,1,1
Espanha_LaLiga,2526,24/01/2026,Villarreal,Real Madrid,0,2,0,0,1,4,2,0,1,1,0,0,0
Espanha_LaLiga,2526,25/01/2026,Ath Madrid,Mallorca,3,0,1,0,8,1,3,1,1,1,1,1,0
Espanha_LaLiga,2526,25/01/2026,Barcelona,Oviedo,3,0,0,0,7,3,3,0,1,1,1,0,0
Espanha_LaLiga,2526,25/01/2026,Sociedad,Celta,3,1,1,0,4,4,4,1,1,1,1,1,1
Espanha_LaLiga,2526,25/01/2026,Alaves,Betis,2,1,1,0,9,4,3,1,1,1,1,1,1
Espanha_LaLiga,2526,26/01/2026,Girona,Getafe,1,1,0,0,4,2,2,0,1,1,0,0,1
Espanha_LaLiga,2526,30/01/2026,Espanol,Alaves,1,2,1,1,3,7,3,2,1,1,1,1,1
Espanha_LaLiga,2526,31/01/2026,Oviedo,Girona,1,0,0,0,4,1,1,0,1,0,0,0,0
Espanha_LaLiga,2526,31/01/2026,Osasuna,Villarreal,2,2,2,1,5,4,4,3,1,1,1,1,1
Espanha_LaLiga,2526,31/01/2026,Levante,Ath Madrid,0,0,0,0,2,4,0,0,0,0,0,0,0
Espanha_LaLiga,2526,31/01/2026,Elche,Barcelona,1,3,1,2,3,8,4,3,1,1,1,1,1
Espanha_LaLiga,2526,01/02/2026,Real Madrid,Vallecano,2,1,1,0,6,4,3,1,1,1,1,1,1
Espanha_LaLiga,2526,01/02/2026,Betis,Valencia,2,1,1,1,2,4,3,2,1,1,1,1,1
Espanha_LaLiga,2526,01/02/2026,Getafe,Celta,0,0,0,0,2,1,0,0,0,0,0,0,0
Espanha_LaLiga,2526,01/02/2026,Ath Bilbao,Sociedad,1,1,0,1,4,6,2,1,1,1,0,1,1
Espanha_LaLiga,2526,02/02/2026,Mallorca,Sevilla,4,1,1,1,7,5,5,2,1,1,1,1,1
Espanha_LaLiga,2526,06/02/2026,Celta,Osasuna,1,2,0,1,4,2,3,1,1,1,1,1,1
Espanha_LaLiga,2526,07/02/2026,Barcelona,Mallorca,3,0,1,0,7,4,3,1,1,1,1,1,0
Espanha_LaLiga,2526,07/02/2026,Sociedad,Elche,3,1,2,1,3,5,4,3,1,1,1,1,1
Espanha_LaLiga,2526,08/02/2026,Alaves,Getafe,0,2,0,0,5,5,2,0,1,1,0,0,0
Espanha_LaLiga,2526,08/02/2026,Ath Bilbao,Levante,4,2,2,0,7,3,6,2,1,1,1,1,1
Espanha_LaLiga,2526,08/02/2026,Sevilla,Girona,1,1,0,1,3,6,2,1,1,1,0,1,1
Espanha_LaLiga,2526,08/02/2026,Ath Madrid,Betis,0,1,0,1,5,4,1,1,1,0,0,1,0
Espanha_LaLiga,2526,08/02/2026,Valencia,Real Madrid,0,2,0,0,0,6,2,0,1,1,0,0,0
Espanha_LaLiga,2526,09/02/2026,Villarreal,Espanol,4,1,2,0,3,2,5,2,1,1,1,1,1
Espanha_LaLiga,2526,13/02/2026,Elche,Osasuna,0,0,0,0,5,2,0,0,0,0,0,0,0
Espanha_LaLiga,2526,14/02/2026,Espanol,Celta,2,2,0,1,3,5,4,1,1,1,1,1,1
Espanha_LaLiga,2526,14/02/2026,Getafe,Villarreal,2,1,1,0,2,2,3,1,1,1,1,1,1
Espanha_LaLiga,2526,14/02/2026,Sevilla,Alaves,1,1,1,0,2,1,2,1,1,1,0,1,1
Espanha_LaLiga,2526,14/02/2026,Real Madrid,Sociedad,4,1,3,1,5,3,5,4,1,1,1,1,1
Espanha_LaLiga,2526,15/02/2026,Oviedo,Ath Bilbao,1,2,1,0,1,4,3,1,1,1,1,1,1
Espanha_LaLiga,2526,15/02/2026,Vallecano,Ath Madrid,3,0,2,0,9,3,3,2,1,1,1,1,0
Espanha_LaLiga,2526,15/02/2026,Levante,Valencia,0,2,0,0,1,2,2,0,1,1,0,0,0
Espanha_LaLiga,2526,15/02/2026,Mallorca,Betis,1,2,0,2,3,8,3,2,1,1,1,1,1
Espanha_LaLiga,2526,16/02/2026,Girona,Barcelona,2,1,0,0,9,4,3,0,1,1,1,0,1
Espanha_LaLiga,2526,18/02/2026,Levante,Villarreal,0,1,0,0,4,6,1,0,1,0,0,0,0
Espanha_LaLiga,2526,20/02/2026,Ath Bilbao,Elche,2,1,0,0,8,2,3,0,1,1,1,0,1
Espanha_LaLiga,2526,21/02/2026,Sociedad,Oviedo,3,3,0,0,8,6,6,0,1,1,1,0,1
Espanha_LaLiga,2526,21/02/2026,Betis,Vallecano,1,1,1,1,3,3,2,2,1,1,0,1,1
Espanha_LaLiga,2526,21/02/2026,Osasuna,Real Madrid,2,1,1,0,2,5,3,1,1,1,1,1,1
Espanha_LaLiga,2526,21/02/2026,Ath Madrid,Espanol,4,2,1,1,9,2,6,2,1,1,1,1,1
Espanha_LaLiga,2526,22/02/2026,Getafe,Sevilla,0,1,0,0,3,1,1,0,1,0,0,0,0
Espanha_LaLiga,2526,22/02/2026,Barcelona,Levante,3,0,2,0,9,2,3,2,1,1,1,1,0
Espanha_LaLiga,2526,22/02/2026,Celta,Mallorca,2,0,0,0,7,0,2,0,1,1,0,0,0
Espanha_LaLiga,2526,22/02/2026,Villarreal,Valencia,2,1,2,1,5,3,3,3,1,1,1,1,1
Espanha_LaLiga,2526,23/02/2026,Alaves,Girona,2,2,1,1,6,5,4,2,1,1,1,1,1
Espanha_LaLiga,2526,27/02/2026,Levante,Alaves,2,0,0,0,5,7,2,0,1,1,0,0,0
Espanha_LaLiga,2526,28/02/2026,Vallecano,Ath Bilbao,1,1,1,0,7,2,2,1,1,1,0,1,1
Espanha_LaLiga,2526,28/02/2026,Barcelona,Villarreal,4,1,2,0,8,1,5,2,1,1,1,1,1
Espanha_LaLiga,2526,28/02/2026,Mallorca,Sociedad,0,1,0,1,1,2,1,1,1,0,0,1,0
Espanha_LaLiga,2526,28/02/2026,Oviedo,Ath Madrid,0,1,0,0,6,1,1,0,1,0,0,0,0
Espanha_LaLiga,2526,01/03/2026,Elche,Espanol,2,2,1,1,9,4,4,2,1,1,1,1,1
Espanha_LaLiga,2526,01/03/2026,Valencia,Osasuna,1,0,0,0,1,0,1,0,1,0,0,0,0
Espanha_LaLiga,2526,01/03/2026,Betis,Sevilla,2,2,2,0,2,6,4,2,1,1,1,1,1
Espanha_LaLiga,2526,01/03/2026,Girona,Celta,1,2,1,0,7,5,3,1,1,1,1,1,1
Espanha_LaLiga,2526,02/03/2026,Real Madrid,Getafe,0,1,0,1,7,3,1,1,1,0,0,1,0
Espanha_LaLiga,2526,04/03/2026,Vallecano,Oviedo,3,0,1,0,7,2,3,1,1,1,1,1,0
Espanha_LaLiga,2526,06/03/2026,Celta,Real Madrid,1,2,1,1,4,3,3,2,1,1,1,1,1
Espanha_LaLiga,2526,07/03/2026,Osasuna,Mallorca,2,2,0,1,5,4,4,1,1,1,1,1,1
Espanha_LaLiga,2526,07/03/2026,Levante,Girona,1,1,0,0,4,5,2,0,1,1,0,0,1
Espanha_LaLiga,2526,07/03/2026,Ath Madrid,Sociedad,3,2,1,1,9,3,5,2,1,1,1,1,1
Espanha_LaLiga,2526,07/03/2026,Ath Bilbao,Barcelona,0,1,0,0,3,2,1,0,1,0,0,0,0
Espanha_LaLiga,2526,08/03/2026,Villarreal,Elche,2,1,2,0,7,6,3,2,1,1,1,1,1
Espanha_LaLiga,2526,08/03/2026,Getafe,Betis,2,0,2,0,5,5,2,2,1,1,0,1,0
Espanha_LaLiga,2526,08/03/2026,Sevilla,Vallecano,1,1,1,0,2,2,2,1,1,1,0,1,1
Espanha_LaLiga,2526,08/03/2026,Valencia,Alaves,3,2,0,1,8,4,5,1,1,1,1,1,1
Espanha_LaLiga,2526,09/03/2026,Espanol,Oviedo,1,1,1,1,9,3,2,2,1,1,0,1,1
Espanha_LaLiga,2526,13/03/2026,Alaves,Villarreal,1,1,1,0,0,4,2,1,1,1,0,1,1
Espanha_LaLiga,2526,14/03/2026,Girona,Ath Bilbao,3,0,1,0,6,9,3,1,1,1,1,1,0
Espanha_LaLiga,2526,14/03/2026,Ath Madrid,Getafe,1,0,1,0,5,3,1,1,1,0,0,1,0
Espanha_LaLiga,2526,14/03/2026,Oviedo,Valencia,1,0,1,0,6,2,1,1,1,0,0,1,0
Espanha_LaLiga,2526,14/03/2026,Real Madrid,Elche,4,1,2,0,6,1,5,2,1,1,1,1,1
Espanha_LaLiga,2526,15/03/2026,Mallorca,Espanol,2,1,0,1,12,2,3,1,1,1,1,1,1
Espanha_LaLiga,2526,15/03/2026,Barcelona,Sevilla,5,2,3,1,8,4,7,4,1,1,1,1,1
Espanha_LaLiga,2526,15/03/2026,Betis,Celta,1,1,0,1,6,3,2,1,1,1,0,1,1
Espanha_LaLiga,2526,15/03/2026,Sociedad,Osasuna,3,1,2,0,6,5,4,2,1,1,1,1,1
Espanha_LaLiga,2526,16/03/2026,Vallecano,Levante,1,1,0,1,4,5,2,1,1,1,0,1,1
Espanha_LaLiga,2526,20/03/2026,Villarreal,Sociedad,3,1,3,0,10,4,4,3,1,1,1,1,1
Espanha_LaLiga,2526,21/03/2026,Elche,Mallorca,2,1,0,0,4,4,3,0,1,1,1,0,1
Espanha_LaLiga,2526,21/03/2026,Espanol,Getafe,1,2,0,2,5,5,3,2,1,1,1,1,1
Espanha_LaLiga,2526,21/03/2026,Levante,Oviedo,4,2,2,2,8,2,6,4,1,1,1,1,1
Espanha_LaLiga,2526,21/03/2026,Osasuna,Girona,1,0,0,0,11,0,1,0,1,0,0,0,0
Espanha_LaLiga,2526,21/03/2026,Sevilla,Valencia,0,2,0,2,2,4,2,2,1,1,0,1,0
Espanha_LaLiga,2526,22/03/2026,Barcelona,Vallecano,1,0,1,0,4,4,1,1,1,0,0,1,0
Espanha_LaLiga,2526,22/03/2026,Celta,Alaves,3,4,3,1,5,6,7,4,1,1,1,1,1
Espanha_LaLiga,2526,22/03/2026,Ath Bilbao,Betis,2,1,2,0,6,3,3,2,1,1,1,1,1
Espanha_LaLiga,2526,22/03/2026,Real Madrid,Ath Madrid,3,2,0,1,10,7,5,1,1,1,1,1,1
Espanha_LaLiga,2526,03/04/2026,Vallecano,Elche,1,0,0,0,5,4,1,0,1,0,0,0,0
Espanha_LaLiga,2526,04/04/2026,Sociedad,Levante,2,0,1,0,5,4,2,1,1,1,0,1,0
Espanha_LaLiga,2526,04/04/2026,Mallorca,Real Madrid,2,1,1,0,2,6,3,1,1,1,1,1,1
Espanha_LaLiga,2526,04/04/2026,Betis,Espanol,0,0,0,0,6,1,0,0,0,0,0,0,0
Espanha_LaLiga,2526,04/04/2026,Ath Madrid,Barcelona,1,2,1,1,2,8,3,2,1,1,1,1,1
Espanha_LaLiga,2526,05/04/2026,Getafe,Ath Bilbao,2,0,1,0,6,0,2,1,1,1,0,1,0
Espanha_LaLiga,2526,05/04/2026,Valencia,Celta,2,3,1,0,4,5,5,1,1,1,1,1,1
Espanha_LaLiga,2526,05/04/2026,Oviedo,Sevilla,1,0,1,0,4,0,1,1,1,0,0,1,0
Espanha_LaLiga,2526,05/04/2026,Alaves,Osasuna,2,2,1,1,6,5,4,2,1,1,1,1,1
Espanha_LaLiga,2526,06/04/2026,Girona,Villarreal,1,0,1,0,2,0,1,1,1,0,0,1,0
Espanha_LaLiga,2526,10/04/2026,Real Madrid,Girona,1,1,0,0,9,2,2,0,1,1,0,0,1
Espanha_LaLiga,2526,11/04/2026,Sociedad,Alaves,3,3,2,2,4,2,6,4,1,1,1,1,1
Espanha_LaLiga,2526,11/04/2026,Elche,Valencia,1,0,0,0,2,8,1,0,1,0,0,0,0
Espanha_LaLiga,2526,11/04/2026,Barcelona,Espanol,4,1,2,0,10,2,5,2,1,1,1,1,1
Espanha_LaLiga,2526,11/04/2026,Sevilla,Ath Madrid,2,1,2,1,2,2,3,3,1,1,1,1,1
Espanha_LaLiga,2526,12/04/2026,Osasuna,Betis,1,1,1,1,4,3,2,2,1,1,0,1,1
Espanha_LaLiga,2526,12/04/2026,Mallorca,Vallecano,3,0,2,0,4,3,3,2,1,1,1,1,0
Espanha_LaLiga,2526,12/04/2026,Celta,Oviedo,0,3,0,2,6,5,3,2,1,1,1,1,0
Espanha_LaLiga,2526,12/04/2026,Ath Bilbao,Villarreal,1,2,0,2,6,6,3,2,1,1,1,1,1
Espanha_LaLiga,2526,13/04/2026,Levante,Getafe,1,0,0,0,4,1,1,0,1,0,0,0,0
Espanha_LaLiga,2526,21/04/2026,Ath Bilbao,Osasuna,1,0,1,0,2,3,1,1,1,0,0,1,0
Espanha_LaLiga,2526,21/04/2026,Mallorca,Valencia,1,1,0,0,8,3,2,0,1,1,0,0,1
Espanha_LaLiga,2526,21/04/2026,Girona,Betis,2,3,1,1,2,3,5,2,1,1,1,1,1
Espanha_LaLiga,2526,21/04/2026,Real Madrid,Alaves,2,1,1,0,8,5,3,1,1,1,1,1,1
Espanha_LaLiga,2526,22/04/2026,Elche,Ath Madrid,3,2,2,2,6,3,5,4,1,1,1,1,1
Espanha_LaLiga,2526,22/04/2026,Sociedad,Getafe,0,1,0,1,4,0,1,1,1,0,0,1,0
Espanha_LaLiga,2526,22/04/2026,Barcelona,Celta,1,0,1,0,3,3,1,1,1,0,0,1,0
Espanha_LaLiga,2526,23/04/2026,Levante,Sevilla,2,0,1,0,3,0,2,1,1,1,0,1,0
Espanha_LaLiga,2526,23/04/2026,Vallecano,Espanol,1,0,0,0,6,4,1,0,1,0,0,0,0
Espanha_LaLiga,2526,23/04/2026,Oviedo,Villarreal,1,1,0,1,4,3,2,1,1,1,0,1,1
Espanha_LaLiga,2526,24/04/2026,Betis,Real Madrid,1,1,0,1,4,8,2,1,1,1,0,1,1
Espanha_LaLiga,2526,25/04/2026,Alaves,Mallorca,2,1,0,1,4,2,3,1,1,1,1,1,1
Espanha_LaLiga,2526,25/04/2026,Getafe,Barcelona,0,2,0,1,0,4,2,1,1,1,0,1,0
Espanha_LaLiga,2526,25/04/2026,Valencia,Girona,2,1,0,0,3,4,3,0,1,1,1,0,1
Espanha_LaLiga,2526,25/04/2026,Ath Madrid,Ath Bilbao,3,2,0,1,4,4,5,1,1,1,1,1,1
Espanha_LaLiga,2526,26/04/2026,Vallecano,Sociedad,3,3,1,1,9,8,6,2,1,1,1,1,1
Espanha_LaLiga,2526,26/04/2026,Oviedo,Elche,1,2,0,2,3,4,3,2,1,1,1,1,1
Espanha_LaLiga,2526,26/04/2026,Osasuna,Sevilla,2,1,0,0,7,2,3,0,1,1,1,0,1
Espanha_LaLiga,2526,26/04/2026,Villarreal,Celta,2,1,2,0,4,3,3,2,1,1,1,1,1
Espanha_LaLiga,2526,27/04/2026,Espanol,Levante,0,0,0,0,3,4,0,0,0,0,0,0,0
Espanha_LaLiga,2526,01/05/2026,Girona,Mallorca,0,1,0,1,4,4,1,1,1,0,0,1,0
Espanha_LaLiga,2526,02/05/2026,Villarreal,Levante,5,1,1,0,8,3,6,1,1,1,1,1,1
Espanha_LaLiga,2526,02/05/2026,Valencia,Ath Madrid,0,2,0,0,0,5,2,0,1,1,0,0,0
Espanha_LaLiga,2526,02/05/2026,Alaves,Ath Bilbao,2,4,1,0,4,4,6,1,1,1,1,1,1
Espanha_LaLiga,2526,02/05/2026,Osasuna,Barcelona,1,2,0,0,4,4,3,0,1,1,1,0,1
Espanha_LaLiga,2526,03/05/2026,Celta,Elche,3,1,2,0,4,4,4,2,1,1,1,1,1
Espanha_LaLiga,2526,03/05/2026,Getafe,Vallecano,0,2,0,1,3,6,2,1,1,1,0,1,0
Espanha_LaLiga,2526,03/05/2026,Betis,Oviedo,3,0,2,0,5,5,3,2,1,1,1,1,0
Espanha_LaLiga,2526,03/05/2026,Espanol,Real Madrid,0,2,0,0,3,5,2,0,1,1,0,0,0
Espanha_LaLiga,2526,04/05/2026,Sevilla,Sociedad,1,0,0,0,5,0,1,0,1,0,0,0,0
Espanha_LaLiga,2526,08/05/2026,Levante,Osasuna,3,2,2,2,12,3,5,4,1,1,1,1,1
Espanha_LaLiga,2526,09/05/2026,Elche,Alaves,1,1,0,0,5,4,2,0,1,1,0,0,1
Espanha_LaLiga,2526,09/05/2026,Sevilla,Espanol,2,1,0,0,6,5,3,0,1,1,1,0,1
Espanha_LaLiga,2526,09/05/2026,Ath Madrid,Celta,0,1,0,0,4,1,1,0,1,0,0,0,0
Espanha_LaLiga,2526,09/05/2026,Sociedad,Betis,2,2,0,1,6,6,4,1,1,1,1,1,1
Espanha_LaLiga,2526,10/05/2026,Mallorca,Villarreal,1,1,1,1,8,2,2,2,1,1,0,1,1
Espanha_LaLiga,2526,10/05/2026,Ath Bilbao,Valencia,0,1,0,0,4,3,1,0,1,0,0,0,0
Espanha_LaLiga,2526,10/05/2026,Oviedo,Getafe,0,0,0,0,4,4,0,0,0,0,0,0,0
Espanha_LaLiga,2526,10/05/2026,Barcelona,Real Madrid,2,0,2,0,7,1,2,2,1,1,0,1,0
Espanha_LaLiga,2526,11/05/2026,Vallecano,Girona,1,1,0,0,5,5,2,0,1,1,0,0,1
Espanha_LaLiga,2526,12/05/2026,Celta,Levante,2,3,1,1,6,6,5,2,1,1,1,1,1
Espanha_LaLiga,2526,12/05/2026,Betis,Elche,2,1,1,1,7,2,3,2,1,1,1,1,1
Espanha_LaLiga,2526,12/05/2026,Osasuna,Ath Madrid,1,2,0,1,5,4,3,1,1,1,1,1,1
Espanha_LaLiga,2526,13/05/2026,Espanol,Ath Bilbao,2,0,0,0,5,4,2,0,1,1,0,0,0
Espanha_LaLiga,2526,13/05/2026,Villarreal,Sevilla,2,3,2,2,4,5,5,4,1,1,1,1,1
Espanha_LaLiga,2526,13/05/2026,Alaves,Barcelona,1,0,1,0,3,0,1,1,1,0,0,1,0
Espanha_LaLiga,2526,13/05/2026,Getafe,Mallorca,3,1,2,0,4,2,4,2,1,1,1,1,1
Espanha_LaLiga,2526,14/05/2026,Valencia,Vallecano,1,1,1,1,3,3,2,2,1,1,0,1,1
Espanha_LaLiga,2526,14/05/2026,Girona,Sociedad,1,1,0,1,4,2,2,1,1,1,0,1,1
Espanha_LaLiga,2526,14/05/2026,Real Madrid,Oviedo,2,0,1,0,7,1,2,1,1,1,0,1,0
Espanha_LaLiga,2526,17/05/2026,Ath Bilbao,Celta,1,1,0,1,9,2,2,1,1,1,0,1,1
Espanha_LaLiga,2526,17/05/2026,Ath Madrid,Girona,1,0,1,0,4,11,1,1,1,0,0,1,0
Espanha_LaLiga,2526,17/05/2026,Elche,Getafe,1,0,1,0,3,0,1,1,1,0,0,1,0
Espanha_LaLiga,2526,17/05/2026,Levante,Mallorca,2,0,1,0,3,3,2,1,1,1,0,1,0
Espanha_LaLiga,2526,17/05/2026,Osasuna,Espanol,1,2,0,1,8,3,3,1,1,1,1,1,1
Espanha_LaLiga,2526,17/05/2026,Oviedo,Alaves,0,1,0,1,0,1,1,1,1,0,0,1,0
Espanha_LaLiga,2526,17/05/2026,Sevilla,Real Madrid,0,1,0,1,6,1,1,1,1,0,0,1,0
Espanha_LaLiga,2526,17/05/2026,Sociedad,Valencia,3,4,1,2,3,6,7,3,1,1,1,1,1
Espanha_LaLiga,2526,17/05/2026,Vallecano,Villarreal,2,0,1,0,7,2,2,1,1,1,0,1,0
Espanha_LaLiga,2526,17/05/2026,Barcelona,Betis,3,1,1,0,9,2,4,1,1,1,1,1,1
Espanha_LaLiga,2526,23/05/2026,Alaves,Vallecano,1,2,1,0,11,7,3,1,1,1,1,1,1
Espanha_LaLiga,2526,23/05/2026,Betis,Levante,2,1,1,1,8,7,3,2,1,1,1,1,1
Espanha_LaLiga,2526,23/05/2026,Celta,Sevilla,1,0,0,0,3,2,1,0,1,0,0,0,0
Espanha_LaLiga,2526,23/05/2026,Espanol,Sociedad,1,1,0,1,8,4,2,1,1,1,0,1,1
Espanha_LaLiga,2526,23/05/2026,Getafe,Osasuna,1,0,0,0,3,5,1,0,1,0,0,0,0
Espanha_LaLiga,2526,23/05/2026,Girona,Elche,1,1,0,1,7,1,2,1,1,1,0,1,1
Espanha_LaLiga,2526,23/05/2026,Mallorca,Oviedo,3,0,1,0,7,0,3,1,1,1,1,1,0
Espanha_LaLiga,2526,23/05/2026,Real Madrid,Ath Bilbao,4,2,2,1,8,2,6,3,1,1,1,1,1
Espanha_LaLiga,2526,23/05/2026,Valencia,Barcelona,3,1,0,0,6,4,4,0,1,1,1,0,1
Espanha_LaLiga,2526,24/05/2026,Villarreal,Ath Madrid,5,1,4,1,8,4,6,5,1,1,1,1,1
Franca_Ligue1,2526,15/08/2025,Rennes,Marseille,1,0,0,0,5,2,1,0,1,0,0,0,0
Franca_Ligue1,2526,16/08/2025,Lens,Lyon,0,1,0,1,5,3,1,1,1,0,0,1,0
Franca_Ligue1,2526,16/08/2025,Monaco,Le Havre,3,1,1,0,3,4,4,1,1,1,1,1,1
Franca_Ligue1,2526,16/08/2025,Nice,Toulouse,0,1,0,0,2,2,1,0,1,0,0,0,0
Franca_Ligue1,2526,17/08/2025,Brest,Lille,3,3,1,2,5,6,6,3,1,1,1,1,1
Franca_Ligue1,2526,17/08/2025,Angers,Paris FC,1,0,1,0,2,7,1,1,1,0,0,1,0
Franca_Ligue1,2526,17/08/2025,Auxerre,Lorient,1,0,0,0,3,3,1,0,1,0,0,0,0
Franca_Ligue1,2526,17/08/2025,Metz,Strasbourg,0,1,0,0,0,4,1,0,1,0,0,0,0
Franca_Ligue1,2526,17/08/2025,Nantes,Paris SG,0,1,0,0,0,4,1,0,1,0,0,0,0
Franca_Ligue1,2526,22/08/2025,Paris SG,Angers,1,0,0,0,4,0,1,0,1,0,0,0,0
Franca_Ligue1,2526,23/08/2025,Marseille,Paris FC,5,2,2,1,7,4,7,3,1,1,1,1,1
Franca_Ligue1,2526,23/08/2025,Nice,Auxerre,3,1,2,1,6,8,4,3,1,1,1,1,1
Franca_Ligue1,2526,23/08/2025,Lyon,Metz,3,0,2,0,8,2,3,2,1,1,1,1,0
Franca_Ligue1,2526,24/08/2025,Lorient,Rennes,4,0,1,0,7,1,4,1,1,1,1,1,0
Franca_Ligue1,2526,24/08/2025,Le Havre,Lens,1,2,1,2,6,3,3,3,1,1,1,1,1
Franca_Ligue1,2526,24/08/2025,Strasbourg,Nantes,1,0,0,0,4,2,1,0,1,0,0,0,0
Franca_Ligue1,2526,24/08/2025,Toulouse,Brest,2,0,0,0,3,2,2,0,1,1,0,0,0
Franca_Ligue1,2526,24/08/2025,Lille,Monaco,1,0,0,0,1,1,1,0,1,0,0,0,0
Franca_Ligue1,2526,29/08/2025,Lens,Brest,3,1,0,1,10,2,4,1,1,1,1,1,1
Franca_Ligue1,2526,30/08/2025,Lorient,Lille,1,7,0,0,2,11,8,0,1,1,1,0,1
Franca_Ligue1,2526,30/08/2025,Nantes,Auxerre,1,0,1,0,3,4,1,1,1,0,0,1,0
Franca_Ligue1,2526,30/08/2025,Toulouse,Paris SG,3,6,1,4,6,8,9,5,1,1,1,1,1
Franca_Ligue1,2526,31/08/2025,Angers,Rennes,1,1,0,1,7,7,2,1,1,1,0,1,1
Franca_Ligue1,2526,31/08/2025,Le Havre,Nice,3,1,1,0,8,3,4,1,1,1,1,1,1
Franca_Ligue1,2526,31/08/2025,Monaco,Strasbourg,3,2,1,0,4,4,5,1,1,1,1,1,1
Franca_Ligue1,2526,31/08/2025,Paris FC,Metz,3,2,1,1,9,2,5,2,1,1,1,1,1
Franca_Ligue1,2526,31/08/2025,Lyon,Marseille,1,0,0,0,5,2,1,0,1,0,0,0,0
Franca_Ligue1,2526,12/09/2025,Marseille,Lorient,4,0,3,0,8,1,4,3,1,1,1,1,0
Franca_Ligue1,2526,13/09/2025,Nice,Nantes,1,0,0,0,8,3,1,0,1,0,0,0,0
Franca_Ligue1,2526,13/09/2025,Auxerre,Monaco,1,2,0,1,2,3,3,1,1,1,1,1,1
Franca_Ligue1,2526,14/09/2025,Lille,Toulouse,2,1,0,0,5,4,3,0,1,1,1,0,1
Franca_Ligue1,2526,14/09/2025,Brest,Paris FC,1,2,0,2,8,4,3,2,1,1,1,1,1
Franca_Ligue1,2526,14/09/2025,Metz,Angers,1,1,1,0,5,4,2,1,1,1,0,1,1
Franca_Ligue1,2526,14/09/2025,Paris SG,Lens,2,0,1,0,6,3,2,1,1,1,0,1,0
Franca_Ligue1,2526,14/09/2025,Strasbourg,Le Havre,1,0,0,0,7,1,1,0,1,0,0,0,0
Franca_Ligue1,2526,14/09/2025,Rennes,Lyon,3,1,0,1,5,5,4,1,1,1,1,1,1
Franca_Ligue1,2526,19/09/2025,Lyon,Angers,1,0,0,0,5,2,1,0,1,0,0,0,0
Franca_Ligue1,2526,20/09/2025,Nantes,Rennes,2,2,0,2,4,4,4,2,1,1,1,1,1
Franca_Ligue1,2526,20/09/2025,Brest,Nice,4,1,2,1,5,4,5,3,1,1,1,1,1
Franca_Ligue1,2526,20/09/2025,Lens,Lille,3,0,2,0,6,3,3,2,1,1,1,1,0
Franca_Ligue1,2526,21/09/2025,Paris FC,Strasbourg,2,3,0,1,6,4,5,1,1,1,1,1,1
Franca_Ligue1,2526,21/09/2025,Auxerre,Toulouse,1,0,1,0,1,3,1,1,1,0,0,1,0
Franca_Ligue1,2526,21/09/2025,Le Havre,Lorient,1,1,0,1,2,4,2,1,1,1,0,1,1
Franca_Ligue1,2526,21/09/2025,Monaco,Metz,5,2,1,1,6,3,7,2,1,1,1,1,1
Franca_Ligue1,2526,22/09/2025,Marseille,Paris SG,1,0,1,0,2,5,1,1,1,0,0,1,0
Franca_Ligue1,2526,26/09/2025,Strasbourg,Marseille,1,2,0,0,1,9,3,0,1,1,1,0,1
Franca_Ligue1,2526,27/09/2025,Lorient,Monaco,3,1,1,0,8,2,4,1,1,1,1,1,1
Franca_Ligue1,2526,27/09/2025,Toulouse,Nantes,2,2,0,1,7,2,4,1,1,1,1,1,1
Franca_Ligue1,2526,27/09/2025,Paris SG,Auxerre,2,0,1,0,8,3,2,1,1,1,0,1,0
Franca_Ligue1,2526,28/09/2025,Nice,Paris FC,1,1,1,0,5,3,2,1,1,1,0,1,1
Franca_Ligue1,2526,28/09/2025,Angers,Brest,0,2,0,2,2,3,2,2,1,1,0,1,0
Franca_Ligue1,2526,28/09/2025,Lille,Lyon,0,1,0,1,3,2,1,1,1,0,0,1,0
Franca_Ligue1,2526,28/09/2025,Metz,Le Havre,0,0,0,0,0,2,0,0,0,0,0,0,0
Franca_Ligue1,2526,28/09/2025,Rennes,Lens,0,0,0,0,2,2,0,0,0,0,0,0,0
Franca_Ligue1,2526,03/10/2025,Paris FC,Lorient,2,0,2,0,2,3,2,2,1,1,0,1,0
Franca_Ligue1,2526,04/10/2025,Metz,Marseille,0,3,0,0,1,9,3,0,1,1,1,0,0
Franca_Ligue1,2526,04/10/2025,Brest,Nantes,0,0,0,0,5,0,0,0,0,0,0,0,0
Franca_Ligue1,2526,04/10/2025,Auxerre,Lens,1,2,0,1,2,4,3,1,1,1,1,1,1
Franca_Ligue1,2526,05/10/2025,Lyon,Toulouse,1,2,1,0,3,4,3,1,1,1,1,1,1
Franca_Ligue1,2526,05/10/2025,Le Havre,Rennes,2,2,1,2,2,3,4,3,1,1,1,1,1
Franca_Ligue1,2526,05/10/2025,Monaco,Nice,2,2,1,2,6,2,4,3,1,1,1,1,1
Franca_Ligue1,2526,05/10/2025,Strasbourg,Angers,5,0,1,0,12,1,5,1,1,1,1,1,0
Franca_Ligue1,2526,05/10/2025,Lille,Paris SG,1,1,0,0,3,5,2,0,1,1,0,0,1
Franca_Ligue1,2526,17/10/2025,Paris SG,Strasbourg,3,3,1,2,9,7,6,3,1,1,1,1,1
Franca_Ligue1,2526,18/10/2025,Nice,Lyon,3,2,2,1,4,7,5,3,1,1,1,1,1
Franca_Ligue1,2526,18/10/2025,Angers,Monaco,1,1,0,0,3,4,2,0,1,1,0,0,1
Franca_Ligue1,2526,18/10/2025,Marseille,Le Havre,6,2,1,1,11,3,8,2,1,1,1,1,1
Franca_Ligue1,2526,19/10/2025,Lens,Paris FC,2,1,1,1,3,3,3,2,1,1,1,1,1
Franca_Ligue1,2526,19/10/2025,Lorient,Brest,3,3,1,2,7,4,6,3,1,1,1,1,1
Franca_Ligue1,2526,19/10/2025,Rennes,Auxerre,2,2,1,1,7,4,4,2,1,1,1,1,1
Franca_Ligue1,2526,19/10/2025,Toulouse,Metz,4,0,2,0,7,2,4,2,1,1,1,1,0
Franca_Ligue1,2526,19/10/2025,Nantes,Lille,0,2,0,1,3,5,2,1,1,1,0,1,0
Franca_Ligue1,2526,24/10/2025,Paris FC,Nantes,1,2,1,2,3,3,3,3,1,1,1,1,1
Franca_Ligue1,2526,25/10/2025,Brest,Paris SG,0,3,0,2,2,8,3,2,1,1,1,1,0
Franca_Ligue1,2526,25/10/2025,Monaco,Toulouse,1,0,1,0,5,2,1,1,1,0,0,1,0
Franca_Ligue1,2526,25/10/2025,Lens,Marseille,2,1,1,1,5,3,3,2,1,1,1,1,1
Franca_Ligue1,2526,26/10/2025,Lille,Metz,6,1,2,0,12,4,7,2,1,1,1,1,1
Franca_Ligue1,2526,26/10/2025,Angers,Lorient,2,0,1,0,4,4,2,1,1,1,0,1,0
Franca_Ligue1,2526,26/10/2025,Auxerre,Le Havre,0,1,0,0,3,4,1,0,1,0,0,0,0
Franca_Ligue1,2526,26/10/2025,Rennes,Nice,1,2,0,2,7,3,3,2,1,1,1,1,1
Franca_Ligue1,2526,26/10/2025,Lyon,Strasbourg,2,1,1,1,3,2,3,2,1,1,1,1,1
Franca_Ligue1,2526,29/10/2025,Le Havre,Brest,1,0,0,0,3,2,1,0,1,0,0,0,0
Franca_Ligue1,2526,29/10/2025,Lorient,Paris SG,1,1,0,0,2,8,2,0,1,1,0,0,1
Franca_Ligue1,2526,29/10/2025,Metz,Lens,2,0,0,0,7,2,2,0,1,1,0,0,0
Franca_Ligue1,2526,29/10/2025,Nice,Lille,2,0,1,0,4,4,2,1,1,1,0,1,0
Franca_Ligue1,2526,29/10/2025,Marseille,Angers,2,2,0,1,6,6,4,1,1,1,1,1,1
Franca_Ligue1,2526,29/10/2025,Nantes,Monaco,3,5,2,2,5,9,8,4,1,1,1,1,1
Franca_Ligue1,2526,29/10/2025,Paris FC,Lyon,3,3,0,1,3,4,6,1,1,1,1,1,1
Franca_Ligue1,2526,29/10/2025,Strasbourg,Auxerre,3,0,0,0,9,1,3,0,1,1,1,0,0
Franca_Ligue1,2526,29/10/2025,Toulouse,Rennes,2,2,0,0,4,5,4,0,1,1,1,0,1
Franca_Ligue1,2526,01/11/2025,Paris SG,Nice,1,0,0,0,8,2,1,0,1,0,0,0,0
Franca_Ligue1,2526,01/11/2025,Monaco,Paris FC,0,1,0,0,1,1,1,0,1,0,0,0,0
Franca_Ligue1,2526,01/11/2025,Auxerre,Marseille,0,1,0,1,4,2,1,1,1,0,0,1,0
Franca_Ligue1,2526,02/11/2025,Rennes,Strasbourg,4,1,2,0,6,2,5,2,1,1,1,1,1
Franca_Ligue1,2526,02/11/2025,Lens,Lorient,3,0,1,0,6,3,3,1,1,1,1,1,0
Franca_Ligue1,2526,02/11/2025,Lille,Angers,1,0,1,0,4,1,1,1,1,0,0,1,0
Franca_Ligue1,2526,02/11/2025,Nantes,Metz,0,2,0,0,4,7,2,0,1,1,0,0,0
Franca_Ligue1,2526,02/11/2025,Toulouse,Le Havre,0,0,0,0,2,3,0,0,0,0,0,0,0
Franca_Ligue1,2526,02/11/2025,Brest,Lyon,0,0,0,0,3,2,0,0,0,0,0,0,0
Franca_Ligue1,2526,07/11/2025,Paris FC,Rennes,0,1,0,0,4,3,1,0,1,0,0,0,0
Franca_Ligue1,2526,08/11/2025,Marseille,Brest,3,0,2,0,7,2,3,2,1,1,1,1,0
Franca_Ligue1,2526,08/11/2025,Le Havre,Nantes,1,1,0,1,4,2,2,1,1,1,0,1,1
Franca_Ligue1,2526,08/11/2025,Monaco,Lens,1,4,1,3,6,12,5,4,1,1,1,1,1
Franca_Ligue1,2526,09/11/2025,Lorient,Toulouse,1,1,1,0,2,2,2,1,1,1,0,1,1
Franca_Ligue1,2526,09/11/2025,Angers,Auxerre,2,0,0,0,5,5,2,0,1,1,0,0,0
Franca_Ligue1,2526,09/11/2025,Metz,Nice,2,1,0,1,2,4,3,1,1,1,1,1,1
Franca_Ligue1,2526,09/11/2025,Strasbourg,Lille,2,0,1,0,2,4,2,1,1,1,0,1,0
Franca_Ligue1,2526,09/11/2025,Lyon,Paris SG,2,3,1,2,2,4,5,3,1,1,1,1,1
Franca_Ligue1,2526,21/11/2025,Nice,Marseille,1,5,0,2,7,11,6,2,1,1,1,1,1
Franca_Ligue1,2526,22/11/2025,Lens,Strasbourg,1,0,0,0,5,1,1,0,1,0,0,0,0
Franca_Ligue1,2526,22/11/2025,Rennes,Monaco,4,1,1,0,9,3,5,1,1,1,1,1,1
Franca_Ligue1,2526,22/11/2025,Paris SG,Le Havre,3,0,1,0,11,4,3,1,1,1,1,1,0
Franca_Ligue1,2526,23/11/2025,Auxerre,Lyon,0,0,0,0,5,7,0,0,0,0,0,0,0
Franca_Ligue1,2526,23/11/2025,Brest,Metz,3,2,1,1,7,3,5,2,1,1,1,1,1
Franca_Ligue1,2526,23/11/2025,Nantes,Lorient,1,1,0,1,1,1,2,1,1,1,0,1,1
Franca_Ligue1,2526,23/11/2025,Toulouse,Angers,0,1,0,1,6,2,1,1,1,0,0,1,0
Franca_Ligue1,2526,23/11/2025,Lille,Paris FC,4,2,1,1,10,3,6,2,1,1,1,1,1
Franca_Ligue1,2526,28/11/2025,Metz,Rennes,0,1,0,1,5,2,1,1,1,0,0,1,0
Franca_Ligue1,2526,29/11/2025,Monaco,Paris SG,1,0,0,0,5,4,1,0,1,0,0,0,0
Franca_Ligue1,2526,29/11/2025,Paris FC,Auxerre,1,1,1,1,2,3,2,2,1,1,0,1,1
Franca_Ligue1,2526,29/11/2025,Marseille,Toulouse,2,2,0,1,5,4,4,1,1,1,1,1,1
Franca_Ligue1,2526,30/11/2025,Strasbourg,Brest,1,2,1,0,6,4,3,1,1,1,1,1,1
Franca_Ligue1,2526,30/11/2025,Angers,Lens,1,2,0,1,5,6,3,1,1,1,1,1,1
Franca_Ligue1,2526,30/11/2025,Le Havre,Lille,0,1,0,0,7,2,1,0,1,0,0,0,0
Franca_Ligue1,2526,30/11/2025,Lorient,Nice,3,1,2,1,7,2,4,3,1,1,1,1,1
Franca_Ligue1,2526,30/11/2025,Lyon,Nantes,3,0,0,0,8,2,3,0,1,1,1,0,0
Franca_Ligue1,2526,05/12/2025,Brest,Monaco,1,0,1,0,4,2,1,1,1,0,0,1,0
Franca_Ligue1,2526,05/12/2025,Lille,Marseille,1,0,1,0,2,2,1,1,1,0,0,1,0
Franca_Ligue1,2526,06/12/2025,Nantes,Lens,1,2,1,1,4,6,3,2,1,1,1,1,1
Franca_Ligue1,2526,06/12/2025,Toulouse,Strasbourg,1,0,1,0,3,0,1,1,1,0,0,1,0
Franca_Ligue1,2526,06/12/2025,Paris SG,Rennes,5,0,2,0,9,2,5,2,1,1,1,1,0
Franca_Ligue1,2526,07/12/2025,Nice,Angers,0,1,0,1,3,4,1,1,1,0,0,1,0
Franca_Ligue1,2526,07/12/2025,Auxerre,Metz,3,1,2,1,7,3,4,3,1,1,1,1,1
Franca_Ligue1,2526,07/12/2025,Le Havre,Paris FC,0,0,0,0,2,2,0,0,0,0,0,0,0
Franca_Ligue1,2526,07/12/2025,Lorient,Lyon,1,0,1,0,6,4,1,1,1,0,0,1,0
Franca_Ligue1,2526,12/12/2025,Angers,Nantes,4,1,1,0,9,4,5,1,1,1,1,1,1
Franca_Ligue1,2526,13/12/2025,Rennes,Brest,3,1,2,1,5,7,4,3,1,1,1,1,1
Franca_Ligue1,2526,13/12/2025,Metz,Paris SG,2,3,1,2,5,9,5,3,1,1,1,1,1
Franca_Ligue1,2526,13/12/2025,Paris FC,Toulouse,0,3,0,2,2,4,3,2,1,1,1,1,0
Franca_Ligue1,2526,14/12/2025,Lyon,Le Havre,1,0,0,0,4,4,1,0,1,0,0,0,0
Franca_Ligue1,2526,14/12/2025,Auxerre,Lille,3,4,0,1,8,5,7,1,1,1,1,1,1
Franca_Ligue1,2526,14/12/2025,Lens,Nice,2,0,1,0,5,4,2,1,1,1,0,1,0
Franca_Ligue1,2526,14/12/2025,Strasbourg,Lorient,0,0,0,0,2,2,0,0,0,0,0,0,0
Franca_Ligue1,2526,14/12/2025,Marseille,Monaco,1,0,0,0,8,7,1,0,1,0,0,0,0
Franca_Ligue1,2526,02/01/2026,Toulouse,Lens,0,3,0,0,2,7,3,0,1,1,1,0,0
Franca_Ligue1,2526,03/01/2026,Monaco,Lyon,1,3,1,1,2,9,4,2,1,1,1,1,1
Franca_Ligue1,2526,03/01/2026,Nice,Strasbourg,1,1,0,1,6,5,2,1,1,1,0,1,1
Franca_Ligue1,2526,03/01/2026,Lille,Rennes,0,2,0,0,3,4,2,0,1,1,0,0,0
Franca_Ligue1,2526,04/01/2026,Marseille,Nantes,0,2,0,1,4,9,2,1,1,1,0,1,0
Franca_Ligue1,2526,04/01/2026,Brest,Auxerre,2,0,1,0,4,1,2,1,1,1,0,1,0
Franca_Ligue1,2526,04/01/2026,Le Havre,Angers,2,1,1,0,6,3,3,1,1,1,1,1,1
Franca_Ligue1,2526,04/01/2026,Lorient,Metz,1,1,0,1,5,2,2,1,1,1,0,1,1
Franca_Ligue1,2526,04/01/2026,Paris SG,Paris FC,2,1,1,0,6,3,3,1,1,1,1,1,1
Franca_Ligue1,2526,16/01/2026,Monaco,Lorient,1,3,0,0,7,4,4,0,1,1,1,0,1
Franca_Ligue1,2526,16/01/2026,Paris SG,Lille,3,0,1,0,7,4,3,1,1,1,1,1,0
Franca_Ligue1,2526,17/01/2026,Lens,Auxerre,1,0,0,0,7,0,1,0,1,0,0,0,0
Franca_Ligue1,2526,17/01/2026,Toulouse,Nice,5,1,2,0,10,6,6,2,1,1,1,1,1
Franca_Ligue1,2526,17/01/2026,Angers,Marseille,2,5,1,4,3,11,7,5,1,1,1,1,1
Franca_Ligue1,2526,18/01/2026,Strasbourg,Metz,2,1,2,1,6,2,3,3,1,1,1,1,1
Franca_Ligue1,2526,18/01/2026,Nantes,Paris FC,1,2,0,1,1,3,3,1,1,1,1,1,1
Franca_Ligue1,2526,18/01/2026,Rennes,Le Havre,1,1,0,0,7,4,2,0,1,1,0,0,1
Franca_Ligue1,2526,18/01/2026,Lyon,Brest,2,1,2,0,6,2,3,2,1,1,1,1,1
Franca_Ligue1,2526,23/01/2026,Auxerre,Paris SG,0,1,0,0,0,8,1,0,1,0,0,0,0
Franca_Ligue1,2526,24/01/2026,Rennes,Lorient,0,2,0,1,5,4,2,1,1,1,0,1,0
Franca_Ligue1,2526,24/01/2026,Le Havre,Monaco,0,0,0,0,1,2,0,0,0,0,0,0,0
Franca_Ligue1,2526,24/01/2026,Marseille,Lens,3,1,2,0,5,2,4,2,1,1,1,1,1
Franca_Ligue1,2526,25/01/2026,Nantes,Nice,1,4,1,3,5,4,5,4,1,1,1,1,1
Franca_Ligue1,2526,25/01/2026,Brest,Toulouse,0,2,0,2,5,5,2,2,1,1,0,1,0
Franca_Ligue1,2526,25/01/2026,Metz,Lyon,2,5,1,4,6,10,7,5,1,1,1,1,1
Franca_Ligue1,2526,25/01/2026,Paris FC,Angers,0,0,0,0,1,1,0,0,0,0,0,0,0
Franca_Ligue1,2526,25/01/2026,Lille,Strasbourg,1,4,0,2,6,6,5,2,1,1,1,1,1
Franca_Ligue1,2526,30/01/2026,Lens,Le Havre,1,0,1,0,3,2,1,1,1,0,0,1,0
Franca_Ligue1,2526,31/01/2026,Paris FC,Marseille,2,2,0,1,4,4,4,1,1,1,1,1,1
Franca_Ligue1,2526,31/01/2026,Lorient,Nantes,2,1,1,0,4,2,3,1,1,1,1,1,1
Franca_Ligue1,2526,31/01/2026,Monaco,Rennes,4,0,1,0,6,4,4,1,1,1,1,1,0
Franca_Ligue1,2526,01/02/2026,Lyon,Lille,1,0,1,0,2,4,1,1,1,0,0,1,0
Franca_Ligue1,2526,01/02/2026,Angers,Metz,1,0,1,0,7,0,1,1,1,0,0,1,0
Franca_Ligue1,2526,01/02/2026,Nice,Brest,2,2,0,2,7,2,4,2,1,1,1,1,1
Franca_Ligue1,2526,01/02/2026,Toulouse,Auxerre,0,0,0,0,4,2,0,0,0,0,0,0,0
Franca_Ligue1,2526,01/02/2026,Strasbourg,Paris SG,1,2,1,1,4,4,3,2,1,1,1,1,1
Franca_Ligue1,2526,06/02/2026,Metz,Lille,0,0,0,0,2,1,0,0,0,0,0,0,0
Franca_Ligue1,2526,07/02/2026,Lens,Rennes,3,1,1,1,3,1,4,2,1,1,1,1,1
Franca_Ligue1,2526,07/02/2026,Brest,Lorient,2,0,0,0,5,2,2,0,1,1,0,0,0
Franca_Ligue1,2526,07/02/2026,Nantes,Lyon,0,1,0,1,2,3,1,1,1,0,0,1,0
Franca_Ligue1,2526,08/02/2026,Nice,Monaco,0,0,0,0,3,2,0,0,0,0,0,0,0
Franca_Ligue1,2526,08/02/2026,Angers,Toulouse,1,0,0,0,4,5,1,0,1,0,0,0,0
Franca_Ligue1,2526,08/02/2026,Auxerre,Paris FC,0,0,0,0,2,4,0,0,0,0,0,0,0
Franca_Ligue1,2526,08/02/2026,Le Havre,Strasbourg,2,1,1,1,7,3,3,2,1,1,1,1,1
Franca_Ligue1,2526,08/02/2026,Paris SG,Marseille,5,0,2,0,7,3,5,2,1,1,1,1,0
Franca_Ligue1,2526,13/02/2026,Rennes,Paris SG,3,1,1,0,4,7,4,1,1,1,1,1,1
Franca_Ligue1,2526,13/02/2026,Monaco,Nantes,3,1,3,1,6,2,4,4,1,1,1,1,1
Franca_Ligue1,2526,14/02/2026,Marseille,Strasbourg,2,2,1,0,6,4,4,1,1,1,1,1,1
Franca_Ligue1,2526,14/02/2026,Lille,Brest,1,1,0,0,5,4,2,0,1,1,0,0,1
Franca_Ligue1,2526,14/02/2026,Paris FC,Lens,0,5,0,2,6,6,5,2,1,1,1,1,0
Franca_Ligue1,2526,15/02/2026,Le Havre,Toulouse,2,1,1,1,2,9,3,2,1,1,1,1,1
Franca_Ligue1,2526,15/02/2026,Lorient,Angers,2,0,1,0,2,3,2,1,1,1,0,1,0
Franca_Ligue1,2526,15/02/2026,Metz,Auxerre,1,3,0,1,4,3,4,1,1,1,1,1,1
Franca_Ligue1,2526,15/02/2026,Lyon,Nice,2,0,1,0,2,3,2,1,1,1,0,1,0
Franca_Ligue1,2526,20/02/2026,Brest,Marseille,2,0,2,0,4,4,2,2,1,1,0,1,0
Franca_Ligue1,2526,21/02/2026,Lens,Monaco,2,3,1,0,7,5,5,1,1,1,1,1,1
Franca_Ligue1,2526,21/02/2026,Toulouse,Paris FC,1,1,0,1,10,2,2,1,1,1,0,1,1
Franca_Ligue1,2526,21/02/2026,Paris SG,Metz,3,0,2,0,7,0,3,2,1,1,1,1,0
Franca_Ligue1,2526,22/02/2026,Auxerre,Rennes,0,3,0,3,2,7,3,3,1,1,1,1,0
Franca_Ligue1,2526,22/02/2026,Angers,Lille,0,1,0,1,2,5,1,1,1,0,0,1,0
Franca_Ligue1,2526,22/02/2026,Nantes,Le Havre,2,0,2,0,2,1,2,2,1,1,0,1,0
Franca_Ligue1,2526,22/02/2026,Nice,Lorient,3,3,2,1,4,5,6,3,1,1,1,1,1
Franca_Ligue1,2526,22/02/2026,Strasbourg,Lyon,3,1,1,0,7,2,4,1,1,1,1,1,1
Franca_Ligue1,2526,27/02/2026,Strasbourg,Lens,1,1,1,0,5,5,2,1,1,1,0,1,1
Franca_Ligue1,2526,28/02/2026,Rennes,Toulouse,1,0,1,0,2,2,1,1,1,0,0,1,0
Franca_Ligue1,2526,28/02/2026,Monaco,Angers,2,0,0,0,4,2,2,0,1,1,0,0,0
Franca_Ligue1,2526,28/02/2026,Le Havre,Paris SG,0,1,0,1,2,9,1,1,1,0,0,1,0
Franca_Ligue1,2526,01/03/2026,Paris FC,Nice,1,0,1,0,6,3,1,1,1,0,0,1,0
Franca_Ligue1,2526,01/03/2026,Lille,Nantes,1,0,0,0,3,1,1,0,1,0,0,0,0
Franca_Ligue1,2526,01/03/2026,Lorient,Auxerre,2,2,2,2,5,3,4,4,1,1,1,1,1
Franca_Ligue1,2526,01/03/2026,Metz,Brest,0,1,0,0,6,1,1,0,1,0,0,0,0
Franca_Ligue1,2526,01/03/2026,Marseille,Lyon,3,2,0,1,7,6,5,1,1,1,1,1,1
Franca_Ligue1,2526,06/03/2026,Paris SG,Monaco,1,3,0,1,6,6,4,1,1,1,1,1,1
Franca_Ligue1,2526,07/03/2026,Nantes,Angers,0,1,0,0,3,4,1,0,1,0,0,0,0
Franca_Ligue1,2526,07/03/2026,Auxerre,Strasbourg,0,0,0,0,4,5,0,0,0,0,0,0,0
Franca_Ligue1,2526,07/03/2026,Toulouse,Marseille,0,1,0,1,2,3,1,1,1,0,0,1,0
Franca_Ligue1,2526,08/03/2026,Lens,Metz,3,0,1,0,7,0,3,1,1,1,1,1,0
Franca_Ligue1,2526,08/03/2026,Brest,Le Havre,2,0,1,0,2,0,2,1,1,1,0,1,0
Franca_Ligue1,2526,08/03/2026,Lille,Lorient,1,1,0,0,2,5,2,0,1,1,0,0,1
Franca_Ligue1,2526,08/03/2026,Nice,Rennes,0,4,0,2,2,6,4,2,1,1,1,1,0
Franca_Ligue1,2526,08/03/2026,Lyon,Paris FC,1,1,0,0,4,4,2,0,1,1,0,0,1
Franca_Ligue1,2526,13/03/2026,Marseille,Auxerre,1,0,0,0,3,3,1,0,1,0,0,0,0
Franca_Ligue1,2526,14/03/2026,Lorient,Lens,2,1,1,0,3,6,3,1,1,1,1,1,1
Franca_Ligue1,2526,14/03/2026,Angers,Nice,0,2,0,0,1,8,2,0,1,1,0,0,0
Franca_Ligue1,2526,14/03/2026,Monaco,Brest,2,0,1,0,4,1,2,1,1,1,0,1,0
Franca_Ligue1,2526,15/03/2026,Strasbourg,Paris FC,0,0,0,0,3,2,0,0,0,0,0,0,0
Franca_Ligue1,2526,15/03/2026,Le Havre,Lyon,0,0,0,0,4,4,0,0,0,0,0,0,0
Franca_Ligue1,2526,15/03/2026,Metz,Toulouse,3,4,2,3,8,6,7,5,1,1,1,1,1
Franca_Ligue1,2526,15/03/2026,Rennes,Lille,1,2,0,1,4,3,3,1,1,1,1,1,1
Franca_Ligue1,2526,20/03/2026,Lens,Angers,5,1,3,0,9,5,6,3,1,1,1,1,1
Franca_Ligue1,2526,21/03/2026,Toulouse,Lorient,1,0,0,0,4,2,1,0,1,0,0,0,0
Franca_Ligue1,2526,21/03/2026,Auxerre,Brest,3,0,1,0,7,2,3,1,1,1,1,1,0
Franca_Ligue1,2526,21/03/2026,Nice,Paris SG,0,4,0,1,1,10,4,1,1,1,1,1,0
Franca_Ligue1,2526,22/03/2026,Lyon,Monaco,1,2,1,0,4,7,3,1,1,1,1,1,1
Franca_Ligue1,2526,22/03/2026,Marseille,Lille,1,2,1,0,3,4,3,1,1,1,1,1,1
Franca_Ligue1,2526,22/03/2026,Paris FC,Le Havre,3,2,2,0,4,6,5,2,1,1,1,1,1
Franca_Ligue1,2526,22/03/2026,Rennes,Metz,0,0,0,0,8,2,0,0,0,0,0,0,0
Franca_Ligue1,2526,22/03/2026,Nantes,Strasbourg,2,3,1,1,9,9,5,2,1,1,1,1,1
Franca_Ligue1,2526,03/04/2026,Paris SG,Toulouse,3,1,2,1,7,1,4,3,1,1,1,1,1
Franca_Ligue1,2526,04/04/2026,Strasbourg,Nice,3,1,3,0,6,3,4,3,1,1,1,1,1
Franca_Ligue1,2526,04/04/2026,Brest,Rennes,3,4,1,2,4,7,7,3,1,1,1,1,1
Franca_Ligue1,2526,04/04/2026,Lille,Lens,3,0,1,0,7,1,3,1,1,1,1,1,0
Franca_Ligue1,2526,05/04/2026,Angers,Lyon,0,0,0,0,1,2,0,0,0,0,0,0,0
Franca_Ligue1,2526,05/04/2026,Le Havre,Auxerre,1,1,1,1,3,2,2,2,1,1,0,1,1
Franca_Ligue1,2526,05/04/2026,Lorient,Paris FC,1,1,0,0,3,5,2,0,1,1,0,0,1
Franca_Ligue1,2526,05/04/2026,Metz,Nantes,0,0,0,0,5,2,0,0,0,0,0,0,0
Franca_Ligue1,2526,05/04/2026,Monaco,Marseille,2,1,0,0,3,9,3,0,1,1,1,0,1
Franca_Ligue1,2526,10/04/2026,Paris FC,Monaco,4,1,3,1,6,5,5,4,1,1,1,1,1
Franca_Ligue1,2526,10/04/2026,Marseille,Metz,3,1,1,0,9,2,4,1,1,1,1,1,1
Franca_Ligue1,2526,11/04/2026,Auxerre,Nantes,0,0,0,0,0,4,0,0,0,0,0,0,0
Franca_Ligue1,2526,11/04/2026,Rennes,Angers,2,1,2,0,7,4,3,2,1,1,1,1,1
Franca_Ligue1,2526,12/04/2026,Nice,Le Havre,1,1,0,1,5,6,2,1,1,1,0,1,1
Franca_Ligue1,2526,12/04/2026,Toulouse,Lille,0,4,0,1,1,9,4,1,1,1,1,1,0
Franca_Ligue1,2526,12/04/2026,Lyon,Lorient,2,0,0,0,5,6,2,0,1,1,0,0,0
Franca_Ligue1,2526,17/04/2026,Lens,Toulouse,3,2,0,2,13,2,5,2,1,1,1,1,1
Franca_Ligue1,2526,18/04/2026,Lorient,Marseille,2,0,1,0,4,2,2,1,1,1,0,1,0
Franca_Ligue1,2526,18/04/2026,Angers,Le Havre,1,1,1,1,5,8,2,2,1,1,0,1,1
Franca_Ligue1,2526,18/04/2026,Lille,Nice,0,0,0,0,2,1,0,0,0,0,0,0,0
Franca_Ligue1,2526,19/04/2026,Monaco,Auxerre,2,2,0,2,6,7,4,2,1,1,1,1,1
Franca_Ligue1,2526,19/04/2026,Metz,Paris FC,1,3,1,1,6,7,4,2,1,1,1,1,1
Franca_Ligue1,2526,19/04/2026,Nantes,Brest,1,1,1,0,4,2,2,1,1,1,0,1,1
Franca_Ligue1,2526,19/04/2026,Strasbourg,Rennes,0,3,0,1,1,9,3,1,1,1,1,1,0
Franca_Ligue1,2526,19/04/2026,Paris SG,Lyon,1,2,0,2,6,5,3,2,1,1,1,1,1
Franca_Ligue1,2526,22/04/2026,Paris SG,Nantes,3,0,2,0,6,4,3,2,1,1,1,1,0
Franca_Ligue1,2526,24/04/2026,Brest,Lens,3,3,3,0,3,7,6,3,1,1,1,1,1
Franca_Ligue1,2526,25/04/2026,Lyon,Auxerre,3,2,1,1,6,2,5,2,1,1,1,1,1
Franca_Ligue1,2526,25/04/2026,Angers,Paris SG,0,3,0,2,1,10,3,2,1,1,1,1,0
Franca_Ligue1,2526,25/04/2026,Toulouse,Monaco,2,2,0,2,5,5,4,2,1,1,1,1,1
Franca_Ligue1,2526,26/04/2026,Lorient,Strasbourg,2,3,1,0,6,5,5,1,1,1,1,1,1
Franca_Ligue1,2526,26/04/2026,Le Havre,Metz,4,4,2,2,5,5,8,4,1,1,1,1,1
Franca_Ligue1,2526,26/04/2026,Paris FC,Lille,0,1,0,1,2,4,1,1,1,0,0,1,0
Franca_Ligue1,2526,26/04/2026,Rennes,Nantes,2,1,1,1,5,8,3,2,1,1,1,1,1
Franca_Ligue1,2526,26/04/2026,Marseille,Nice,1,1,0,0,6,2,2,0,1,1,0,0,1
Franca_Ligue1,2526,02/05/2026,Nantes,Marseille,3,0,0,0,6,8,3,0,1,1,1,0,0
Franca_Ligue1,2526,02/05/2026,Paris SG,Lorient,2,2,1,1,6,3,4,2,1,1,1,1,1
Franca_Ligue1,2526,02/05/2026,Metz,Monaco,1,2,0,0,1,3,3,0,1,1,1,0,1
Franca_Ligue1,2526,02/05/2026,Nice,Lens,1,1,0,0,2,4,2,0,1,1,0,0,1
Franca_Ligue1,2526,03/05/2026,Lille,Le Havre,1,1,1,1,10,2,2,2,1,1,0,1,1
Franca_Ligue1,2526,03/05/2026,Auxerre,Angers,3,1,1,0,10,3,4,1,1,1,1,1,1
Franca_Ligue1,2526,03/05/2026,Paris FC,Brest,4,0,2,0,8,1,4,2,1,1,1,1,0
Franca_Ligue1,2526,03/05/2026,Strasbourg,Toulouse,1,2,1,1,4,6,3,2,1,1,1,1,1
Franca_Ligue1,2526,03/05/2026,Lyon,Rennes,4,2,2,1,9,5,6,3,1,1,1,1,1
Franca_Ligue1,2526,08/05/2026,Lens,Nantes,1,0,0,0,5,3,1,0,1,0,0,0,0
Franca_Ligue1,2526,10/05/2026,Angers,Strasbourg,1,1,0,1,4,6,2,1,1,1,0,1,1
Franca_Ligue1,2526,10/05/2026,Auxerre,Nice,2,1,1,1,4,6,3,2,1,1,1,1,1
Franca_Ligue1,2526,10/05/2026,Le Havre,Marseille,0,1,0,0,2,3,1,0,1,0,0,0,0
Franca_Ligue1,2526,10/05/2026,Metz,Lorient,0,4,0,1,2,7,4,1,1,1,1,1,0
Franca_Ligue1,2526,10/05/2026,Monaco,Lille,0,1,0,0,3,2,1,0,1,0,0,0,0
Franca_Ligue1,2526,10/05/2026,Paris SG,Brest,1,0,0,0,6,2,1,0,1,0,0,0,0
Franca_Ligue1,2526,10/05/2026,Rennes,Paris FC,2,1,0,0,5,1,3,0,1,1,1,0,1
Franca_Ligue1,2526,10/05/2026,Toulouse,Lyon,2,1,1,0,6,3,3,1,1,1,1,1,1
Franca_Ligue1,2526,13/05/2026,Brest,Strasbourg,1,2,1,2,6,5,3,3,1,1,1,1,1
Franca_Ligue1,2526,13/05/2026,Lens,Paris SG,0,2,0,1,10,3,2,1,1,1,0,1,0
Franca_Ligue1,2526,17/05/2026,Brest,Angers,1,1,0,0,5,2,2,0,1,1,0,0,1
Franca_Ligue1,2526,17/05/2026,Lille,Auxerre,0,2,0,1,3,4,2,1,1,1,0,1,0
Franca_Ligue1,2526,17/05/2026,Lorient,Le Havre,0,2,0,1,2,4,2,1,1,1,0,1,0
Franca_Ligue1,2526,17/05/2026,Lyon,Lens,0,4,0,3,4,4,4,3,1,1,1,1,0
Franca_Ligue1,2526,17/05/2026,Marseille,Rennes,3,1,2,0,11,6,4,2,1,1,1,1,1
Franca_Ligue1,2526,17/05/2026,Nantes,Toulouse,0,0,0,0,1,1,0,0,0,0,0,0,0
Franca_Ligue1,2526,17/05/2026,Nice,Metz,0,0,0,0,4,4,0,0,0,0,0,0,0
Franca_Ligue1,2526,17/05/2026,Paris FC,Paris SG,2,1,0,0,9,2,3,0,1,1,1,0,1
Franca_Ligue1,2526,17/05/2026,Strasbourg,Monaco,5,4,1,3,7,8,9,4,1,1,1,1,1
Holanda_Eredivisie,2526,08/08/2025,For Sittard,Go Ahead Eagles,2,2,1,1,8,2,4,2,1,1,1,1,1
Holanda_Eredivisie,2526,09/08/2025,Nijmegen,Excelsior,5,0,1,0,10,6,5,1,1,1,1,1,0
Holanda_Eredivisie,2526,09/08/2025,Feyenoord,NAC Breda,2,0,1,0,4,0,2,1,1,1,0,1,0
Holanda_Eredivisie,2526,09/08/2025,Heerenveen,Volendam,1,1,1,0,6,3,2,1,1,1,0,1,1
Holanda_Eredivisie,2526,09/08/2025,PSV Eindhoven,Sparta Rotterdam,6,1,3,0,12,4,7,3,1,1,1,1,1
Holanda_Eredivisie,2526,10/08/2025,Zwolle,Twente,1,0,1,0,2,4,1,1,1,0,0,1,0
Holanda_Eredivisie,2526,10/08/2025,Ajax,Telstar,2,0,1,0,7,5,2,1,1,1,0,1,0
Holanda_Eredivisie,2526,10/08/2025,AZ Alkmaar,Groningen,4,1,3,1,5,8,5,4,1,1,1,1,1
Holanda_Eredivisie,2526,10/08/2025,Utrecht,Heracles,4,0,1,0,7,3,4,1,1,1,1,1,0
Holanda_Eredivisie,2526,15/08/2025,Telstar,Zwolle,0,2,0,1,5,3,2,1,1,1,0,1,0
Holanda_Eredivisie,2526,16/08/2025,Excelsior,Feyenoord,1,2,1,2,2,8,3,3,1,1,1,1,1
Holanda_Eredivisie,2526,16/08/2025,Heracles,Nijmegen,1,4,1,1,6,11,5,2,1,1,1,1,1
Holanda_Eredivisie,2526,16/08/2025,Groningen,Heerenveen,2,1,1,1,5,5,3,2,1,1,1,1,1
Holanda_Eredivisie,2526,17/08/2025,Go Ahead Eagles,Ajax,2,2,2,2,4,11,4,4,1,1,1,1,1
Holanda_Eredivisie,2526,17/08/2025,Sparta Rotterdam,Utrecht,2,1,1,0,5,5,3,1,1,1,1,1,1
Holanda_Eredivisie,2526,17/08/2025,Twente,PSV Eindhoven,0,2,0,1,4,4,2,1,1,1,0,1,0
Holanda_Eredivisie,2526,17/08/2025,Volendam,AZ Alkmaar,2,2,1,1,3,3,4,2,1,1,1,1,1
Holanda_Eredivisie,2526,17/08/2025,NAC Breda,For Sittard,2,1,1,0,6,4,3,1,1,1,1,1,1
Holanda_Eredivisie,2526,23/08/2025,Go Ahead Eagles,Sparta Rotterdam,0,3,0,1,6,5,3,1,1,1,1,1,0
Holanda_Eredivisie,2526,23/08/2025,PSV Eindhoven,Groningen,4,2,1,1,7,6,6,2,1,1,1,1,1
Holanda_Eredivisie,2526,23/08/2025,Telstar,Volendam,2,2,2,0,9,6,4,2,1,1,1,1,1
Holanda_Eredivisie,2526,24/08/2025,Heerenveen,Twente,1,2,0,1,3,5,3,1,1,1,1,1,1
Holanda_Eredivisie,2526,24/08/2025,Nijmegen,NAC Breda,3,0,1,0,10,2,3,1,1,1,1,1,0
Holanda_Eredivisie,2526,24/08/2025,Utrecht,Excelsior,4,1,2,0,10,4,5,2,1,1,1,1,1
Holanda_Eredivisie,2526,24/08/2025,Ajax,Heracles,2,0,1,0,10,0,2,1,1,1,0,1,0
Holanda_Eredivisie,2526,29/08/2025,Groningen,Heracles,4,0,3,0,5,0,4,3,1,1,1,1,0
Holanda_Eredivisie,2526,30/08/2025,Volendam,Ajax,1,1,1,0,4,4,2,1,1,1,0,1,1
Holanda_Eredivisie,2526,30/08/2025,Heerenveen,Go Ahead Eagles,2,2,1,1,5,5,4,2,1,1,1,1,1
Holanda_Eredivisie,2526,30/08/2025,PSV Eindhoven,Telstar,0,2,0,1,5,4,2,1,1,1,0,1,0
Holanda_Eredivisie,2526,30/08/2025,Excelsior,Twente,1,0,0,0,3,8,1,0,1,0,0,0,0
Holanda_Eredivisie,2526,31/08/2025,For Sittard,Nijmegen,3,2,2,1,5,5,5,3,1,1,1,1,1
Holanda_Eredivisie,2526,31/08/2025,Sparta Rotterdam,Feyenoord,0,4,0,1,2,11,4,1,1,1,1,1,0
Holanda_Eredivisie,2526,31/08/2025,Zwolle,Utrecht,0,2,0,2,2,7,2,2,1,1,0,1,0
Holanda_Eredivisie,2526,31/08/2025,NAC Breda,AZ Alkmaar,0,1,0,0,6,8,1,0,1,0,0,0,0
Holanda_Eredivisie,2526,13/09/2025,Ajax,Zwolle,3,1,2,0,7,3,4,2,1,1,1,1,1
Holanda_Eredivisie,2526,13/09/2025,Go Ahead Eagles,Volendam,3,0,3,0,13,1,3,3,1,1,1,1,0
Holanda_Eredivisie,2526,13/09/2025,Nijmegen,PSV Eindhoven,3,5,1,3,7,11,8,4,1,1,1,1,1
Holanda_Eredivisie,2526,13/09/2025,Feyenoord,Heerenveen,1,0,1,0,5,1,1,1,1,0,0,1,0
Holanda_Eredivisie,2526,13/09/2025,Twente,NAC Breda,2,2,0,1,6,5,4,1,1,1,1,1,1
Holanda_Eredivisie,2526,14/09/2025,Excelsior,Sparta Rotterdam,0,1,0,0,4,7,1,0,1,0,0,0,0
Holanda_Eredivisie,2526,14/09/2025,Heracles,AZ Alkmaar,1,2,1,1,6,8,3,2,1,1,1,1,1
Holanda_Eredivisie,2526,14/09/2025,Utrecht,Groningen,0,1,0,0,3,6,1,0,1,0,0,0,0
Holanda_Eredivisie,2526,14/09/2025,Telstar,For Sittard,1,3,1,1,7,6,4,2,1,1,1,1,1
Holanda_Eredivisie,2526,17/09/2025,Feyenoord,For Sittard,2,0,1,0,5,0,2,1,1,1,0,1,0
Holanda_Eredivisie,2526,19/09/2025,Sparta Rotterdam,Twente,1,5,1,1,2,11,6,2,1,1,1,1,1
Holanda_Eredivisie,2526,20/09/2025,Volendam,Excelsior,1,2,1,1,7,6,3,2,1,1,1,1,1
Holanda_Eredivisie,2526,20/09/2025,Groningen,Telstar,2,0,1,0,6,3,2,1,1,1,0,1,0
Holanda_Eredivisie,2526,20/09/2025,For Sittard,Utrecht,1,0,1,0,3,5,1,1,1,0,0,1,0
Holanda_Eredivisie,2526,20/09/2025,NAC Breda,Heracles,2,1,0,1,4,5,3,1,1,1,1,1,1
Holanda_Eredivisie,2526,21/09/2025,Zwolle,Go Ahead Eagles,0,2,0,0,1,9,2,0,1,1,0,0,0
Holanda_Eredivisie,2526,21/09/2025,Heerenveen,Nijmegen,3,2,1,0,8,6,5,1,1,1,1,1,1
Holanda_Eredivisie,2526,21/09/2025,PSV Eindhoven,Ajax,2,2,1,1,8,6,4,2,1,1,1,1,1
Holanda_Eredivisie,2526,21/09/2025,AZ Alkmaar,Feyenoord,3,3,1,1,5,3,6,2,1,1,1,1,1
Holanda_Eredivisie,2526,24/09/2025,AZ Alkmaar,Zwolle,2,2,2,1,9,4,4,3,1,1,1,1,1
Holanda_Eredivisie,2526,26/09/2025,Twente,For Sittard,3,2,1,0,10,4,5,1,1,1,1,1,1
Holanda_Eredivisie,2526,27/09/2025,Ajax,NAC Breda,2,1,1,1,7,7,3,2,1,1,1,1,1
Holanda_Eredivisie,2526,27/09/2025,Volendam,Zwolle,2,1,1,1,3,2,3,2,1,1,1,1,1
Holanda_Eredivisie,2526,27/09/2025,Excelsior,PSV Eindhoven,1,2,1,1,5,8,3,2,1,1,1,1,1
Holanda_Eredivisie,2526,27/09/2025,Heracles,Sparta Rotterdam,3,0,1,0,5,5,3,1,1,1,1,1,0
Holanda_Eredivisie,2526,28/09/2025,Nijmegen,AZ Alkmaar,2,1,1,0,4,2,3,1,1,1,1,1,1
Holanda_Eredivisie,2526,28/09/2025,Groningen,Feyenoord,0,1,0,0,5,5,1,0,1,0,0,0,0
Holanda_Eredivisie,2526,28/09/2025,Utrecht,Heerenveen,2,2,1,1,5,4,4,2,1,1,1,1,1
Holanda_Eredivisie,2526,28/09/2025,Telstar,Go Ahead Eagles,4,2,2,1,9,4,6,3,1,1,1,1,1
Holanda_Eredivisie,2526,03/10/2025,NAC Breda,Groningen,1,2,0,1,4,9,3,1,1,1,1,1,1
Holanda_Eredivisie,2526,04/10/2025,Sparta Rotterdam,Ajax,3,3,1,1,5,4,6,2,1,1,1,1,1
Holanda_Eredivisie,2526,04/10/2025,For Sittard,Volendam,1,0,1,0,3,1,1,1,1,0,0,1,0
Holanda_Eredivisie,2526,04/10/2025,Zwolle,PSV Eindhoven,0,4,0,2,0,9,4,2,1,1,1,1,0
Holanda_Eredivisie,2526,04/10/2025,Heerenveen,Excelsior,2,1,0,1,4,2,3,1,1,1,1,1,1
Holanda_Eredivisie,2526,05/10/2025,Twente,Heracles,2,1,0,1,9,2,3,1,1,1,1,1,1
Holanda_Eredivisie,2526,05/10/2025,Feyenoord,Utrecht,3,2,1,0,10,4,5,1,1,1,1,1,1
Holanda_Eredivisie,2526,05/10/2025,AZ Alkmaar,Telstar,2,1,2,0,10,5,3,2,1,1,1,1,1
Holanda_Eredivisie,2526,05/10/2025,Go Ahead Eagles,Nijmegen,1,1,0,1,3,7,2,1,1,1,0,1,1
Holanda_Eredivisie,2526,18/10/2025,Nijmegen,Twente,3,3,1,1,4,3,6,2,1,1,1,1,1
Holanda_Eredivisie,2526,18/10/2025,PSV Eindhoven,Go Ahead Eagles,2,1,1,0,8,2,3,1,1,1,1,1,1
Holanda_Eredivisie,2526,18/10/2025,Utrecht,Volendam,3,1,0,1,6,3,4,1,1,1,1,1,1
Holanda_Eredivisie,2526,18/10/2025,Ajax,AZ Alkmaar,0,2,0,2,6,3,2,2,1,1,0,1,0
Holanda_Eredivisie,2526,18/10/2025,NAC Breda,Zwolle,2,2,2,1,6,3,4,3,1,1,1,1,1
Holanda_Eredivisie,2526,19/10/2025,Telstar,Heerenveen,2,3,1,2,6,7,5,3,1,1,1,1,1
Holanda_Eredivisie,2526,19/10/2025,Excelsior,For Sittard,1,0,1,0,5,6,1,1,1,0,0,1,0
Holanda_Eredivisie,2526,19/10/2025,Groningen,Sparta Rotterdam,0,2,0,1,0,2,2,1,1,1,0,1,0
Holanda_Eredivisie,2526,19/10/2025,Heracles,Feyenoord,0,7,0,4,0,12,7,4,1,1,1,1,0
Holanda_Eredivisie,2526,24/10/2025,Heerenveen,NAC Breda,3,3,1,0,4,4,6,1,1,1,1,1,1
Holanda_Eredivisie,2526,25/10/2025,For Sittard,Groningen,1,2,0,1,3,10,3,1,1,1,1,1,1
Holanda_Eredivisie,2526,25/10/2025,Sparta Rotterdam,Telstar,1,0,1,0,6,3,1,1,1,0,0,1,0
Holanda_Eredivisie,2526,25/10/2025,Volendam,Heracles,3,0,1,0,7,2,3,1,1,1,1,1,0
Holanda_Eredivisie,2526,25/10/2025,Zwolle,Nijmegen,2,2,1,1,6,3,4,2,1,1,1,1,1
Holanda_Eredivisie,2526,26/10/2025,Twente,Ajax,2,3,1,0,5,6,5,1,1,1,1,1,1
Holanda_Eredivisie,2526,26/10/2025,Feyenoord,PSV Eindhoven,2,3,0,1,6,6,5,1,1,1,1,1,1
Holanda_Eredivisie,2526,26/10/2025,AZ Alkmaar,Utrecht,4,1,2,0,7,2,5,2,1,1,1,1,1
Holanda_Eredivisie,2526,26/10/2025,Go Ahead Eagles,Excelsior,2,0,0,0,4,2,2,0,1,1,0,0,0
Holanda_Eredivisie,2526,31/10/2025,PSV Eindhoven,For Sittard,5,2,3,0,6,4,7,3,1,1,1,1,1
Holanda_Eredivisie,2526,01/11/2025,Ajax,Heerenveen,1,1,1,0,2,7,2,1,1,1,0,1,1
Holanda_Eredivisie,2526,01/11/2025,NAC Breda,Go Ahead Eagles,1,0,0,0,2,2,1,0,1,0,0,0,0
Holanda_Eredivisie,2526,01/11/2025,Feyenoord,Volendam,3,1,2,0,9,1,4,2,1,1,1,1,1
Holanda_Eredivisie,2526,01/11/2025,Telstar,Excelsior,2,2,2,1,8,8,4,3,1,1,1,1,1
Holanda_Eredivisie,2526,02/11/2025,Heracles,Zwolle,8,2,4,1,11,4,10,5,1,1,1,1,1
Holanda_Eredivisie,2526,02/11/2025,Groningen,Twente,1,1,0,0,7,4,2,0,1,1,0,0,1
Holanda_Eredivisie,2526,02/11/2025,Sparta Rotterdam,AZ Alkmaar,0,1,0,0,3,14,1,0,1,0,0,0,0
Holanda_Eredivisie,2526,02/11/2025,Utrecht,Nijmegen,1,0,1,0,4,5,1,1,1,0,0,1,0
Holanda_Eredivisie,2526,07/11/2025,Twente,Telstar,0,0,0,0,7,0,0,0,0,0,0,0,0
Holanda_Eredivisie,2526,08/11/2025,Excelsior,Heracles,1,2,1,0,5,5,3,1,1,1,1,1,1
Holanda_Eredivisie,2526,08/11/2025,Volendam,NAC Breda,2,1,0,1,5,2,3,1,1,1,1,1,1
Holanda_Eredivisie,2526,08/11/2025,For Sittard,Heerenveen,2,0,0,0,5,8,2,0,1,1,0,0,0
Holanda_Eredivisie,2526,08/11/2025,Zwolle,Sparta Rotterdam,1,0,1,0,3,1,1,1,1,0,0,1,0
Holanda_Eredivisie,2526,09/11/2025,Utrecht,Ajax,2,1,1,0,6,4,3,1,1,1,1,1,1
Holanda_Eredivisie,2526,09/11/2025,Nijmegen,Groningen,2,0,0,0,5,4,2,0,1,1,0,0,0
Holanda_Eredivisie,2526,09/11/2025,AZ Alkmaar,PSV Eindhoven,1,5,1,3,3,6,6,4,1,1,1,1,1
Holanda_Eredivisie,2526,09/11/2025,Go Ahead Eagles,Feyenoord,2,1,1,0,5,6,3,1,1,1,1,1,1
Holanda_Eredivisie,2526,22/11/2025,NAC Breda,PSV Eindhoven,0,1,0,1,3,4,1,1,1,0,0,1,0
Holanda_Eredivisie,2526,22/11/2025,Ajax,Excelsior,1,2,0,1,5,4,3,1,1,1,1,1,1
Holanda_Eredivisie,2526,22/11/2025,Volendam,Twente,1,1,0,0,4,6,2,0,1,1,0,0,1
Holanda_Eredivisie,2526,22/11/2025,Heracles,Go Ahead Eagles,4,2,1,2,12,4,6,3,1,1,1,1,1
Holanda_Eredivisie,2526,22/11/2025,Sparta Rotterdam,For Sittard,1,1,1,0,4,7,2,1,1,1,0,1,1
Holanda_Eredivisie,2526,23/11/2025,Heerenveen,AZ Alkmaar,3,1,2,0,9,5,4,2,1,1,1,1,1
Holanda_Eredivisie,2526,23/11/2025,Feyenoord,Nijmegen,2,4,1,1,5,12,6,2,1,1,1,1,1
Holanda_Eredivisie,2526,23/11/2025,Telstar,Utrecht,1,1,0,0,3,3,2,0,1,1,0,0,1
Holanda_Eredivisie,2526,23/11/2025,Groningen,Zwolle,2,2,1,1,13,3,4,2,1,1,1,1,1
Holanda_Eredivisie,2526,28/11/2025,Zwolle,Heerenveen,2,1,2,1,4,7,3,3,1,1,1,1,1
Holanda_Eredivisie,2526,29/11/2025,Excelsior,NAC Breda,1,0,1,0,2,3,1,1,1,0,0,1,0
Holanda_Eredivisie,2526,29/11/2025,For Sittard,Heracles,1,1,1,0,5,3,2,1,1,1,0,1,1
Holanda_Eredivisie,2526,29/11/2025,Nijmegen,Sparta Rotterdam,3,1,2,0,7,5,4,2,1,1,1,1,1
Holanda_Eredivisie,2526,30/11/2025,PSV Eindhoven,Volendam,3,0,2,0,8,2,3,2,1,1,1,1,0
Holanda_Eredivisie,2526,30/11/2025,Go Ahead Eagles,Utrecht,2,2,0,1,6,8,4,1,1,1,1,1,1
Holanda_Eredivisie,2526,30/11/2025,Telstar,Feyenoord,1,2,0,1,2,7,3,1,1,1,1,1,1
Holanda_Eredivisie,2526,30/11/2025,Twente,AZ Alkmaar,1,0,0,0,2,1,1,0,1,0,0,0,0
Holanda_Eredivisie,2526,02/12/2025,Ajax,Groningen,2,0,1,0,6,7,2,1,1,1,0,1,0
Holanda_Eredivisie,2526,05/12/2025,Excelsior,Groningen,0,2,0,0,6,8,2,0,1,1,0,0,0
Holanda_Eredivisie,2526,06/12/2025,Heerenveen,PSV Eindhoven,0,2,0,2,3,7,2,2,1,1,0,1,0
Holanda_Eredivisie,2526,06/12/2025,For Sittard,Ajax,1,3,1,1,7,4,4,2,1,1,1,1,1
Holanda_Eredivisie,2526,06/12/2025,Heracles,Telstar,1,1,0,0,6,2,2,0,1,1,0,0,1
Holanda_Eredivisie,2526,06/12/2025,Feyenoord,Zwolle,6,1,4,0,12,4,7,4,1,1,1,1,1
Holanda_Eredivisie,2526,07/12/2025,Utrecht,Twente,1,1,0,0,4,6,2,0,1,1,0,0,1
Holanda_Eredivisie,2526,07/12/2025,AZ Alkmaar,Go Ahead Eagles,2,2,2,1,7,7,4,3,1,1,1,1,1
Holanda_Eredivisie,2526,07/12/2025,Volendam,Nijmegen,2,3,1,0,5,7,5,1,1,1,1,1,1
Holanda_Eredivisie,2526,07/12/2025,Sparta Rotterdam,NAC Breda,1,0,1,0,6,9,1,1,1,0,0,1,0
Holanda_Eredivisie,2526,13/12/2025,Telstar,Nijmegen,2,2,1,1,4,8,4,2,1,1,1,1,1
Holanda_Eredivisie,2526,13/12/2025,Groningen,Volendam,3,0,1,0,7,1,3,1,1,1,1,1,0
Holanda_Eredivisie,2526,13/12/2025,PSV Eindhoven,Heracles,4,3,2,1,6,6,7,3,1,1,1,1,1
Holanda_Eredivisie,2526,13/12/2025,Zwolle,For Sittard,1,0,1,0,3,3,1,1,1,0,0,1,0
Holanda_Eredivisie,2526,14/12/2025,Sparta Rotterdam,Heerenveen,0,3,0,1,3,5,3,1,1,1,1,1,0
Holanda_Eredivisie,2526,14/12/2025,Ajax,Feyenoord,2,0,1,0,7,1,2,1,1,1,0,1,0
Holanda_Eredivisie,2526,14/12/2025,Twente,Go Ahead Eagles,2,0,2,0,7,2,2,2,1,1,0,1,0
Holanda_Eredivisie,2526,14/12/2025,NAC Breda,Utrecht,1,1,1,1,3,6,2,2,1,1,0,1,1
Holanda_Eredivisie,2526,20/12/2025,Heracles,Heerenveen,0,3,0,0,2,8,3,0,1,1,1,0,0
Holanda_Eredivisie,2526,20/12/2025,Excelsior,Zwolle,2,1,1,0,4,3,3,1,1,1,1,1,1
Holanda_Eredivisie,2526,20/12/2025,Nijmegen,Ajax,2,2,1,2,6,8,4,3,1,1,1,1,1
Holanda_Eredivisie,2526,20/12/2025,NAC Breda,Telstar,0,1,0,0,2,4,1,0,1,0,0,0,0
Holanda_Eredivisie,2526,21/12/2025,Utrecht,PSV Eindhoven,1,2,1,0,3,8,3,1,1,1,1,1,1
Holanda_Eredivisie,2526,21/12/2025,Feyenoord,Twente,1,1,0,1,4,11,2,1,1,1,0,1,1
Holanda_Eredivisie,2526,21/12/2025,Go Ahead Eagles,Groningen,1,1,1,0,3,3,2,1,1,1,0,1,1
Holanda_Eredivisie,2526,21/12/2025,For Sittard,AZ Alkmaar,4,3,2,2,6,9,7,4,1,1,1,1,1
Holanda_Eredivisie,2526,21/12/2025,Volendam,Sparta Rotterdam,0,1,0,0,5,10,1,0,1,0,0,0,0
Holanda_Eredivisie,2526,10/01/2026,AZ Alkmaar,Volendam,1,0,1,0,8,2,1,1,1,0,0,1,0
Holanda_Eredivisie,2526,10/01/2026,Twente,Zwolle,1,1,0,0,7,1,2,0,1,1,0,0,1
Holanda_Eredivisie,2526,10/01/2026,PSV Eindhoven,Excelsior,5,1,4,1,8,3,6,5,1,1,1,1,1
Holanda_Eredivisie,2526,10/01/2026,Groningen,NAC Breda,0,0,0,0,5,2,0,0,0,0,0,0,0
Holanda_Eredivisie,2526,11/01/2026,Heerenveen,Feyenoord,2,2,1,2,7,3,4,3,1,1,1,1,1
Holanda_Eredivisie,2526,11/01/2026,Go Ahead Eagles,For Sittard,2,2,1,1,8,5,4,2,1,1,1,1,1
Holanda_Eredivisie,2526,11/01/2026,Telstar,Ajax,2,3,0,2,3,10,5,2,1,1,1,1,1
Holanda_Eredivisie,2526,11/01/2026,Sparta Rotterdam,Heracles,2,0,1,0,9,2,2,1,1,1,0,1,0
Holanda_Eredivisie,2526,17/01/2026,Ajax,Go Ahead Eagles,2,2,2,0,6,6,4,2,1,1,1,1,1
Holanda_Eredivisie,2526,17/01/2026,Zwolle,AZ Alkmaar,3,1,2,0,5,4,4,2,1,1,1,1,1
Holanda_Eredivisie,2526,17/01/2026,Excelsior,Telstar,2,2,0,0,3,3,4,0,1,1,1,0,1
Holanda_Eredivisie,2526,17/01/2026,For Sittard,PSV Eindhoven,1,2,1,1,1,8,3,2,1,1,1,1,1
Holanda_Eredivisie,2526,17/01/2026,NAC Breda,Nijmegen,3,4,1,2,5,8,7,3,1,1,1,1,1
Holanda_Eredivisie,2526,18/01/2026,Heerenveen,Groningen,0,2,0,0,4,6,2,0,1,1,0,0,0
Holanda_Eredivisie,2526,18/01/2026,Heracles,Twente,0,2,0,1,2,6,2,1,1,1,0,1,0
Holanda_Eredivisie,2526,18/01/2026,Volendam,Utrecht,2,1,2,0,3,5,3,2,1,1,1,1,1
Holanda_Eredivisie,2526,18/01/2026,Feyenoord,Sparta Rotterdam,3,4,0,1,12,5,7,1,1,1,1,1,1
Holanda_Eredivisie,2526,21/01/2026,AZ Alkmaar,Excelsior,1,1,0,0,4,2,2,0,1,1,0,0,1
Holanda_Eredivisie,2526,24/01/2026,Ajax,Volendam,2,0,2,0,14,2,2,2,1,1,0,1,0
Holanda_Eredivisie,2526,24/01/2026,Nijmegen,Zwolle,2,1,1,1,2,6,3,2,1,1,1,1,1
Holanda_Eredivisie,2526,24/01/2026,PSV Eindhoven,NAC Breda,2,2,1,2,4,2,4,3,1,1,1,1,1
Holanda_Eredivisie,2526,24/01/2026,Twente,Excelsior,0,0,0,0,3,1,0,0,0,0,0,0,0
Holanda_Eredivisie,2526,25/01/2026,Telstar,AZ Alkmaar,0,1,0,0,3,4,1,0,1,0,0,0,0
Holanda_Eredivisie,2526,25/01/2026,Groningen,For Sittard,1,2,1,2,5,6,3,3,1,1,1,1,1
Holanda_Eredivisie,2526,25/01/2026,Feyenoord,Heracles,4,2,2,1,8,3,6,3,1,1,1,1,1
Holanda_Eredivisie,2526,25/01/2026,Utrecht,Sparta Rotterdam,0,1,0,1,5,3,1,1,1,0,0,1,0
Holanda_Eredivisie,2526,30/01/2026,NAC Breda,Twente,2,2,0,1,10,9,4,1,1,1,1,1,1
Holanda_Eredivisie,2526,31/01/2026,AZ Alkmaar,Nijmegen,1,3,1,2,2,8,4,3,1,1,1,1,1
Holanda_Eredivisie,2526,31/01/2026,Zwolle,Telstar,4,1,1,0,9,8,5,1,1,1,1,1,1
Holanda_Eredivisie,2526,31/01/2026,Sparta Rotterdam,Groningen,2,0,0,0,5,2,2,0,1,1,0,0,0
Holanda_Eredivisie,2526,01/02/2026,Excelsior,Ajax,2,2,0,2,5,3,4,2,1,1,1,1,1
Holanda_Eredivisie,2526,01/02/2026,Heracles,For Sittard,2,1,2,1,7,6,3,3,1,1,1,1,1
Holanda_Eredivisie,2526,01/02/2026,PSV Eindhoven,Feyenoord,3,0,3,0,7,2,3,3,1,1,1,1,0
Holanda_Eredivisie,2526,01/02/2026,Heerenveen,Utrecht,1,1,1,0,3,4,2,1,1,1,0,1,1
Holanda_Eredivisie,2526,01/02/2026,Volendam,Go Ahead Eagles,1,1,0,1,4,5,2,1,1,1,0,1,1
Holanda_Eredivisie,2526,06/02/2026,NAC Breda,Excelsior,0,2,0,2,6,6,2,2,1,1,0,1,0
Holanda_Eredivisie,2526,07/02/2026,Nijmegen,Heracles,4,1,2,1,6,2,5,3,1,1,1,1,1
Holanda_Eredivisie,2526,07/02/2026,Zwolle,Volendam,1,2,1,1,4,7,3,2,1,1,1,1,1
Holanda_Eredivisie,2526,07/02/2026,Twente,Heerenveen,5,0,2,0,14,0,5,2,1,1,1,1,0
Holanda_Eredivisie,2526,07/02/2026,For Sittard,Sparta Rotterdam,2,2,1,0,3,5,4,1,1,1,1,1,1
Holanda_Eredivisie,2526,08/02/2026,Utrecht,Feyenoord,0,1,0,1,5,4,1,1,1,0,0,1,0
Holanda_Eredivisie,2526,08/02/2026,AZ Alkmaar,Ajax,1,1,0,0,6,2,2,0,1,1,0,0,1
Holanda_Eredivisie,2526,08/02/2026,Go Ahead Eagles,Telstar,1,1,0,0,11,2,2,0,1,1,0,0,1
Holanda_Eredivisie,2526,08/02/2026,Groningen,PSV Eindhoven,1,2,1,0,4,5,3,1,1,1,1,1,1
Holanda_Eredivisie,2526,11/02/2026,Go Ahead Eagles,Heerenveen,1,3,0,0,6,10,4,0,1,1,1,0,1
Holanda_Eredivisie,2526,11/02/2026,Nijmegen,Utrecht,1,3,0,2,7,5,4,2,1,1,1,1,1
Holanda_Eredivisie,2526,13/02/2026,Volendam,PSV Eindhoven,2,1,0,0,4,5,3,0,1,1,1,0,1
Holanda_Eredivisie,2526,14/02/2026,Heracles,NAC Breda,0,1,0,0,3,5,1,0,1,0,0,0,0
Holanda_Eredivisie,2526,14/02/2026,Excelsior,AZ Alkmaar,1,2,1,0,2,7,3,1,1,1,1,1,1
Holanda_Eredivisie,2526,14/02/2026,Ajax,For Sittard,4,1,3,1,8,1,5,4,1,1,1,1,1
Holanda_Eredivisie,2526,14/02/2026,Groningen,Utrecht,1,2,0,0,2,7,3,0,1,1,1,0,1
Holanda_Eredivisie,2526,15/02/2026,Feyenoord,Go Ahead Eagles,1,0,0,0,8,0,1,0,1,0,0,0,0
Holanda_Eredivisie,2526,15/02/2026,Heerenveen,Zwolle,4,2,1,2,5,6,6,3,1,1,1,1,1
Holanda_Eredivisie,2526,15/02/2026,Telstar,Twente,1,1,1,0,4,7,2,1,1,1,0,1,1
Holanda_Eredivisie,2526,17/02/2026,Sparta Rotterdam,Nijmegen,1,1,0,0,5,5,2,0,1,1,0,0,1
Holanda_Eredivisie,2526,20/02/2026,For Sittard,Excelsior,2,1,1,0,6,4,3,1,1,1,1,1,1
Holanda_Eredivisie,2526,21/02/2026,PSV Eindhoven,Heerenveen,3,1,1,1,7,4,4,2,1,1,1,1,1
Holanda_Eredivisie,2526,21/02/2026,NAC Breda,Volendam,1,0,0,0,3,1,1,0,1,0,0,0,0
Holanda_Eredivisie,2526,21/02/2026,Ajax,Nijmegen,1,1,1,0,4,9,2,1,1,1,0,1,1
Holanda_Eredivisie,2526,22/02/2026,Twente,Groningen,2,1,1,1,4,3,3,2,1,1,1,1,1
Holanda_Eredivisie,2526,22/02/2026,Go Ahead Eagles,Heracles,4,0,1,0,6,2,4,1,1,1,1,1,0
Holanda_Eredivisie,2526,22/02/2026,Utrecht,Zwolle,1,1,1,0,3,4,2,1,1,1,0,1,1
Holanda_Eredivisie,2526,22/02/2026,AZ Alkmaar,Sparta Rotterdam,3,1,0,0,5,4,4,0,1,1,1,0,1
Holanda_Eredivisie,2526,22/02/2026,Feyenoord,Telstar,2,1,2,1,10,6,3,3,1,1,1,1,1
Holanda_Eredivisie,2526,27/02/2026,Telstar,NAC Breda,3,0,1,0,7,1,3,1,1,1,1,1,0
Holanda_Eredivisie,2526,28/02/2026,Heerenveen,Sparta Rotterdam,2,1,1,0,4,3,3,1,1,1,1,1,1
Holanda_Eredivisie,2526,28/02/2026,Heracles,PSV Eindhoven,1,3,0,3,3,15,4,3,1,1,1,1,1
Holanda_Eredivisie,2526,28/02/2026,Nijmegen,For Sittard,2,3,1,1,4,9,5,2,1,1,1,1,1
Holanda_Eredivisie,2526,01/03/2026,Zwolle,Ajax,0,0,0,0,2,2,0,0,0,0,0,0,0
Holanda_Eredivisie,2526,01/03/2026,Twente,Feyenoord,2,0,1,0,8,2,2,1,1,1,0,1,0
Holanda_Eredivisie,2526,01/03/2026,Volendam,Groningen,3,2,1,1,4,9,5,2,1,1,1,1,1
Holanda_Eredivisie,2526,01/03/2026,Utrecht,AZ Alkmaar,2,0,2,0,3,6,2,2,1,1,0,1,0
Holanda_Eredivisie,2526,01/03/2026,Excelsior,Go Ahead Eagles,0,1,0,0,7,1,1,0,1,0,0,0,0
Holanda_Eredivisie,2526,06/03/2026,Heracles,Utrecht,0,0,0,0,3,3,0,0,0,0,0,0,0
Holanda_Eredivisie,2526,07/03/2026,Groningen,Ajax,3,1,1,1,6,5,4,2,1,1,1,1,1
Holanda_Eredivisie,2526,07/03/2026,PSV Eindhoven,AZ Alkmaar,2,1,1,1,8,5,3,2,1,1,1,1,1
Holanda_Eredivisie,2526,07/03/2026,Excelsior,Heerenveen,1,2,0,1,5,5,3,1,1,1,1,1,1
Holanda_Eredivisie,2526,08/03/2026,Sparta Rotterdam,Zwolle,1,1,0,0,7,6,2,0,1,1,0,0,1
Holanda_Eredivisie,2526,08/03/2026,For Sittard,Telstar,1,4,1,2,4,10,5,3,1,1,1,1,1
Holanda_Eredivisie,2526,08/03/2026,Go Ahead Eagles,Twente,1,4,0,2,7,5,5,2,1,1,1,1,1
Holanda_Eredivisie,2526,08/03/2026,NAC Breda,Feyenoord,3,3,3,2,4,5,6,5,1,1,1,1,1
Holanda_Eredivisie,2526,08/03/2026,Nijmegen,Volendam,3,0,1,0,11,3,3,1,1,1,1,1,0
Holanda_Eredivisie,2526,13/03/2026,Zwolle,Groningen,1,1,0,0,6,6,2,0,1,1,0,0,1
Holanda_Eredivisie,2526,14/03/2026,Volendam,For Sittard,1,2,0,2,5,4,3,2,1,1,1,1,1
Holanda_Eredivisie,2526,14/03/2026,PSV Eindhoven,Nijmegen,2,3,1,2,6,6,5,3,1,1,1,1,1
Holanda_Eredivisie,2526,14/03/2026,Heerenveen,Telstar,3,0,1,0,9,6,3,1,1,1,1,1,0
Holanda_Eredivisie,2526,14/03/2026,Ajax,Sparta Rotterdam,4,0,2,0,10,1,4,2,1,1,1,1,0
Holanda_Eredivisie,2526,15/03/2026,Twente,Utrecht,0,2,0,1,4,8,2,1,1,1,0,1,0
Holanda_Eredivisie,2526,15/03/2026,AZ Alkmaar,Heracles,4,0,2,0,7,2,4,2,1,1,1,1,0
Holanda_Eredivisie,2526,15/03/2026,Feyenoord,Excelsior,2,1,0,1,9,3,3,1,1,1,1,1,1
Holanda_Eredivisie,2526,15/03/2026,Go Ahead Eagles,NAC Breda,6,0,3,0,6,3,6,3,1,1,1,1,0
Holanda_Eredivisie,2526,20/03/2026,Heracles,Excelsior,1,1,1,0,4,4,2,1,1,1,0,1,1
Holanda_Eredivisie,2526,21/03/2026,For Sittard,Twente,1,2,1,0,5,2,3,1,1,1,1,1,1
Holanda_Eredivisie,2526,21/03/2026,Sparta Rotterdam,Volendam,2,0,2,0,9,3,2,2,1,1,0,1,0
Holanda_Eredivisie,2526,21/03/2026,Zwolle,NAC Breda,2,1,2,0,2,6,3,2,1,1,1,1,1
Holanda_Eredivisie,2526,22/03/2026,Nijmegen,Heerenveen,2,2,1,2,10,5,4,3,1,1,1,1,1
Holanda_Eredivisie,2526,22/03/2026,Feyenoord,Ajax,1,1,0,0,5,2,2,0,1,1,0,0,1
Holanda_Eredivisie,2526,22/03/2026,Utrecht,Go Ahead Eagles,2,0,2,0,10,6,2,2,1,1,0,1,0
Holanda_Eredivisie,2526,22/03/2026,Groningen,AZ Alkmaar,3,0,1,0,5,7,3,1,1,1,1,1,0
Holanda_Eredivisie,2526,22/03/2026,Telstar,PSV Eindhoven,3,1,1,0,8,8,4,1,1,1,1,1,1
Holanda_Eredivisie,2526,04/04/2026,PSV Eindhoven,Utrecht,4,3,1,2,8,7,7,3,1,1,1,1,1
Holanda_Eredivisie,2526,04/04/2026,AZ Alkmaar,For Sittard,2,0,2,0,6,4,2,2,1,1,0,1,0
Holanda_Eredivisie,2526,04/04/2026,Telstar,Groningen,0,2,0,1,3,11,2,1,1,1,0,1,0
Holanda_Eredivisie,2526,04/04/2026,Ajax,Twente,1,2,1,1,2,7,3,2,1,1,1,1,1
Holanda_Eredivisie,2526,04/04/2026,Excelsior,Nijmegen,0,2,0,1,4,5,2,1,1,1,0,1,0
Holanda_Eredivisie,2526,05/04/2026,Go Ahead Eagles,Zwolle,5,0,3,0,12,1,5,3,1,1,1,1,0
Holanda_Eredivisie,2526,05/04/2026,Heerenveen,Heracles,4,1,2,1,14,4,5,3,1,1,1,1,1
Holanda_Eredivisie,2526,05/04/2026,Volendam,Feyenoord,0,0,0,0,4,4,0,0,0,0,0,0,0
Holanda_Eredivisie,2526,05/04/2026,NAC Breda,Sparta Rotterdam,0,0,0,0,4,3,0,0,0,0,0,0,0
Holanda_Eredivisie,2526,10/04/2026,Twente,Volendam,2,1,2,0,9,4,3,2,1,1,1,1,1
Holanda_Eredivisie,2526,11/04/2026,Utrecht,Telstar,4,1,1,0,9,7,5,1,1,1,1,1,1
Holanda_Eredivisie,2526,11/04/2026,Sparta Rotterdam,PSV Eindhoven,0,2,0,1,4,5,2,1,1,1,0,1,0
Holanda_Eredivisie,2526,11/04/2026,Groningen,Go Ahead Eagles,0,0,0,0,5,2,0,0,0,0,0,0,0
Holanda_Eredivisie,2526,11/04/2026,Heracles,Ajax,0,3,0,2,3,6,3,2,1,1,1,1,0
Holanda_Eredivisie,2526,12/04/2026,For Sittard,NAC Breda,1,1,0,0,2,7,2,0,1,1,0,0,1
Holanda_Eredivisie,2526,12/04/2026,Nijmegen,Feyenoord,1,1,0,1,4,5,2,1,1,1,0,1,1
Holanda_Eredivisie,2526,12/04/2026,Zwolle,Excelsior,2,2,1,1,5,3,4,2,1,1,1,1,1
Holanda_Eredivisie,2526,12/04/2026,AZ Alkmaar,Heerenveen,3,0,2,0,10,1,3,2,1,1,1,1,0
Holanda_Eredivisie,2526,22/04/2026,Telstar,Sparta Rotterdam,4,1,1,1,4,2,5,2,1,1,1,1,1
Holanda_Eredivisie,2526,23/04/2026,Go Ahead Eagles,AZ Alkmaar,0,0,0,0,4,4,0,0,0,0,0,0,0
Holanda_Eredivisie,2526,23/04/2026,PSV Eindhoven,Zwolle,6,1,1,0,11,4,7,1,1,1,1,1,1
Holanda_Eredivisie,2526,25/04/2026,Feyenoord,Groningen,3,1,2,0,4,2,4,2,1,1,1,1,1
Holanda_Eredivisie,2526,25/04/2026,Heerenveen,For Sittard,2,1,1,1,5,7,3,2,1,1,1,1,1
Holanda_Eredivisie,2526,25/04/2026,NAC Breda,Ajax,0,2,0,2,3,6,2,2,1,1,0,1,0
Holanda_Eredivisie,2526,25/04/2026,Twente,Nijmegen,1,1,1,1,8,6,2,2,1,1,0,1,1
Holanda_Eredivisie,2526,26/04/2026,Excelsior,Utrecht,5,0,2,0,9,3,5,2,1,1,1,1,0
Holanda_Eredivisie,2526,26/04/2026,Heracles,Volendam,0,2,0,0,4,8,2,0,1,1,0,0,0
Holanda_Eredivisie,2526,02/05/2026,Utrecht,NAC Breda,2,0,0,0,11,1,2,0,1,1,0,0,0
Holanda_Eredivisie,2526,02/05/2026,Groningen,Excelsior,2,3,1,1,5,9,5,2,1,1,1,1,1
Holanda_Eredivisie,2526,02/05/2026,Ajax,PSV Eindhoven,2,2,1,1,4,2,4,2,1,1,1,1,1
Holanda_Eredivisie,2526,02/05/2026,Nijmegen,Telstar,1,1,0,1,7,4,2,1,1,1,0,1,1
Holanda_Eredivisie,2526,03/05/2026,Volendam,Heerenveen,0,2,0,1,5,4,2,1,1,1,0,1,0
Holanda_Eredivisie,2526,03/05/2026,For Sittard,Feyenoord,1,2,0,0,3,7,3,0,1,1,1,0,1
Holanda_Eredivisie,2526,03/05/2026,Zwolle,Heracles,1,0,1,0,5,3,1,1,1,0,0,1,0
Holanda_Eredivisie,2526,03/05/2026,AZ Alkmaar,Twente,2,2,1,1,4,2,4,2,1,1,1,1,1
Holanda_Eredivisie,2526,03/05/2026,Sparta Rotterdam,Go Ahead Eagles,2,2,1,0,3,5,4,1,1,1,1,1,1
Holanda_Eredivisie,2526,10/05/2026,Ajax,Utrecht,1,2,0,0,6,6,3,0,1,1,1,0,1
Holanda_Eredivisie,2526,10/05/2026,Excelsior,Volendam,1,1,1,1,2,2,2,2,1,1,0,1,1
Holanda_Eredivisie,2526,10/05/2026,Feyenoord,AZ Alkmaar,1,1,0,1,5,3,2,1,1,1,0,1,1
Holanda_Eredivisie,2526,10/05/2026,For Sittard,Zwolle,3,2,1,0,4,3,5,1,1,1,1,1,1
Holanda_Eredivisie,2526,10/05/2026,Go Ahead Eagles,PSV Eindhoven,1,4,1,2,4,10,5,3,1,1,1,1,1
Holanda_Eredivisie,2526,10/05/2026,Groningen,Nijmegen,2,1,1,0,7,3,3,1,1,1,1,1,1
Holanda_Eredivisie,2526,10/05/2026,NAC Breda,Heerenveen,2,0,1,0,4,2,2,1,1,1,0,1,0
Holanda_Eredivisie,2526,10/05/2026,Telstar,Heracles,3,0,0,0,7,1,3,0,1,1,1,0,0
Holanda_Eredivisie,2526,10/05/2026,Twente,Sparta Rotterdam,4,0,0,0,13,1,4,0,1,1,1,0,0
Holanda_Eredivisie,2526,17/05/2026,AZ Alkmaar,NAC Breda,3,3,2,0,10,11,6,2,1,1,1,1,1
Holanda_Eredivisie,2526,17/05/2026,Heerenveen,Ajax,0,0,0,0,6,6,0,0,0,0,0,0,0
Holanda_Eredivisie,2526,17/05/2026,Heracles,Groningen,1,2,1,1,2,5,3,2,1,1,1,1,1
Holanda_Eredivisie,2526,17/05/2026,Nijmegen,Go Ahead Eagles,2,1,2,0,12,1,3,2,1,1,1,1,1
Holanda_Eredivisie,2526,17/05/2026,PSV Eindhoven,Twente,5,1,2,1,7,6,6,3,1,1,1,1,1
Holanda_Eredivisie,2526,17/05/2026,Sparta Rotterdam,Excelsior,2,3,0,1,5,4,5,1,1,1,1,1,1
Holanda_Eredivisie,2526,17/05/2026,Utrecht,For Sittard,2,0,1,0,5,2,2,1,1,1,0,1,0
Holanda_Eredivisie,2526,17/05/2026,Volendam,Telstar,1,2,1,1,8,2,3,2,1,1,1,1,1
Holanda_Eredivisie,2526,17/05/2026,Zwolle,Feyenoord,0,2,0,0,1,8,2,0,1,1,0,0,0
Belgica_Jupiler,2526,25/07/2025,Antwerp,St. Gilloise,1,1,1,0,4,8,2,1,1,1,0,1,1
Belgica_Jupiler,2526,26/07/2025,Dender,Cercle Brugge,0,0,0,0,3,2,0,0,0,0,0,0,0
Belgica_Jupiler,2526,26/07/2025,Waregem,Mechelen,1,1,0,1,5,2,2,1,1,1,0,1,1
Belgica_Jupiler,2526,26/07/2025,RAAL La Louviere,Standard,0,2,0,2,2,4,2,2,1,1,0,1,0
Belgica_Jupiler,2526,27/07/2025,Anderlecht,Westerlo,5,2,2,0,10,4,7,2,1,1,1,1,1
Belgica_Jupiler,2526,27/07/2025,Oud-Heverlee Leuven,Charleroi,2,2,1,0,3,7,4,1,1,1,1,1,1
Belgica_Jupiler,2526,27/07/2025,Club Brugge,Genk,2,1,0,1,4,10,3,1,1,1,1,1,1
Belgica_Jupiler,2526,27/07/2025,St Truiden,Gent,3,1,0,0,5,2,4,0,1,1,1,0,1
Belgica_Jupiler,2526,01/08/2025,Mechelen,Club Brugge,2,1,1,0,5,6,3,1,1,1,1,1,1
Belgica_Jupiler,2526,02/08/2025,Westerlo,Waregem,3,1,2,1,6,4,4,3,1,1,1,1,1
Belgica_Jupiler,2526,02/08/2025,Standard,Dender,1,1,0,0,6,2,2,0,1,1,0,0,1
Belgica_Jupiler,2526,02/08/2025,Gent,RAAL La Louviere,1,0,0,0,6,1,1,0,1,0,0,0,0
Belgica_Jupiler,2526,03/08/2025,Genk,Antwerp,1,1,1,1,3,5,2,2,1,1,0,1,1
Belgica_Jupiler,2526,03/08/2025,Cercle Brugge,Anderlecht,0,2,0,1,2,5,2,1,1,1,0,1,0
Belgica_Jupiler,2526,03/08/2025,St. Gilloise,Oud-Heverlee Leuven,5,0,2,0,10,0,5,2,1,1,1,1,0
Belgica_Jupiler,2526,03/08/2025,Charleroi,St Truiden,1,1,1,1,2,4,2,2,1,1,0,1,1
Belgica_Jupiler,2526,08/08/2025,St Truiden,Dender,2,0,1,0,3,2,2,1,1,1,0,1,0
Belgica_Jupiler,2526,09/08/2025,Club Brugge,Cercle Brugge,2,0,0,0,5,2,2,0,1,1,0,0,0
Belgica_Jupiler,2526,09/08/2025,Westerlo,Mechelen,0,1,0,0,2,3,1,0,1,0,0,0,0
Belgica_Jupiler,2526,09/08/2025,Gent,St. Gilloise,2,3,0,1,6,8,5,1,1,1,1,1,1
Belgica_Jupiler,2526,10/08/2025,RAAL La Louviere,Charleroi,1,0,1,0,2,4,1,1,1,0,0,1,0
Belgica_Jupiler,2526,10/08/2025,Anderlecht,Waregem,2,3,0,1,7,6,5,1,1,1,1,1,1
Belgica_Jupiler,2526,10/08/2025,Standard,Genk,2,1,1,0,5,5,3,1,1,1,1,1,1
Belgica_Jupiler,2526,10/08/2025,Antwerp,Oud-Heverlee Leuven,3,1,1,0,4,1,4,1,1,1,1,1,1
Belgica_Jupiler,2526,15/08/2025,Oud-Heverlee Leuven,Genk,1,2,1,2,7,7,3,3,1,1,1,1,1
Belgica_Jupiler,2526,16/08/2025,Waregem,Club Brugge,0,1,0,0,1,4,1,0,1,0,0,0,0
Belgica_Jupiler,2526,16/08/2025,Mechelen,Gent,1,1,1,0,3,11,2,1,1,1,0,1,1
Belgica_Jupiler,2526,16/08/2025,St. Gilloise,Standard,3,0,1,0,11,1,3,1,1,1,1,1,0
Belgica_Jupiler,2526,17/08/2025,Dender,Anderlecht,0,2,0,0,4,5,2,0,1,1,0,0,0
Belgica_Jupiler,2526,17/08/2025,St Truiden,RAAL La Louviere,2,1,1,0,7,5,3,1,1,1,1,1,1
Belgica_Jupiler,2526,17/08/2025,Charleroi,Antwerp,1,1,1,1,4,5,2,2,1,1,0,1,1
Belgica_Jupiler,2526,17/08/2025,Cercle Brugge,Westerlo,4,1,3,0,7,6,5,3,1,1,1,1,1
Belgica_Jupiler,2526,23/08/2025,Standard,Cercle Brugge,0,3,0,3,3,9,3,3,1,1,1,1,0
Belgica_Jupiler,2526,23/08/2025,Waregem,St Truiden,0,2,0,0,2,4,2,0,1,1,0,0,0
Belgica_Jupiler,2526,24/08/2025,Antwerp,Mechelen,2,1,1,1,2,8,3,2,1,1,1,1,1
Belgica_Jupiler,2526,24/08/2025,RAAL La Louviere,St. Gilloise,0,0,0,0,1,5,0,0,0,0,0,0,0
Belgica_Jupiler,2526,24/08/2025,Dender,Oud-Heverlee Leuven,0,1,0,0,2,4,1,0,1,0,0,0,0
Belgica_Jupiler,2526,29/08/2025,Cercle Brugge,St Truiden,1,1,1,1,4,5,2,2,1,1,0,1,1
Belgica_Jupiler,2526,30/08/2025,Mechelen,RAAL La Louviere,3,2,1,0,8,3,5,1,1,1,1,1,1
Belgica_Jupiler,2526,30/08/2025,Westerlo,Antwerp,2,0,1,0,9,3,2,1,1,1,0,1,0
Belgica_Jupiler,2526,30/08/2025,Charleroi,Dender,3,1,1,0,4,4,4,1,1,1,1,1,1
Belgica_Jupiler,2526,31/08/2025,Gent,Club Brugge,1,1,0,0,2,6,2,0,1,1,0,0,1
Belgica_Jupiler,2526,31/08/2025,Oud-Heverlee Leuven,Standard,1,0,0,0,3,1,1,0,1,0,0,0,0
Belgica_Jupiler,2526,31/08/2025,St. Gilloise,Anderlecht,2,0,1,0,5,4,2,1,1,1,0,1,0
Belgica_Jupiler,2526,31/08/2025,Genk,Waregem,3,2,2,2,4,3,5,4,1,1,1,1,1
Belgica_Jupiler,2526,12/09/2025,Standard,Mechelen,1,1,0,0,3,6,2,0,1,1,0,0,1
Belgica_Jupiler,2526,13/09/2025,Waregem,Oud-Heverlee Leuven,2,0,2,0,8,6,2,2,1,1,0,1,0
Belgica_Jupiler,2526,13/09/2025,Dender,St. Gilloise,0,1,0,0,2,4,1,0,1,0,0,0,0
Belgica_Jupiler,2526,13/09/2025,RAAL La Louviere,Club Brugge,1,0,1,0,4,6,1,1,1,0,0,1,0
Belgica_Jupiler,2526,14/09/2025,Antwerp,Gent,1,2,1,1,7,6,3,2,1,1,1,1,1
Belgica_Jupiler,2526,14/09/2025,Cercle Brugge,Charleroi,2,3,0,2,2,4,5,2,1,1,1,1,1
Belgica_Jupiler,2526,14/09/2025,Anderlecht,Genk,1,1,0,0,3,3,2,0,1,1,0,0,1
Belgica_Jupiler,2526,14/09/2025,St Truiden,Westerlo,0,3,0,1,3,6,3,1,1,1,1,1,0
Belgica_Jupiler,2526,17/09/2025,Genk,Charleroi,0,1,0,1,4,2,1,1,1,0,0,1,0
Belgica_Jupiler,2526,19/09/2025,Gent,Dender,3,0,1,0,3,4,3,1,1,1,1,1,0
Belgica_Jupiler,2526,20/09/2025,Oud-Heverlee Leuven,RAAL La Louviere,1,2,1,2,2,3,3,3,1,1,1,1,1
Belgica_Jupiler,2526,20/09/2025,Charleroi,Waregem,1,2,1,0,2,4,3,1,1,1,1,1,1
Belgica_Jupiler,2526,20/09/2025,Anderlecht,Antwerp,0,0,0,0,2,1,0,0,0,0,0,0,0
Belgica_Jupiler,2526,21/09/2025,Genk,St. Gilloise,1,2,0,1,7,6,3,1,1,1,1,1,1
Belgica_Jupiler,2526,21/09/2025,Westerlo,Standard,0,2,0,2,4,3,2,2,1,1,0,1,0
Belgica_Jupiler,2526,21/09/2025,Club Brugge,St Truiden,2,0,1,0,9,3,2,1,1,1,0,1,0
Belgica_Jupiler,2526,21/09/2025,Mechelen,Cercle Brugge,0,0,0,0,2,5,0,0,0,0,0,0,0
Belgica_Jupiler,2526,23/09/2025,Anderlecht,Gent,1,0,0,0,9,2,1,0,1,0,0,0,0
Belgica_Jupiler,2526,24/09/2025,Club Brugge,Westerlo,5,5,1,2,5,8,10,3,1,1,1,1,1
Belgica_Jupiler,2526,26/09/2025,Oud-Heverlee Leuven,Anderlecht,1,1,0,0,8,2,2,0,1,1,0,0,1
Belgica_Jupiler,2526,27/09/2025,Waregem,Antwerp,2,0,0,0,6,1,2,0,1,1,0,0,0
Belgica_Jupiler,2526,27/09/2025,Standard,Club Brugge,1,2,1,1,5,5,3,2,1,1,1,1,1
Belgica_Jupiler,2526,27/09/2025,St. Gilloise,Westerlo,2,0,0,0,6,2,2,0,1,1,0,0,0
Belgica_Jupiler,2526,28/09/2025,St Truiden,Genk,1,2,1,0,4,7,3,1,1,1,1,1,1
Belgica_Jupiler,2526,28/09/2025,Cercle Brugge,Gent,2,4,2,2,8,8,6,4,1,1,1,1,1
Belgica_Jupiler,2526,28/09/2025,Charleroi,Mechelen,0,2,0,2,6,3,2,2,1,1,0,1,0
Belgica_Jupiler,2526,28/09/2025,Dender,RAAL La Louviere,0,0,0,0,2,2,0,0,0,0,0,0,0
Belgica_Jupiler,2526,03/10/2025,Gent,Charleroi,2,1,1,1,3,7,3,2,1,1,1,1,1
Belgica_Jupiler,2526,04/10/2025,Mechelen,St Truiden,1,3,1,0,3,9,4,1,1,1,1,1,1
Belgica_Jupiler,2526,04/10/2025,RAAL La Louviere,Waregem,0,0,0,0,4,4,0,0,0,0,0,0,0
Belgica_Jupiler,2526,04/10/2025,Antwerp,Cercle Brugge,1,1,1,1,10,2,2,2,1,1,0,1,1
Belgica_Jupiler,2526,05/10/2025,Anderlecht,Standard,1,0,0,0,6,1,1,0,1,0,0,0,0
Belgica_Jupiler,2526,05/10/2025,Genk,Dender,2,1,1,1,8,9,3,2,1,1,1,1,1
Belgica_Jupiler,2526,05/10/2025,Club Brugge,St. Gilloise,1,0,0,0,2,1,1,0,1,0,0,0,0
Belgica_Jupiler,2526,05/10/2025,Westerlo,Oud-Heverlee Leuven,2,0,1,0,5,4,2,1,1,1,0,1,0
Belgica_Jupiler,2526,18/10/2025,RAAL La Louviere,Westerlo,0,0,0,0,1,0,0,0,0,0,0,0,0
Belgica_Jupiler,2526,18/10/2025,Oud-Heverlee Leuven,Club Brugge,0,1,0,0,5,4,1,0,1,0,0,0,0
Belgica_Jupiler,2526,18/10/2025,St. Gilloise,Charleroi,3,1,1,1,3,3,4,2,1,1,1,1,1
Belgica_Jupiler,2526,19/10/2025,Cercle Brugge,Genk,2,2,1,1,7,5,4,2,1,1,1,1,1
Belgica_Jupiler,2526,19/10/2025,Dender,Mechelen,1,3,0,1,6,6,4,1,1,1,1,1,1
Belgica_Jupiler,2526,19/10/2025,St Truiden,Anderlecht,2,2,1,2,3,4,4,3,1,1,1,1,1
Belgica_Jupiler,2526,19/10/2025,Waregem,Gent,4,1,3,0,8,5,5,3,1,1,1,1,1
Belgica_Jupiler,2526,20/10/2025,Standard,Antwerp,1,0,1,0,4,3,1,1,1,0,0,1,0
Belgica_Jupiler,2526,24/10/2025,Charleroi,Anderlecht,1,0,0,0,3,2,1,0,1,0,0,0,0
Belgica_Jupiler,2526,25/10/2025,Westerlo,Dender,1,1,0,1,6,3,2,1,1,1,0,1,1
Belgica_Jupiler,2526,25/10/2025,Mechelen,Oud-Heverlee Leuven,1,1,0,0,5,4,2,0,1,1,0,0,1
Belgica_Jupiler,2526,25/10/2025,Gent,Standard,4,0,3,0,6,2,4,3,1,1,1,1,0
Belgica_Jupiler,2526,26/10/2025,Antwerp,Club Brugge,0,1,0,1,4,4,1,1,1,0,0,1,0
Belgica_Jupiler,2526,26/10/2025,Cercle Brugge,Waregem,1,1,0,1,3,6,2,1,1,1,0,1,1
Belgica_Jupiler,2526,26/10/2025,Genk,RAAL La Louviere,1,1,1,1,7,2,2,2,1,1,0,1,1
Belgica_Jupiler,2526,26/10/2025,St. Gilloise,St Truiden,2,0,0,0,6,2,2,0,1,1,0,0,0
Belgica_Jupiler,2526,31/10/2025,Standard,Charleroi,3,1,1,1,5,4,4,2,1,1,1,1,1
Belgica_Jupiler,2526,01/11/2025,Waregem,St. Gilloise,1,4,0,2,3,9,5,2,1,1,1,1,1
Belgica_Jupiler,2526,01/11/2025,Club Brugge,Dender,2,1,2,0,5,5,3,2,1,1,1,1,1
Belgica_Jupiler,2526,01/11/2025,Anderlecht,Mechelen,3,1,2,1,7,1,4,3,1,1,1,1,1
Belgica_Jupiler,2526,02/11/2025,Westerlo,Genk,0,1,0,1,1,4,1,1,1,0,0,1,0
Belgica_Jupiler,2526,02/11/2025,Oud-Heverlee Leuven,Gent,4,0,2,0,4,4,4,2,1,1,1,1,0
Belgica_Jupiler,2526,02/11/2025,St Truiden,Antwerp,1,0,1,0,9,1,1,1,1,0,0,1,0
Belgica_Jupiler,2526,02/11/2025,RAAL La Louviere,Cercle Brugge,2,1,1,0,3,4,3,1,1,1,1,1,1
Belgica_Jupiler,2526,07/11/2025,Dender,Waregem,2,2,1,0,4,3,4,1,1,1,1,1,1
Belgica_Jupiler,2526,08/11/2025,Cercle Brugge,Oud-Heverlee Leuven,1,2,1,0,5,4,3,1,1,1,1,1,1
Belgica_Jupiler,2526,08/11/2025,Charleroi,Westerlo,2,0,1,0,8,5,2,1,1,1,0,1,0
Belgica_Jupiler,2526,08/11/2025,Antwerp,RAAL La Louviere,3,1,0,0,5,1,4,0,1,1,1,0,1
Belgica_Jupiler,2526,09/11/2025,Anderlecht,Club Brugge,1,0,1,0,3,3,1,1,1,0,0,1,0
Belgica_Jupiler,2526,09/11/2025,St Truiden,Standard,1,0,0,0,2,3,1,0,1,0,0,0,0
Belgica_Jupiler,2526,09/11/2025,Gent,Genk,1,1,0,1,4,2,2,1,1,1,0,1,1
Belgica_Jupiler,2526,09/11/2025,Mechelen,St. Gilloise,1,1,0,0,1,4,2,0,1,1,0,0,1
Belgica_Jupiler,2526,21/11/2025,Standard,Waregem,0,0,0,0,8,2,0,0,0,0,0,0,0
Belgica_Jupiler,2526,22/11/2025,St. Gilloise,Cercle Brugge,2,0,1,0,6,1,2,1,1,1,0,1,0
Belgica_Jupiler,2526,22/11/2025,Westerlo,Gent,0,0,0,0,5,3,0,0,0,0,0,0,0
Belgica_Jupiler,2526,22/11/2025,Club Brugge,Charleroi,1,0,0,0,5,1,1,0,1,0,0,0,0
Belgica_Jupiler,2526,23/11/2025,Genk,Mechelen,0,1,0,1,6,6,1,1,1,0,0,1,0
Belgica_Jupiler,2526,23/11/2025,Antwerp,Dender,1,2,0,0,6,2,3,0,1,1,1,0,1
Belgica_Jupiler,2526,23/11/2025,RAAL La Louviere,Anderlecht,0,1,0,0,4,7,1,0,1,0,0,0,0
Belgica_Jupiler,2526,23/11/2025,Oud-Heverlee Leuven,St Truiden,1,2,1,2,6,4,3,3,1,1,1,1,1
Belgica_Jupiler,2526,28/11/2025,Mechelen,Standard,0,1,0,0,1,2,1,0,1,0,0,0,0
Belgica_Jupiler,2526,29/11/2025,Dender,Westerlo,2,2,1,0,4,5,4,1,1,1,1,1,1
Belgica_Jupiler,2526,29/11/2025,Waregem,Cercle Brugge,1,1,1,0,2,4,2,1,1,1,0,1,1
Belgica_Jupiler,2526,29/11/2025,Charleroi,RAAL La Louviere,0,0,0,0,5,0,0,0,0,0,0,0,0
Belgica_Jupiler,2526,30/11/2025,Club Brugge,Antwerp,0,1,0,0,6,5,1,0,1,0,0,0,0
Belgica_Jupiler,2526,30/11/2025,Genk,Oud-Heverlee Leuven,2,1,0,0,8,6,3,0,1,1,1,0,1
Belgica_Jupiler,2526,30/11/2025,Anderlecht,St. Gilloise,1,0,1,0,2,1,1,1,1,0,0,1,0
Belgica_Jupiler,2526,30/11/2025,Gent,St Truiden,1,2,1,0,4,4,3,1,1,1,1,1,1
Belgica_Jupiler,2526,05/12/2025,RAAL La Louviere,Dender,1,2,1,1,4,6,3,2,1,1,1,1,1
Belgica_Jupiler,2526,06/12/2025,Cercle Brugge,Standard,1,2,0,2,6,2,3,2,1,1,1,1,1
Belgica_Jupiler,2526,06/12/2025,St. Gilloise,Gent,1,1,0,1,10,4,2,1,1,1,0,1,1
Belgica_Jupiler,2526,06/12/2025,St Truiden,Club Brugge,3,2,2,1,6,8,5,3,1,1,1,1,1
Belgica_Jupiler,2526,07/12/2025,Mechelen,Charleroi,1,0,1,0,4,0,1,1,1,0,0,1,0
Belgica_Jupiler,2526,07/12/2025,Westerlo,Anderlecht,4,0,3,0,8,3,4,3,1,1,1,1,0
Belgica_Jupiler,2526,07/12/2025,Antwerp,Genk,3,0,2,0,4,8,3,2,1,1,1,1,0
Belgica_Jupiler,2526,07/12/2025,Oud-Heverlee Leuven,Waregem,1,1,1,1,6,1,2,2,1,1,0,1,1
Belgica_Jupiler,2526,12/12/2025,Standard,Oud-Heverlee Leuven,0,1,0,0,3,9,1,0,1,0,0,0,0
Belgica_Jupiler,2526,13/12/2025,Cercle Brugge,Mechelen,2,3,0,2,7,6,5,2,1,1,1,1,1
Belgica_Jupiler,2526,13/12/2025,Waregem,RAAL La Louviere,2,2,1,1,4,4,4,2,1,1,1,1,1
Belgica_Jupiler,2526,13/12/2025,Anderlecht,St Truiden,2,1,0,0,9,2,3,0,1,1,1,0,1
Belgica_Jupiler,2526,14/12/2025,Gent,Antwerp,0,2,0,1,3,5,2,1,1,1,0,1,0
Belgica_Jupiler,2526,14/12/2025,Dender,Club Brugge,1,5,1,1,1,9,6,2,1,1,1,1,1
Belgica_Jupiler,2526,14/12/2025,Charleroi,St. Gilloise,1,1,0,1,5,1,2,1,1,1,0,1,1
Belgica_Jupiler,2526,14/12/2025,Genk,Westerlo,1,1,0,1,6,3,2,1,1,1,0,1,1
Belgica_Jupiler,2526,19/12/2025,Charleroi,Genk,2,2,1,1,6,6,4,2,1,1,1,1,1
Belgica_Jupiler,2526,20/12/2025,Dender,Standard,0,1,0,1,4,4,1,1,1,0,0,1,0
Belgica_Jupiler,2526,20/12/2025,Westerlo,RAAL La Louviere,2,1,1,0,4,3,3,1,1,1,1,1,1
Belgica_Jupiler,2526,20/12/2025,St. Gilloise,Waregem,2,0,1,0,5,0,2,1,1,1,0,1,0
Belgica_Jupiler,2526,21/12/2025,Club Brugge,Gent,2,1,1,0,3,2,3,1,1,1,1,1,1
Belgica_Jupiler,2526,21/12/2025,St Truiden,Mechelen,1,0,1,0,5,2,1,1,1,0,0,1,0
Belgica_Jupiler,2526,21/12/2025,Antwerp,Anderlecht,2,2,2,0,9,3,4,2,1,1,1,1,1
Belgica_Jupiler,2526,21/12/2025,Oud-Heverlee Leuven,Cercle Brugge,0,2,0,2,4,3,2,2,1,1,0,1,0
Belgica_Jupiler,2526,26/12/2025,Genk,Club Brugge,3,5,1,3,7,6,8,4,1,1,1,1,1
Belgica_Jupiler,2526,26/12/2025,Cercle Brugge,St. Gilloise,1,1,1,1,5,8,2,2,1,1,0,1,1
Belgica_Jupiler,2526,26/12/2025,Standard,St Truiden,1,2,1,1,2,3,3,2,1,1,1,1,1
Belgica_Jupiler,2526,26/12/2025,Anderlecht,Charleroi,1,2,1,2,4,5,3,3,1,1,1,1,1
Belgica_Jupiler,2526,27/12/2025,Antwerp,Waregem,2,1,1,1,3,6,3,2,1,1,1,1,1
Belgica_Jupiler,2526,27/12/2025,RAAL La Louviere,Oud-Heverlee Leuven,0,0,0,0,7,3,0,0,0,0,0,0,0
Belgica_Jupiler,2526,27/12/2025,Mechelen,Dender,1,1,1,0,6,9,2,1,1,1,0,1,1
Belgica_Jupiler,2526,27/12/2025,Gent,Westerlo,2,0,2,0,5,5,2,2,1,1,0,1,0
Belgica_Jupiler,2526,16/01/2026,Club Brugge,RAAL La Louviere,2,3,2,0,6,5,5,2,1,1,1,1,1
Belgica_Jupiler,2526,17/01/2026,Waregem,Genk,2,1,0,0,10,5,3,0,1,1,1,0,1
Belgica_Jupiler,2526,17/01/2026,Westerlo,Cercle Brugge,0,2,0,2,6,2,2,2,1,1,0,1,0
Belgica_Jupiler,2526,17/01/2026,St. Gilloise,Mechelen,1,0,1,0,6,1,1,1,1,0,0,1,0
Belgica_Jupiler,2526,18/01/2026,Gent,Anderlecht,4,2,1,2,6,4,6,3,1,1,1,1,1
Belgica_Jupiler,2526,18/01/2026,Dender,Antwerp,1,0,1,0,1,0,1,1,1,0,0,1,0
Belgica_Jupiler,2526,18/01/2026,Charleroi,Standard,2,0,2,0,5,4,2,2,1,1,0,1,0
Belgica_Jupiler,2526,18/01/2026,St Truiden,Oud-Heverlee Leuven,1,0,1,0,7,3,1,1,1,0,0,1,0
Belgica_Jupiler,2526,23/01/2026,Standard,Gent,0,4,0,2,1,7,4,2,1,1,1,1,0
Belgica_Jupiler,2526,24/01/2026,RAAL La Louviere,St Truiden,1,2,0,0,1,6,3,0,1,1,1,0,1
Belgica_Jupiler,2526,24/01/2026,Club Brugge,Waregem,4,3,1,2,7,4,7,3,1,1,1,1,1
Belgica_Jupiler,2526,24/01/2026,Oud-Heverlee Leuven,St. Gilloise,0,0,0,0,5,2,0,0,0,0,0,0,0
Belgica_Jupiler,2526,25/01/2026,Antwerp,Charleroi,0,2,0,1,4,3,2,1,1,1,0,1,0
Belgica_Jupiler,2526,25/01/2026,Genk,Cercle Brugge,1,1,1,0,6,2,2,1,1,1,0,1,1
Belgica_Jupiler,2526,25/01/2026,Anderlecht,Dender,0,0,0,0,3,2,0,0,0,0,0,0,0
Belgica_Jupiler,2526,25/01/2026,Mechelen,Westerlo,1,1,0,1,2,4,2,1,1,1,0,1,1
Belgica_Jupiler,2526,30/01/2026,RAAL La Louviere,Gent,1,1,0,0,2,3,2,0,1,1,0,0,1
Belgica_Jupiler,2526,31/01/2026,Cercle Brugge,Antwerp,0,4,0,2,0,9,4,2,1,1,1,1,0
Belgica_Jupiler,2526,31/01/2026,Waregem,Westerlo,0,1,0,1,5,4,1,1,1,0,0,1,0
Belgica_Jupiler,2526,31/01/2026,St Truiden,Charleroi,0,2,0,0,2,5,2,0,1,1,0,0,0
Belgica_Jupiler,2526,01/02/2026,Standard,Anderlecht,2,0,1,0,3,4,2,1,1,1,0,1,0
Belgica_Jupiler,2526,01/02/2026,Dender,Genk,1,2,0,2,7,4,3,2,1,1,1,1,1
Belgica_Jupiler,2526,01/02/2026,St. Gilloise,Club Brugge,1,0,1,0,5,2,1,1,1,0,0,1,0
Belgica_Jupiler,2526,01/02/2026,Oud-Heverlee Leuven,Mechelen,2,2,1,0,5,7,4,1,1,1,1,1,1
Belgica_Jupiler,2526,06/02/2026,Westerlo,St Truiden,0,4,0,3,1,6,4,3,1,1,1,1,0
Belgica_Jupiler,2526,07/02/2026,Waregem,Dender,1,0,0,0,3,4,1,0,1,0,0,0,0
Belgica_Jupiler,2526,07/02/2026,Charleroi,Cercle Brugge,3,4,1,3,9,7,7,4,1,1,1,1,1
Belgica_Jupiler,2526,07/02/2026,Gent,Oud-Heverlee Leuven,1,3,0,2,3,4,4,2,1,1,1,1,1
Belgica_Jupiler,2526,08/02/2026,Genk,Anderlecht,2,0,0,0,8,3,2,0,1,1,0,0,0
Belgica_Jupiler,2526,08/02/2026,St. Gilloise,RAAL La Louviere,2,1,1,1,8,1,3,2,1,1,1,1,1
Belgica_Jupiler,2526,08/02/2026,Club Brugge,Standard,3,0,3,0,11,0,3,3,1,1,1,1,0
Belgica_Jupiler,2526,08/02/2026,Mechelen,Antwerp,2,0,1,0,2,5,2,1,1,1,0,1,0
Belgica_Jupiler,2526,13/02/2026,Mechelen,Genk,2,3,1,1,6,7,5,2,1,1,1,1,1
Belgica_Jupiler,2526,14/02/2026,Oud-Heverlee Leuven,Dender,3,2,2,1,8,4,5,3,1,1,1,1,1
Belgica_Jupiler,2526,14/02/2026,Charleroi,Gent,2,3,0,1,7,7,5,1,1,1,1,1,1
Belgica_Jupiler,2526,14/02/2026,Standard,St. Gilloise,1,1,1,0,2,3,2,1,1,1,0,1,1
Belgica_Jupiler,2526,15/02/2026,Cercle Brugge,Club Brugge,1,2,0,0,5,3,3,0,1,1,1,0,1
Belgica_Jupiler,2526,15/02/2026,Antwerp,Westerlo,0,2,0,1,1,8,2,1,1,1,0,1,0
Belgica_Jupiler,2526,15/02/2026,Anderlecht,RAAL La Louviere,0,0,0,0,5,0,0,0,0,0,0,0,0
Belgica_Jupiler,2526,15/02/2026,St Truiden,Waregem,3,2,2,2,7,3,5,4,1,1,1,1,1
Belgica_Jupiler,2526,20/02/2026,Gent,Cercle Brugge,0,1,0,1,1,4,1,1,1,0,0,1,0
Belgica_Jupiler,2526,21/02/2026,Dender,St Truiden,1,4,1,2,4,4,5,3,1,1,1,1,1
Belgica_Jupiler,2526,21/02/2026,Club Brugge,Oud-Heverlee Leuven,2,1,0,0,10,3,3,0,1,1,1,0,1
Belgica_Jupiler,2526,21/02/2026,St. Gilloise,Antwerp,2,1,1,0,6,2,3,1,1,1,1,1,1
Belgica_Jupiler,2526,22/02/2026,Genk,Standard,0,3,0,2,7,3,3,2,1,1,1,1,0
Belgica_Jupiler,2526,22/02/2026,RAAL La Louviere,Mechelen,0,2,0,1,2,2,2,1,1,1,0,1,0
Belgica_Jupiler,2526,22/02/2026,Waregem,Anderlecht,2,4,0,3,7,5,6,3,1,1,1,1,1
Belgica_Jupiler,2526,22/02/2026,Westerlo,Charleroi,2,1,1,1,5,2,3,2,1,1,1,1,1
Belgica_Jupiler,2526,27/02/2026,Standard,RAAL La Louviere,1,1,1,1,2,3,2,2,1,1,0,1,1
Belgica_Jupiler,2526,28/02/2026,Mechelen,Waregem,2,1,1,0,3,5,3,1,1,1,1,1,1
Belgica_Jupiler,2526,28/02/2026,Antwerp,St Truiden,1,0,0,0,6,3,1,0,1,0,0,0,0
Belgica_Jupiler,2526,28/02/2026,Anderlecht,Oud-Heverlee Leuven,5,1,1,1,6,2,6,2,1,1,1,1,1
Belgica_Jupiler,2526,01/03/2026,Genk,Gent,3,0,1,0,6,2,3,1,1,1,1,1,0
Belgica_Jupiler,2526,01/03/2026,Westerlo,St. Gilloise,0,0,0,0,4,1,0,0,0,0,0,0,0
Belgica_Jupiler,2526,01/03/2026,Charleroi,Club Brugge,1,2,1,0,3,5,3,1,1,1,1,1,1
Belgica_Jupiler,2526,01/03/2026,Cercle Brugge,Dender,0,0,0,0,8,6,0,0,0,0,0,0,0
Belgica_Jupiler,2526,06/03/2026,RAAL La Louviere,Antwerp,0,0,0,0,10,5,0,0,0,0,0,0,0
Belgica_Jupiler,2526,07/03/2026,Oud-Heverlee Leuven,Westerlo,0,1,0,1,4,2,1,1,1,0,0,1,0
Belgica_Jupiler,2526,07/03/2026,Dender,Charleroi,2,2,2,1,5,7,4,3,1,1,1,1,1
Belgica_Jupiler,2526,07/03/2026,St. Gilloise,Genk,2,1,1,0,4,3,3,1,1,1,1,1,1
Belgica_Jupiler,2526,08/03/2026,Club Brugge,Anderlecht,2,2,1,1,9,5,4,2,1,1,1,1,1
Belgica_Jupiler,2526,08/03/2026,Gent,Mechelen,3,1,2,0,5,3,4,2,1,1,1,1,1
Belgica_Jupiler,2526,08/03/2026,Waregem,Standard,0,1,0,0,5,4,1,0,1,0,0,0,0
Belgica_Jupiler,2526,08/03/2026,St Truiden,Cercle Brugge,2,1,1,0,7,6,3,1,1,1,1,1,1
Belgica_Jupiler,2526,13/03/2026,Gent,Waregem,2,0,1,0,5,1,2,1,1,1,0,1,0
Belgica_Jupiler,2526,14/03/2026,Charleroi,Oud-Heverlee Leuven,0,2,0,0,5,5,2,0,1,1,0,0,0
Belgica_Jupiler,2526,14/03/2026,St. Gilloise,Dender,2,0,0,0,3,1,2,0,1,1,0,0,0
Belgica_Jupiler,2526,14/03/2026,Westerlo,Club Brugge,1,2,0,2,3,3,3,2,1,1,1,1,1
Belgica_Jupiler,2526,15/03/2026,Genk,St Truiden,1,0,1,0,4,1,1,1,1,0,0,1,0
Belgica_Jupiler,2526,15/03/2026,Antwerp,Standard,1,1,0,0,2,6,2,0,1,1,0,0,1
Belgica_Jupiler,2526,15/03/2026,Mechelen,Anderlecht,1,0,0,0,5,4,1,0,1,0,0,0,0
Belgica_Jupiler,2526,15/03/2026,Cercle Brugge,RAAL La Louviere,1,3,0,1,10,5,4,1,1,1,1,1,1
Belgica_Jupiler,2526,22/03/2026,Anderlecht,Cercle Brugge,2,3,1,3,8,5,5,4,1,1,1,1,1
Belgica_Jupiler,2526,22/03/2026,Club Brugge,Mechelen,4,1,3,0,9,1,5,3,1,1,1,1,1
Belgica_Jupiler,2526,22/03/2026,Dender,Gent,1,3,1,1,4,8,4,2,1,1,1,1,1
Belgica_Jupiler,2526,22/03/2026,Oud-Heverlee Leuven,Antwerp,1,0,0,0,4,1,1,0,1,0,0,0,0
Belgica_Jupiler,2526,22/03/2026,RAAL La Louviere,Genk,5,5,2,3,8,7,10,5,1,1,1,1,1
Belgica_Jupiler,2526,22/03/2026,St Truiden,St. Gilloise,1,3,0,2,2,8,4,2,1,1,1,1,1
Belgica_Jupiler,2526,22/03/2026,Standard,Westerlo,0,0,0,0,1,3,0,0,0,0,0,0,0
Belgica_Jupiler,2526,22/03/2026,Waregem,Charleroi,1,0,1,0,3,4,1,1,1,0,0,1,0
Belgica_Jupiler,2526,03/04/2026,Antwerp,Genk,1,2,0,1,2,5,3,1,1,1,1,1,1
Belgica_Jupiler,2526,04/04/2026,Waregem,Cercle Brugge,2,2,0,1,2,5,4,1,1,1,1,1,1
Belgica_Jupiler,2526,04/04/2026,Oud-Heverlee Leuven,Standard,1,3,0,0,4,7,4,0,1,1,1,0,1
Belgica_Jupiler,2526,04/04/2026,St. Gilloise,St Truiden,1,0,0,0,4,0,1,0,1,0,0,0,0
Belgica_Jupiler,2526,05/04/2026,Westerlo,Charleroi,2,0,1,0,5,4,2,1,1,1,0,1,0
Belgica_Jupiler,2526,06/04/2026,Club Brugge,Anderlecht,4,2,3,0,9,6,6,3,1,1,1,1,1
Belgica_Jupiler,2526,06/04/2026,RAAL La Louviere,Dender,0,1,0,0,4,3,1,0,1,0,0,0,0
Belgica_Jupiler,2526,06/04/2026,Gent,Mechelen,1,1,1,0,4,6,2,1,1,1,0,1,1
Belgica_Jupiler,2526,10/04/2026,Charleroi,Antwerp,2,1,1,0,5,3,3,1,1,1,1,1,1
Belgica_Jupiler,2526,11/04/2026,Cercle Brugge,RAAL La Louviere,3,0,2,0,6,4,3,2,1,1,1,1,0
Belgica_Jupiler,2526,11/04/2026,Standard,Westerlo,1,2,0,1,4,10,3,1,1,1,1,1,1
Belgica_Jupiler,2526,11/04/2026,St Truiden,Club Brugge,1,2,1,0,5,2,3,1,1,1,1,1,1
Belgica_Jupiler,2526,12/04/2026,Mechelen,St. Gilloise,0,1,0,1,0,8,1,1,1,0,0,1,0
Belgica_Jupiler,2526,12/04/2026,Genk,Oud-Heverlee Leuven,0,0,0,0,6,1,0,0,0,0,0,0,0
Belgica_Jupiler,2526,12/04/2026,Anderlecht,Gent,3,1,0,1,7,6,4,1,1,1,1,1,1
Belgica_Jupiler,2526,12/04/2026,Dender,Waregem,1,2,0,0,5,9,3,0,1,1,1,0,1
Belgica_Jupiler,2526,18/04/2026,Antwerp,Oud-Heverlee Leuven,2,0,0,0,6,2,2,0,1,1,0,0,0
Belgica_Jupiler,2526,18/04/2026,Charleroi,Standard,1,2,0,0,4,2,3,0,1,1,1,0,1
Belgica_Jupiler,2526,18/04/2026,Westerlo,Genk,1,2,0,0,3,5,3,0,1,1,1,0,1
Belgica_Jupiler,2526,18/04/2026,Mechelen,Anderlecht,1,2,1,0,5,4,3,1,1,1,1,1,1
Belgica_Jupiler,2526,19/04/2026,Gent,St Truiden,0,0,0,0,2,3,0,0,0,0,0,0,0
Belgica_Jupiler,2526,19/04/2026,Dender,Cercle Brugge,1,4,1,1,2,12,5,2,1,1,1,1,1
Belgica_Jupiler,2526,19/04/2026,St. Gilloise,Club Brugge,2,1,1,1,6,5,3,2,1,1,1,1,1
Belgica_Jupiler,2526,19/04/2026,RAAL La Louviere,Waregem,0,2,0,1,2,3,2,1,1,1,0,1,0
Belgica_Jupiler,2526,21/04/2026,Genk,Charleroi,1,1,0,1,7,5,2,1,1,1,0,1,1
Belgica_Jupiler,2526,21/04/2026,Oud-Heverlee Leuven,Westerlo,0,2,0,0,5,8,2,0,1,1,0,0,0
Belgica_Jupiler,2526,21/04/2026,Standard,Antwerp,1,2,0,0,4,3,3,0,1,1,1,0,1
Belgica_Jupiler,2526,22/04/2026,Club Brugge,Mechelen,6,1,1,1,11,2,7,2,1,1,1,1,1
Belgica_Jupiler,2526,22/04/2026,St. Gilloise,Gent,0,0,0,0,5,0,0,0,0,0,0,0,0
Belgica_Jupiler,2526,23/04/2026,St Truiden,Anderlecht,2,0,0,0,7,5,2,0,1,1,0,0,0
Belgica_Jupiler,2526,24/04/2026,Cercle Brugge,Dender,2,1,1,0,5,3,3,1,1,1,1,1,1
Belgica_Jupiler,2526,25/04/2026,Oud-Heverlee Leuven,Charleroi,0,2,0,0,3,4,2,0,1,1,0,0,0
Belgica_Jupiler,2526,25/04/2026,Genk,Standard,1,1,0,0,6,2,2,0,1,1,0,0,1
Belgica_Jupiler,2526,25/04/2026,Westerlo,Antwerp,2,4,0,3,4,12,6,3,1,1,1,1,1
Belgica_Jupiler,2526,26/04/2026,Gent,Club Brugge,0,2,0,1,3,6,2,1,1,1,0,1,0
Belgica_Jupiler,2526,26/04/2026,Mechelen,St Truiden,1,4,1,1,2,10,5,2,1,1,1,1,1
Belgica_Jupiler,2526,26/04/2026,Anderlecht,St. Gilloise,1,3,1,2,3,4,4,3,1,1,1,1,1
Belgica_Jupiler,2526,26/04/2026,Waregem,RAAL La Louviere,4,0,2,0,5,1,4,2,1,1,1,1,0
Belgica_Jupiler,2526,01/05/2026,Cercle Brugge,Waregem,2,3,1,0,7,7,5,1,1,1,1,1,1
Belgica_Jupiler,2526,02/05/2026,Westerlo,Oud-Heverlee Leuven,3,3,0,3,5,4,6,3,1,1,1,1,1
Belgica_Jupiler,2526,02/05/2026,Charleroi,Genk,2,0,0,0,4,4,2,0,1,1,0,0,0
Belgica_Jupiler,2526,02/05/2026,St Truiden,St. Gilloise,2,1,0,0,5,1,3,0,1,1,1,0,1
Belgica_Jupiler,2526,03/05/2026,Mechelen,Gent,1,0,1,0,3,2,1,1,1,0,0,1,0
Belgica_Jupiler,2526,03/05/2026,Antwerp,Standard,0,5,0,3,7,8,5,3,1,1,1,1,0
Belgica_Jupiler,2526,03/05/2026,Anderlecht,Club Brugge,1,3,0,1,4,8,4,1,1,1,1,1,1
Belgica_Jupiler,2526,08/05/2026,Standard,Oud-Heverlee Leuven,2,1,0,1,4,2,3,1,1,1,1,1,1
Belgica_Jupiler,2526,09/05/2026,RAAL La Louviere,Cercle Brugge,4,1,0,1,6,6,5,1,1,1,1,1,1
Belgica_Jupiler,2526,09/05/2026,Waregem,Dender,2,1,2,1,6,5,3,3,1,1,1,1,1
Belgica_Jupiler,2526,09/05/2026,Club Brugge,St Truiden,2,0,1,0,11,2,2,1,1,1,0,1,0
Belgica_Jupiler,2526,10/05/2026,Gent,Anderlecht,1,1,1,1,3,5,2,2,1,1,0,1,1
Belgica_Jupiler,2526,10/05/2026,Antwerp,Charleroi,0,1,0,1,1,2,1,1,1,0,0,1,0
Belgica_Jupiler,2526,10/05/2026,St. Gilloise,Mechelen,3,0,1,0,6,1,3,1,1,1,1,1,0
Belgica_Jupiler,2526,10/05/2026,Genk,Westerlo,3,0,0,0,4,4,3,0,1,1,1,0,0
Belgica_Jupiler,2526,15/05/2026,Oud-Heverlee Leuven,Antwerp,3,0,2,0,4,4,3,2,1,1,1,1,0
Belgica_Jupiler,2526,16/05/2026,Charleroi,Westerlo,0,1,0,0,2,6,1,0,1,0,0,0,0
Belgica_Jupiler,2526,16/05/2026,Standard,Genk,0,0,0,0,4,5,0,0,0,0,0,0,0
Belgica_Jupiler,2526,16/05/2026,St Truiden,Gent,1,1,0,1,4,1,2,1,1,1,0,1,1
Belgica_Jupiler,2526,17/05/2026,Anderlecht,Mechelen,2,2,1,1,9,3,4,2,1,1,1,1,1
Belgica_Jupiler,2526,17/05/2026,Club Brugge,St. Gilloise,5,0,3,0,6,4,5,3,1,1,1,1,0
Belgica_Jupiler,2526,19/05/2026,Charleroi,Oud-Heverlee Leuven,1,1,0,1,7,2,2,1,1,1,0,1,1
Belgica_Jupiler,2526,19/05/2026,Genk,Antwerp,0,0,0,0,13,1,0,0,0,0,0,0,0
Belgica_Jupiler,2526,19/05/2026,Westerlo,Standard,1,2,1,2,4,6,3,3,1,1,1,1,1
Belgica_Jupiler,2526,21/05/2026,Anderlecht,St Truiden,3,1,2,0,7,3,4,2,1,1,1,1,1
Belgica_Jupiler,2526,21/05/2026,Gent,St. Gilloise,0,0,0,0,1,8,0,0,0,0,0,0,0
Belgica_Jupiler,2526,21/05/2026,Mechelen,Club Brugge,2,2,0,1,4,7,4,1,1,1,1,1,1
Belgica_Jupiler,2526,23/05/2026,Antwerp,Westerlo,2,0,1,0,7,2,2,1,1,1,0,1,0
Belgica_Jupiler,2526,23/05/2026,Oud-Heverlee Leuven,Genk,0,2,0,2,5,5,2,2,1,1,0,1,0
Belgica_Jupiler,2526,23/05/2026,Standard,Charleroi,0,2,0,0,3,5,2,0,1,1,0,0,0
Belgica_Jupiler,2526,24/05/2026,Club Brugge,Gent,5,0,3,0,11,2,5,3,1,1,1,1,0
Belgica_Jupiler,2526,24/05/2026,St Truiden,Mechelen,3,0,2,0,3,1,3,2,1,1,1,1,0
Belgica_Jupiler,2526,24/05/2026,St. Gilloise,Anderlecht,5,1,4,0,9,3,6,4,1,1,1,1,1
Portugal_Primeira,2526,08/08/2025,Casa Pia,Sp Lisbon,0,2,0,1,2,12,2,1,1,1,0,1,0
Portugal_Primeira,2526,09/08/2025,Nacional,Gil Vicente,0,2,0,2,4,2,2,2,1,1,0,1,0
Portugal_Primeira,2526,09/08/2025,Arouca,AVS,3,1,1,0,4,2,4,1,1,1,1,1,1
Portugal_Primeira,2526,10/08/2025,Famalicao,Santa Clara,3,0,2,0,3,2,3,2,1,1,1,1,0
Portugal_Primeira,2526,10/08/2025,Moreirense,Alverca,2,1,1,1,3,2,3,2,1,1,1,1,1
Portugal_Primeira,2526,10/08/2025,Sp Braga,Tondela,3,0,2,0,6,3,3,2,1,1,1,1,0
Portugal_Primeira,2526,11/08/2025,Estoril,Estrela,1,1,1,0,3,5,2,1,1,1,0,1,1
Portugal_Primeira,2526,11/08/2025,Porto,Guimaraes,3,0,2,0,9,2,3,2,1,1,1,1,0
Portugal_Primeira,2526,15/08/2025,AVS,Casa Pia,0,2,0,1,3,5,2,1,1,1,0,1,0
Portugal_Primeira,2526,16/08/2025,Tondela,Famalicao,0,1,0,0,4,5,1,0,1,0,0,0,0
Portugal_Primeira,2526,16/08/2025,Guimaraes,Estoril,3,2,1,1,4,5,5,2,1,1,1,1,1
Portugal_Primeira,2526,16/08/2025,Estrela,Benfica,0,1,0,0,2,3,1,0,1,0,0,0,0
Portugal_Primeira,2526,17/08/2025,Rio Ave,Nacional,1,1,1,0,9,6,2,1,1,1,0,1,1
Portugal_Primeira,2526,17/08/2025,Alverca,Sp Braga,0,3,0,3,3,6,3,3,1,1,1,1,0
Portugal_Primeira,2526,17/08/2025,Santa Clara,Moreirense,0,1,0,1,3,2,1,1,1,0,0,1,0
Portugal_Primeira,2526,17/08/2025,Sp Lisbon,Arouca,6,0,3,0,10,1,6,3,1,1,1,1,0
Portugal_Primeira,2526,18/08/2025,Gil Vicente,Porto,0,2,0,1,2,4,2,1,1,1,0,1,0
Portugal_Primeira,2526,23/08/2025,Moreirense,Guimaraes,2,0,0,0,4,4,2,0,1,1,0,0,0
Portugal_Primeira,2526,23/08/2025,Nacional,Sp Lisbon,1,4,1,0,1,7,5,1,1,1,1,1,1
Portugal_Primeira,2526,23/08/2025,Arouca,Rio Ave,3,3,1,0,6,7,6,1,1,1,1,1,1
Portugal_Primeira,2526,23/08/2025,Benfica,Tondela,3,0,2,0,12,4,3,2,1,1,1,1,0
Portugal_Primeira,2526,24/08/2025,Famalicao,Gil Vicente,0,0,0,0,3,8,0,0,0,0,0,0,0
Portugal_Primeira,2526,24/08/2025,Porto,Casa Pia,4,0,3,0,7,0,4,3,1,1,1,1,0
Portugal_Primeira,2526,24/08/2025,Sp Braga,AVS,2,2,1,2,5,2,4,3,1,1,1,1,1
Portugal_Primeira,2526,25/08/2025,Estrela,Alverca,2,2,1,2,6,2,4,3,1,1,1,1,1
Portugal_Primeira,2526,29/08/2025,Gil Vicente,Moreirense,2,0,0,0,4,0,2,0,1,1,0,0,0
Portugal_Primeira,2526,30/08/2025,Casa Pia,Nacional,0,2,0,2,3,2,2,2,1,1,0,1,0
Portugal_Primeira,2526,30/08/2025,AVS,Famalicao,0,1,0,0,3,3,1,0,1,0,0,0,0
Portugal_Primeira,2526,30/08/2025,Guimaraes,Arouca,1,1,1,1,3,3,2,2,1,1,0,1,1
Portugal_Primeira,2526,30/08/2025,Sp Lisbon,Porto,1,2,0,0,3,7,3,0,1,1,1,0,1
Portugal_Primeira,2526,31/08/2025,Tondela,Estoril,2,2,0,1,4,5,4,1,1,1,1,1,1
Portugal_Primeira,2526,31/08/2025,Alverca,Benfica,1,2,0,2,7,2,3,2,1,1,1,1,1
Portugal_Primeira,2526,31/08/2025,Rio Ave,Sp Braga,2,2,2,1,3,9,4,3,1,1,1,1,1
Portugal_Primeira,2526,31/08/2025,Santa Clara,Estrela,0,0,0,0,3,0,0,0,0,0,0,0,0
Portugal_Primeira,2526,06/09/2025,Estoril,Santa Clara,0,1,0,0,4,4,1,0,1,0,0,0,0
Portugal_Primeira,2526,12/09/2025,Alverca,Tondela,1,0,1,0,4,6,1,1,1,0,0,1,0
Portugal_Primeira,2526,12/09/2025,Benfica,Santa Clara,1,1,0,0,7,5,2,0,1,1,0,0,1
Portugal_Primeira,2526,13/09/2025,Estoril,AVS,3,1,2,0,5,4,4,2,1,1,1,1,1
Portugal_Primeira,2526,13/09/2025,Moreirense,Rio Ave,3,1,0,0,8,4,4,0,1,1,1,0,1
Portugal_Primeira,2526,13/09/2025,Porto,Nacional,1,0,1,0,5,1,1,1,1,0,0,1,0
Portugal_Primeira,2526,13/09/2025,Famalicao,Sp Lisbon,1,2,1,1,3,4,3,2,1,1,1,1,1
Portugal_Primeira,2526,14/09/2025,Estrela,Guimaraes,0,2,0,1,1,6,2,1,1,1,0,1,0
Portugal_Primeira,2526,14/09/2025,Arouca,Casa Pia,0,2,0,1,3,4,2,1,1,1,0,1,0
Portugal_Primeira,2526,14/09/2025,Sp Braga,Gil Vicente,0,1,0,1,7,5,1,1,1,0,0,1,0
Portugal_Primeira,2526,19/09/2025,Rio Ave,Porto,0,3,0,2,2,7,3,2,1,1,1,1,0
Portugal_Primeira,2526,20/09/2025,Nacional,Arouca,1,2,0,0,6,3,3,0,1,1,1,0,1
Portugal_Primeira,2526,20/09/2025,Santa Clara,Alverca,2,1,1,1,6,3,3,2,1,1,1,1,1
Portugal_Primeira,2526,20/09/2025,AVS,Benfica,0,3,0,1,1,6,3,1,1,1,1,1,0
Portugal_Primeira,2526,20/09/2025,Guimaraes,Sp Braga,1,1,1,1,3,5,2,2,1,1,0,1,1
Portugal_Primeira,2526,21/09/2025,Tondela,Estrela,0,0,0,0,8,3,0,0,0,0,0,0,0
Portugal_Primeira,2526,21/09/2025,Gil Vicente,Estoril,2,0,1,0,3,3,2,1,1,1,0,1,0
Portugal_Primeira,2526,21/09/2025,Casa Pia,Famalicao,1,1,0,0,3,2,2,0,1,1,0,0,1
Portugal_Primeira,2526,22/09/2025,Sp Lisbon,Moreirense,3,0,0,0,14,1,3,0,1,1,1,0,0
Portugal_Primeira,2526,23/09/2025,Benfica,Rio Ave,1,1,0,0,7,2,2,0,1,1,0,0,1
Portugal_Primeira,2526,26/09/2025,Benfica,Gil Vicente,2,1,2,1,4,8,3,3,1,1,1,1,1
Portugal_Primeira,2526,27/09/2025,Moreirense,Casa Pia,2,1,1,1,4,4,3,2,1,1,1,1,1
Portugal_Primeira,2526,27/09/2025,Santa Clara,Tondela,1,2,0,0,5,4,3,0,1,1,1,0,1
Portugal_Primeira,2526,27/09/2025,Estrela,AVS,3,0,3,0,6,2,3,3,1,1,1,1,0
Portugal_Primeira,2526,27/09/2025,Estoril,Sp Lisbon,0,1,0,1,2,2,1,1,1,0,0,1,0
Portugal_Primeira,2526,28/09/2025,Alverca,Guimaraes,2,0,1,0,4,3,2,1,1,1,0,1,0
Portugal_Primeira,2526,28/09/2025,Sp Braga,Nacional,0,1,0,1,1,5,1,1,1,0,0,1,0
Portugal_Primeira,2526,28/09/2025,Famalicao,Rio Ave,0,0,0,0,5,3,0,0,0,0,0,0,0
Portugal_Primeira,2526,29/09/2025,Arouca,Porto,0,4,0,1,3,5,4,1,1,1,1,1,0
Portugal_Primeira,2526,03/10/2025,Casa Pia,Estoril,2,2,2,1,5,3,4,3,1,1,1,1,1
Portugal_Primeira,2526,04/10/2025,Gil Vicente,Estrela,2,0,2,0,7,5,2,2,1,1,0,1,0
Portugal_Primeira,2526,04/10/2025,Nacional,Moreirense,3,2,1,1,7,4,5,2,1,1,1,1,1
Portugal_Primeira,2526,04/10/2025,AVS,Alverca,1,3,1,1,2,6,4,2,1,1,1,1,1
Portugal_Primeira,2526,04/10/2025,Guimaraes,Santa Clara,2,1,0,1,7,5,3,1,1,1,1,1,1
Portugal_Primeira,2526,05/10/2025,Arouca,Famalicao,1,1,0,0,3,5,2,0,1,1,0,0,1
Portugal_Primeira,2526,05/10/2025,Rio Ave,Tondela,3,0,2,0,7,3,3,2,1,1,1,1,0
Portugal_Primeira,2526,05/10/2025,Sp Lisbon,Sp Braga,1,1,1,0,3,5,2,1,1,1,0,1,1
Portugal_Primeira,2526,05/10/2025,Porto,Benfica,0,0,0,0,2,1,0,0,0,0,0,0,0
Portugal_Primeira,2526,24/10/2025,Alverca,Gil Vicente,0,4,0,2,2,5,4,2,1,1,1,1,0
Portugal_Primeira,2526,25/10/2025,Santa Clara,AVS,2,0,0,0,5,2,2,0,1,1,0,0,0
Portugal_Primeira,2526,25/10/2025,Benfica,Arouca,5,0,3,0,8,0,5,3,1,1,1,1,0
Portugal_Primeira,2526,25/10/2025,Estrela,Rio Ave,1,2,1,0,2,2,3,1,1,1,1,1,1
Portugal_Primeira,2526,26/10/2025,Estoril,Nacional,1,1,0,1,4,4,2,1,1,1,0,1,1
Portugal_Primeira,2526,26/10/2025,Famalicao,Guimaraes,2,0,1,0,10,3,2,1,1,1,0,1,0
Portugal_Primeira,2526,26/10/2025,Tondela,Sp Lisbon,0,3,0,1,2,15,3,1,1,1,1,1,0
Portugal_Primeira,2526,26/10/2025,Sp Braga,Casa Pia,4,0,2,0,8,1,4,2,1,1,1,1,0
Portugal_Primeira,2526,27/10/2025,Moreirense,Porto,1,2,1,1,1,7,3,2,1,1,1,1,1
Portugal_Primeira,2526,31/10/2025,Sp Lisbon,Alverca,2,0,0,0,8,0,2,0,1,1,0,0,0
Portugal_Primeira,2526,01/11/2025,Nacional,Famalicao,0,1,0,1,3,4,1,1,1,0,0,1,0
Portugal_Primeira,2526,01/11/2025,Casa Pia,Estrela,3,5,1,2,4,6,8,3,1,1,1,1,1
Portugal_Primeira,2526,01/11/2025,Rio Ave,Estoril,0,4,0,2,0,6,4,2,1,1,1,1,0
Portugal_Primeira,2526,01/11/2025,Guimaraes,Benfica,0,3,0,0,3,10,3,0,1,1,1,0,0
Portugal_Primeira,2526,02/11/2025,AVS,Tondela,2,2,1,1,5,3,4,2,1,1,1,1,1
Portugal_Primeira,2526,02/11/2025,Arouca,Moreirense,0,2,0,2,2,5,2,2,1,1,0,1,0
Portugal_Primeira,2526,02/11/2025,Porto,Sp Braga,2,1,1,0,4,3,3,1,1,1,1,1,1
Portugal_Primeira,2526,03/11/2025,Gil Vicente,Santa Clara,1,0,1,0,3,4,1,1,1,0,0,1,0
Portugal_Primeira,2526,07/11/2025,Estoril,Arouca,4,3,2,2,7,4,7,4,1,1,1,1,1
Portugal_Primeira,2526,08/11/2025,Alverca,Rio Ave,1,1,0,1,5,4,2,1,1,1,0,1,1
Portugal_Primeira,2526,08/11/2025,Tondela,Guimaraes,0,1,0,0,4,2,1,0,1,0,0,0,0
Portugal_Primeira,2526,08/11/2025,Santa Clara,Sp Lisbon,1,2,1,1,2,7,3,2,1,1,1,1,1
Portugal_Primeira,2526,09/11/2025,AVS,Gil Vicente,1,1,0,1,8,5,2,1,1,1,0,1,1
Portugal_Primeira,2526,09/11/2025,Estrela,Nacional,1,1,0,1,4,4,2,1,1,1,0,1,1
Portugal_Primeira,2526,09/11/2025,Famalicao,Porto,0,1,0,1,0,6,1,1,1,0,0,1,0
Portugal_Primeira,2526,09/11/2025,Benfica,Casa Pia,2,2,1,0,6,4,4,1,1,1,1,1,1
Portugal_Primeira,2526,09/11/2025,Sp Braga,Moreirense,2,1,1,0,3,1,3,1,1,1,1,1,1
Portugal_Primeira,2526,28/11/2025,Guimaraes,AVS,4,0,3,0,4,1,4,3,1,1,1,1,0
Portugal_Primeira,2526,29/11/2025,Casa Pia,Alverca,0,2,0,0,0,5,2,0,1,1,0,0,0
Portugal_Primeira,2526,29/11/2025,Moreirense,Famalicao,2,2,0,1,6,8,4,1,1,1,1,1,1
Portugal_Primeira,2526,29/11/2025,Nacional,Benfica,1,2,0,0,2,8,3,0,1,1,1,0,1
Portugal_Primeira,2526,29/11/2025,Gil Vicente,Tondela,0,1,0,1,2,2,1,1,1,0,0,1,0
Portugal_Primeira,2526,30/11/2025,Rio Ave,Santa Clara,1,1,1,1,4,3,2,2,1,1,0,1,1
Portugal_Primeira,2526,30/11/2025,Sp Lisbon,Estrela,4,0,3,0,6,3,4,3,1,1,1,1,0
Portugal_Primeira,2526,30/11/2025,Porto,Estoril,1,0,1,0,6,2,1,1,1,0,0,1,0
Portugal_Primeira,2526,01/12/2025,Arouca,Sp Braga,0,4,0,3,1,6,4,3,1,1,1,1,0
Portugal_Primeira,2526,05/12/2025,Benfica,Sp Lisbon,1,1,1,1,4,2,2,2,1,1,0,1,1
Portugal_Primeira,2526,06/12/2025,Santa Clara,Casa Pia,1,0,1,0,3,2,1,1,1,0,0,1,0
Portugal_Primeira,2526,06/12/2025,AVS,Rio Ave,1,2,0,1,5,8,3,1,1,1,1,1,1
Portugal_Primeira,2526,06/12/2025,Famalicao,Sp Braga,1,2,1,1,4,7,3,2,1,1,1,1,1
Portugal_Primeira,2526,07/12/2025,Estoril,Moreirense,3,3,1,1,5,5,6,2,1,1,1,1,1
Portugal_Primeira,2526,07/12/2025,Alverca,Nacional,1,0,0,0,4,3,1,0,1,0,0,0,0
Portugal_Primeira,2526,07/12/2025,Estrela,Arouca,3,1,2,0,9,2,4,2,1,1,1,1,1
Portugal_Primeira,2526,07/12/2025,Tondela,Porto,0,2,0,0,2,6,2,0,1,1,0,0,0
Portugal_Primeira,2526,08/12/2025,Guimaraes,Gil Vicente,0,0,0,0,3,1,0,0,0,0,0,0,0
Portugal_Primeira,2526,13/12/2025,Casa Pia,Gil Vicente,1,1,0,1,1,2,2,1,1,1,0,1,1
Portugal_Primeira,2526,13/12/2025,Rio Ave,Guimaraes,0,1,0,1,2,3,1,1,1,0,0,1,0
Portugal_Primeira,2526,13/12/2025,Sp Lisbon,AVS,6,0,3,0,14,3,6,3,1,1,1,1,0
Portugal_Primeira,2526,14/12/2025,Famalicao,Estoril,4,0,2,0,12,4,4,2,1,1,1,1,0
Portugal_Primeira,2526,14/12/2025,Moreirense,Benfica,0,4,0,1,2,5,4,1,1,1,1,1,0
Portugal_Primeira,2526,14/12/2025,Arouca,Alverca,1,0,0,0,4,1,1,0,1,0,0,0,0
Portugal_Primeira,2526,15/12/2025,Nacional,Tondela,3,1,0,0,4,5,4,0,1,1,1,0,1
Portugal_Primeira,2526,15/12/2025,Sp Braga,Santa Clara,1,0,1,0,3,2,1,1,1,0,0,1,0
Portugal_Primeira,2526,15/12/2025,Porto,Estrela,3,1,1,0,6,1,4,1,1,1,1,1,1
Portugal_Primeira,2526,19/12/2025,Estoril,Sp Braga,1,0,1,0,7,5,1,1,1,0,0,1,0
Portugal_Primeira,2526,20/12/2025,Gil Vicente,Rio Ave,2,2,1,1,5,2,4,2,1,1,1,1,1
Portugal_Primeira,2526,20/12/2025,Estrela,Moreirense,0,0,0,0,3,7,0,0,0,0,0,0,0
Portugal_Primeira,2526,21/12/2025,AVS,Nacional,2,2,2,0,3,6,4,2,1,1,1,1,1
Portugal_Primeira,2526,21/12/2025,Tondela,Casa Pia,1,2,0,0,4,5,3,0,1,1,1,0,1
Portugal_Primeira,2526,21/12/2025,Santa Clara,Arouca,0,0,0,0,5,2,0,0,0,0,0,0,0
Portugal_Primeira,2526,22/12/2025,Alverca,Porto,0,3,0,1,5,6,3,1,1,1,1,1,0
Portugal_Primeira,2526,22/12/2025,Benfica,Famalicao,1,0,1,0,6,2,1,1,1,0,0,1,0
Portugal_Primeira,2526,23/12/2025,Guimaraes,Sp Lisbon,1,4,0,2,5,7,5,2,1,1,1,1,1
Portugal_Primeira,2526,27/12/2025,Famalicao,Estrela,2,3,2,2,5,4,5,4,1,1,1,1,1
Portugal_Primeira,2526,27/12/2025,Estoril,Alverca,4,1,2,0,4,7,5,2,1,1,1,1,1
Portugal_Primeira,2526,28/12/2025,Arouca,Gil Vicente,2,2,2,1,5,5,4,3,1,1,1,1,1
Portugal_Primeira,2526,28/12/2025,Casa Pia,Guimaraes,0,0,0,0,2,2,0,0,0,0,0,0,0
Portugal_Primeira,2526,28/12/2025,Sp Braga,Benfica,2,2,2,1,3,6,4,3,1,1,1,1,1
Portugal_Primeira,2526,28/12/2025,Sp Lisbon,Rio Ave,4,0,1,0,12,0,4,1,1,1,1,1,0
Portugal_Primeira,2526,29/12/2025,Porto,AVS,2,0,0,0,4,1,2,0,1,1,0,0,0
Portugal_Primeira,2526,02/01/2026,Gil Vicente,Sp Lisbon,1,1,0,1,9,4,2,1,1,1,0,1,1
Portugal_Primeira,2526,02/01/2026,Guimaraes,Nacional,2,1,0,0,4,4,3,0,1,1,1,0,1
Portugal_Primeira,2526,03/01/2026,Tondela,Arouca,3,1,2,1,3,4,4,3,1,1,1,1,1
Portugal_Primeira,2526,03/01/2026,Benfica,Estoril,3,1,2,1,3,4,4,3,1,1,1,1,1
Portugal_Primeira,2526,03/01/2026,Estrela,Sp Braga,3,3,1,1,4,6,6,2,1,1,1,1,1
Portugal_Primeira,2526,03/01/2026,AVS,Moreirense,0,2,0,1,4,5,2,1,1,1,0,1,0
Portugal_Primeira,2526,04/01/2026,Rio Ave,Casa Pia,3,1,0,0,8,5,4,0,1,1,1,0,1
Portugal_Primeira,2526,04/01/2026,Santa Clara,Porto,0,1,0,0,0,5,1,0,1,0,0,0,0
Portugal_Primeira,2526,04/01/2026,Alverca,Famalicao,1,0,0,0,4,2,1,0,1,0,0,0,0
Portugal_Primeira,2526,11/01/2026,Nacional,Santa Clara,3,3,2,2,5,6,6,4,1,1,1,1,1
Portugal_Primeira,2526,11/01/2026,Moreirense,Tondela,1,0,0,0,2,2,1,0,1,0,0,0,0
Portugal_Primeira,2526,16/01/2026,Sp Lisbon,Casa Pia,3,0,2,0,4,1,3,2,1,1,1,1,0
Portugal_Primeira,2526,17/01/2026,Gil Vicente,Nacional,2,1,1,1,4,4,3,2,1,1,1,1,1
Portugal_Primeira,2526,17/01/2026,Alverca,Moreirense,2,1,0,0,3,4,3,0,1,1,1,0,1
Portugal_Primeira,2526,17/01/2026,AVS,Arouca,0,1,0,1,3,3,1,1,1,0,0,1,0
Portugal_Primeira,2526,17/01/2026,Rio Ave,Benfica,0,2,0,2,1,8,2,2,1,1,0,1,0
Portugal_Primeira,2526,18/01/2026,Santa Clara,Famalicao,0,1,0,0,1,3,1,0,1,0,0,0,0
Portugal_Primeira,2526,18/01/2026,Tondela,Sp Braga,0,1,0,0,2,4,1,0,1,0,0,0,0
Portugal_Primeira,2526,18/01/2026,Guimaraes,Porto,0,1,0,0,3,3,1,0,1,0,0,0,0
Portugal_Primeira,2526,19/01/2026,Estrela,Estoril,0,5,0,1,2,6,5,1,1,1,1,1,0
Portugal_Primeira,2526,23/01/2026,Casa Pia,AVS,3,3,1,0,4,7,6,1,1,1,1,1,1
Portugal_Primeira,2526,24/01/2026,Moreirense,Santa Clara,1,0,0,0,1,1,1,0,1,0,0,0,0
Portugal_Primeira,2526,24/01/2026,Arouca,Sp Lisbon,1,2,0,1,5,4,3,1,1,1,1,1,1
Portugal_Primeira,2526,24/01/2026,Estoril,Guimaraes,4,2,1,2,6,4,6,3,1,1,1,1,1
Portugal_Primeira,2526,25/01/2026,Nacional,Rio Ave,4,0,1,0,5,6,4,1,1,1,1,1,0
Portugal_Primeira,2526,25/01/2026,Benfica,Estrela,4,0,1,0,8,1,4,1,1,1,1,1,0
Portugal_Primeira,2526,25/01/2026,Famalicao,Tondela,3,0,1,0,4,0,3,1,1,1,1,1,0
Portugal_Primeira,2526,25/01/2026,Sp Braga,Alverca,5,0,4,0,7,0,5,4,1,1,1,1,0
Portugal_Primeira,2526,26/01/2026,Porto,Gil Vicente,3,0,1,0,6,5,3,1,1,1,1,1,0
Portugal_Primeira,2526,30/01/2026,Guimaraes,Moreirense,1,0,0,0,2,5,1,0,1,0,0,0,0
Portugal_Primeira,2526,31/01/2026,Santa Clara,Estoril,2,4,0,2,4,6,6,2,1,1,1,1,1
Portugal_Primeira,2526,31/01/2026,Rio Ave,Arouca,0,3,0,1,0,7,3,1,1,1,1,1,0
Portugal_Primeira,2526,31/01/2026,Alverca,Estrela,1,1,0,0,4,2,2,0,1,1,0,0,1
Portugal_Primeira,2526,01/02/2026,Gil Vicente,Famalicao,5,0,1,0,9,0,5,1,1,1,1,1,0
Portugal_Primeira,2526,01/02/2026,Sp Lisbon,Nacional,2,1,0,0,7,4,3,0,1,1,1,0,1
Portugal_Primeira,2526,01/02/2026,Tondela,Benfica,0,0,0,0,1,9,0,0,0,0,0,0,0
Portugal_Primeira,2526,02/02/2026,AVS,Sp Braga,0,4,0,2,3,8,4,2,1,1,1,1,0
Portugal_Primeira,2526,02/02/2026,Casa Pia,Porto,2,1,2,0,3,6,3,2,1,1,1,1,1
Portugal_Primeira,2526,07/02/2026,Estrela,Santa Clara,1,0,0,0,4,5,1,0,1,0,0,0,0
Portugal_Primeira,2526,07/02/2026,Moreirense,Gil Vicente,1,2,0,1,1,4,3,1,1,1,1,1,1
Portugal_Primeira,2526,07/02/2026,Estoril,Tondela,2,2,2,2,6,5,4,4,1,1,1,1,1
Portugal_Primeira,2526,07/02/2026,Arouca,Guimaraes,3,2,1,2,6,6,5,3,1,1,1,1,1
Portugal_Primeira,2526,08/02/2026,Nacional,Casa Pia,0,0,0,0,4,3,0,0,0,0,0,0,0
Portugal_Primeira,2526,08/02/2026,Sp Braga,Rio Ave,3,0,1,0,7,2,3,1,1,1,1,1,0
Portugal_Primeira,2526,08/02/2026,Benfica,Alverca,2,1,1,1,10,2,3,2,1,1,1,1,1
Portugal_Primeira,2526,09/02/2026,Famalicao,AVS,3,1,0,0,6,1,4,0,1,1,1,0,1
Portugal_Primeira,2526,09/02/2026,Porto,Sp Lisbon,1,1,0,0,1,3,2,0,1,1,0,0,1
Portugal_Primeira,2526,13/02/2026,Santa Clara,Benfica,1,2,0,2,2,3,3,2,1,1,1,1,1
Portugal_Primeira,2526,13/02/2026,Tondela,Alverca,1,1,0,1,4,4,2,1,1,1,0,1,1
Portugal_Primeira,2526,14/02/2026,Casa Pia,Arouca,3,2,3,2,4,4,5,5,1,1,1,1,1
Portugal_Primeira,2526,14/02/2026,Guimaraes,Estrela,2,1,0,1,6,4,3,1,1,1,1,1,1
Portugal_Primeira,2526,14/02/2026,Gil Vicente,Sp Braga,2,1,0,1,5,2,3,1,1,1,1,1,1
Portugal_Primeira,2526,15/02/2026,Nacional,Porto,0,1,0,0,2,5,1,0,1,0,0,0,0
Portugal_Primeira,2526,15/02/2026,AVS,Estoril,3,0,0,0,3,2,3,0,1,1,1,0,0
Portugal_Primeira,2526,15/02/2026,Sp Lisbon,Famalicao,1,0,0,0,5,1,1,0,1,0,0,0,0
Portugal_Primeira,2526,16/02/2026,Rio Ave,Moreirense,1,2,1,1,6,3,3,2,1,1,1,1,1
Portugal_Primeira,2526,20/02/2026,Estrela,Tondela,0,2,0,1,3,5,2,1,1,1,0,1,0
Portugal_Primeira,2526,21/02/2026,Alverca,Santa Clara,1,1,1,0,1,3,2,1,1,1,0,1,1
Portugal_Primeira,2526,21/02/2026,Arouca,Nacional,3,0,0,0,7,5,3,0,1,1,1,0,0
Portugal_Primeira,2526,21/02/2026,Benfica,AVS,3,0,3,0,9,0,3,3,1,1,1,1,0
Portugal_Primeira,2526,21/02/2026,Moreirense,Sp Lisbon,0,3,0,0,2,8,3,0,1,1,1,0,0
Portugal_Primeira,2526,21/02/2026,Sp Braga,Guimaraes,3,2,2,1,7,4,5,3,1,1,1,1,1
Portugal_Primeira,2526,22/02/2026,Estoril,Gil Vicente,3,1,1,1,7,4,4,2,1,1,1,1,1
Portugal_Primeira,2526,22/02/2026,Porto,Rio Ave,1,0,1,0,3,1,1,1,1,0,0,1,0
Portugal_Primeira,2526,23/02/2026,Famalicao,Casa Pia,2,0,1,0,7,1,2,1,1,1,0,1,0
Portugal_Primeira,2526,27/02/2026,Porto,Arouca,3,1,1,0,7,1,4,1,1,1,1,1,1
Portugal_Primeira,2526,27/02/2026,Sp Lisbon,Estoril,3,0,2,0,7,3,3,2,1,1,1,1,0
Portugal_Primeira,2526,28/02/2026,AVS,Estrela,0,0,0,0,3,6,0,0,0,0,0,0,0
Portugal_Primeira,2526,28/02/2026,Nacional,Sp Braga,1,2,0,1,5,8,3,1,1,1,1,1,1
Portugal_Primeira,2526,28/02/2026,Guimaraes,Alverca,1,1,0,0,6,5,2,0,1,1,0,0,1
Portugal_Primeira,2526,01/03/2026,Tondela,Santa Clara,2,2,1,1,4,3,4,2,1,1,1,1,1
Portugal_Primeira,2526,01/03/2026,Casa Pia,Moreirense,1,1,1,0,2,6,2,1,1,1,0,1,1
Portugal_Primeira,2526,01/03/2026,Rio Ave,Famalicao,0,0,0,0,4,4,0,0,0,0,0,0,0
Portugal_Primeira,2526,02/03/2026,Gil Vicente,Benfica,1,2,0,1,5,3,3,1,1,1,1,1,1
Portugal_Primeira,2526,06/03/2026,Famalicao,Arouca,1,0,0,0,6,4,1,0,1,0,0,0,0
Portugal_Primeira,2526,07/03/2026,Alverca,AVS,0,0,0,0,2,2,0,0,0,0,0,0,0
Portugal_Primeira,2526,07/03/2026,Moreirense,Nacional,1,1,1,0,2,7,2,1,1,1,0,1,1
Portugal_Primeira,2526,07/03/2026,Sp Braga,Sp Lisbon,2,2,1,2,3,5,4,3,1,1,1,1,1
Portugal_Primeira,2526,07/03/2026,Estoril,Casa Pia,0,0,0,0,1,2,0,0,0,0,0,0,0
Portugal_Primeira,2526,08/03/2026,Estrela,Gil Vicente,2,2,0,1,5,6,4,1,1,1,1,1,1
Portugal_Primeira,2526,08/03/2026,Benfica,Porto,2,2,0,2,6,6,4,2,1,1,1,1,1
Portugal_Primeira,2526,08/03/2026,Santa Clara,Guimaraes,2,0,2,0,4,6,2,2,1,1,0,1,0
Portugal_Primeira,2526,09/03/2026,Tondela,Rio Ave,0,1,0,0,2,2,1,0,1,0,0,0,0
Portugal_Primeira,2526,14/03/2026,Guimaraes,Famalicao,1,2,1,1,6,3,3,2,1,1,1,1,1
Portugal_Primeira,2526,14/03/2026,Gil Vicente,Alverca,2,2,1,0,6,6,4,1,1,1,1,1,1
Portugal_Primeira,2526,14/03/2026,Arouca,Benfica,1,2,1,0,6,5,3,1,1,1,1,1,1
Portugal_Primeira,2526,15/03/2026,AVS,Santa Clara,0,1,0,0,2,3,1,0,1,0,0,0,0
Portugal_Primeira,2526,15/03/2026,Nacional,Estoril,0,1,0,1,4,2,1,1,1,0,0,1,0
Portugal_Primeira,2526,15/03/2026,Rio Ave,Estrela,2,1,1,0,6,3,3,1,1,1,1,1,1
Portugal_Primeira,2526,15/03/2026,Porto,Moreirense,3,0,2,0,9,2,3,2,1,1,1,1,0
Portugal_Primeira,2526,20/03/2026,Estrela,Casa Pia,4,0,3,0,8,2,4,3,1,1,1,1,0
Portugal_Primeira,2526,21/03/2026,Famalicao,Nacional,1,0,0,0,4,6,1,0,1,0,0,0,0
Portugal_Primeira,2526,21/03/2026,Moreirense,Arouca,0,1,0,0,2,2,1,0,1,0,0,0,0
Portugal_Primeira,2526,21/03/2026,Benfica,Guimaraes,3,0,1,0,4,2,3,1,1,1,1,1,0
Portugal_Primeira,2526,21/03/2026,Santa Clara,Gil Vicente,1,0,0,0,2,0,1,0,1,0,0,0,0
Portugal_Primeira,2526,21/03/2026,Tondela,AVS,0,0,0,0,3,2,0,0,0,0,0,0,0
Portugal_Primeira,2526,22/03/2026,Estoril,Rio Ave,1,2,1,0,4,8,3,1,1,1,1,1,1
Portugal_Primeira,2526,22/03/2026,Alverca,Sp Lisbon,1,4,0,1,4,9,5,1,1,1,1,1,1
Portugal_Primeira,2526,22/03/2026,Sp Braga,Porto,1,2,0,0,1,3,3,0,1,1,1,0,1
Portugal_Primeira,2526,03/04/2026,Gil Vicente,AVS,3,0,2,0,6,3,3,2,1,1,1,1,0
Portugal_Primeira,2526,03/04/2026,Guimaraes,Tondela,5,0,2,0,5,1,5,2,1,1,1,1,0
Portugal_Primeira,2526,03/04/2026,Sp Lisbon,Santa Clara,4,2,3,1,8,4,6,4,1,1,1,1,1
Portugal_Primeira,2526,04/04/2026,Nacional,Estrela,2,0,1,0,4,2,2,1,1,1,0,1,0
Portugal_Primeira,2526,04/04/2026,Moreirense,Sp Braga,0,1,0,1,2,7,1,1,1,0,0,1,0
Portugal_Primeira,2526,04/04/2026,Rio Ave,Alverca,1,2,0,2,5,6,3,2,1,1,1,1,1
Portugal_Primeira,2526,04/04/2026,Porto,Famalicao,2,2,1,0,3,6,4,1,1,1,1,1,1
Portugal_Primeira,2526,06/04/2026,Arouca,Estoril,3,2,2,2,4,3,5,4,1,1,1,1,1
Portugal_Primeira,2526,06/04/2026,Casa Pia,Benfica,1,1,0,0,2,3,2,0,1,1,0,0,1
Portugal_Primeira,2526,10/04/2026,Famalicao,Moreirense,1,1,0,1,7,1,2,1,1,1,0,1,1
Portugal_Primeira,2526,11/04/2026,AVS,Guimaraes,1,1,1,1,4,6,2,2,1,1,0,1,1
Portugal_Primeira,2526,11/04/2026,Santa Clara,Rio Ave,0,2,0,0,4,3,2,0,1,1,0,0,0
Portugal_Primeira,2526,11/04/2026,Estrela,Sp Lisbon,0,1,0,0,3,2,1,0,1,0,0,0,0
Portugal_Primeira,2526,12/04/2026,Alverca,Casa Pia,3,1,0,1,5,5,4,1,1,1,1,1,1
Portugal_Primeira,2526,12/04/2026,Benfica,Nacional,2,0,2,0,8,4,2,2,1,1,0,1,0
Portugal_Primeira,2526,12/04/2026,Sp Braga,Arouca,1,0,0,0,2,1,1,0,1,0,0,0,0
Portugal_Primeira,2526,12/04/2026,Estoril,Porto,1,3,0,2,3,5,4,2,1,1,1,1,1
Portugal_Primeira,2526,13/04/2026,Tondela,Gil Vicente,2,2,1,1,5,6,4,2,1,1,1,1,1
Portugal_Primeira,2526,17/04/2026,Rio Ave,AVS,2,2,1,1,8,7,4,2,1,1,1,1,1
Portugal_Primeira,2526,18/04/2026,Nacional,Alverca,1,0,0,0,6,4,1,0,1,0,0,0,0
Portugal_Primeira,2526,18/04/2026,Casa Pia,Santa Clara,0,0,0,0,3,2,0,0,0,0,0,0,0
Portugal_Primeira,2526,18/04/2026,Gil Vicente,Guimaraes,0,1,0,0,6,3,1,0,1,0,0,0,0
Portugal_Primeira,2526,19/04/2026,Arouca,Estrela,1,0,0,0,3,3,1,0,1,0,0,0,0
Portugal_Primeira,2526,19/04/2026,Sp Lisbon,Benfica,1,2,0,1,6,5,3,1,1,1,1,1,1
Portugal_Primeira,2526,19/04/2026,Porto,Tondela,2,0,0,0,8,3,2,0,1,1,0,0,0
Portugal_Primeira,2526,19/04/2026,Sp Braga,Famalicao,2,2,1,1,4,3,4,2,1,1,1,1,1
Portugal_Primeira,2526,20/04/2026,Moreirense,Estoril,1,0,1,0,4,1,1,1,1,0,0,1,0
Portugal_Primeira,2526,23/04/2026,Casa Pia,Sp Braga,0,1,0,1,1,2,1,1,1,0,0,1,0
Portugal_Primeira,2526,24/04/2026,Alverca,Arouca,2,1,1,0,3,3,3,1,1,1,1,1,1
Portugal_Primeira,2526,25/04/2026,Tondela,Nacional,0,2,0,2,5,6,2,2,1,1,0,1,0
Portugal_Primeira,2526,25/04/2026,Benfica,Moreirense,4,1,2,1,8,4,5,3,1,1,1,1,1
Portugal_Primeira,2526,25/04/2026,Guimaraes,Rio Ave,2,0,0,0,3,4,2,0,1,1,0,0,0
Portugal_Primeira,2526,26/04/2026,Estoril,Famalicao,0,1,0,0,2,6,1,0,1,0,0,0,0
Portugal_Primeira,2526,26/04/2026,Estrela,Porto,1,2,0,2,3,4,3,2,1,1,1,1,1
Portugal_Primeira,2526,26/04/2026,Santa Clara,Sp Braga,2,1,0,1,3,2,3,1,1,1,1,1,1
Portugal_Primeira,2526,26/04/2026,AVS,Sp Lisbon,1,1,0,0,4,8,2,0,1,1,0,0,1
Portugal_Primeira,2526,27/04/2026,Gil Vicente,Casa Pia,2,1,1,1,4,2,3,2,1,1,1,1,1
Portugal_Primeira,2526,29/04/2026,Sp Lisbon,Tondela,2,2,0,0,5,2,4,0,1,1,1,0,1
Portugal_Primeira,2526,02/05/2026,Arouca,Santa Clara,2,2,1,1,5,4,4,2,1,1,1,1,1
Portugal_Primeira,2526,02/05/2026,Moreirense,Estrela,3,2,1,2,5,3,5,3,1,1,1,1,1
Portugal_Primeira,2526,02/05/2026,Nacional,AVS,1,2,1,1,6,3,3,2,1,1,1,1,1
Portugal_Primeira,2526,02/05/2026,Famalicao,Benfica,2,2,0,2,5,3,4,2,1,1,1,1,1
Portugal_Primeira,2526,02/05/2026,Porto,Alverca,1,0,1,0,3,4,1,1,1,0,0,1,0
Portugal_Primeira,2526,03/05/2026,Casa Pia,Tondela,0,1,0,0,3,5,1,0,1,0,0,0,0
Portugal_Primeira,2526,03/05/2026,Sp Braga,Estoril,1,1,1,0,3,4,2,1,1,1,0,1,1
Portugal_Primeira,2526,03/05/2026,Rio Ave,Gil Vicente,0,0,0,0,2,2,0,0,0,0,0,0,0
Portugal_Primeira,2526,04/05/2026,Sp Lisbon,Guimaraes,5,1,3,0,10,5,6,3,1,1,1,1,1
Portugal_Primeira,2526,10/05/2026,AVS,Porto,3,1,1,0,5,4,4,1,1,1,1,1,1
Portugal_Primeira,2526,10/05/2026,Alverca,Estoril,1,1,1,0,1,3,2,1,1,1,0,1,1
Portugal_Primeira,2526,11/05/2026,Benfica,Sp Braga,2,2,0,0,8,2,4,0,1,1,1,0,1
Portugal_Primeira,2526,11/05/2026,Estrela,Famalicao,0,0,0,0,1,4,0,0,0,0,0,0,0
Portugal_Primeira,2526,11/05/2026,Gil Vicente,Arouca,1,3,0,0,5,6,4,0,1,1,1,0,1
Portugal_Primeira,2526,11/05/2026,Guimaraes,Casa Pia,0,1,0,0,2,5,1,0,1,0,0,0,0
Portugal_Primeira,2526,11/05/2026,Rio Ave,Sp Lisbon,1,4,1,2,3,5,5,3,1,1,1,1,1
Portugal_Primeira,2526,11/05/2026,Santa Clara,Nacional,2,0,1,0,2,1,2,1,1,1,0,1,0
Portugal_Primeira,2526,11/05/2026,Tondela,Moreirense,2,0,1,0,3,2,2,1,1,1,0,1,0
Portugal_Primeira,2526,16/05/2026,Moreirense,AVS,0,0,0,0,4,0,0,0,0,0,0,0,0
Portugal_Primeira,2526,16/05/2026,Porto,Santa Clara,1,0,0,0,6,0,1,0,1,0,0,0,0
Portugal_Primeira,2526,16/05/2026,Arouca,Tondela,3,1,1,0,4,2,4,1,1,1,1,1,1
Portugal_Primeira,2526,16/05/2026,Casa Pia,Rio Ave,1,1,1,0,5,3,2,1,1,1,0,1,1
Portugal_Primeira,2526,16/05/2026,Nacional,Guimaraes,2,0,0,0,3,4,2,0,1,1,0,0,0
Portugal_Primeira,2526,16/05/2026,Sp Braga,Estrela,2,2,1,1,4,4,4,2,1,1,1,1,1
Portugal_Primeira,2526,16/05/2026,Estoril,Benfica,1,3,0,3,6,8,4,3,1,1,1,1,1
Portugal_Primeira,2526,16/05/2026,Famalicao,Alverca,1,0,0,0,2,1,1,0,1,0,0,0,0
Portugal_Primeira,2526,16/05/2026,Sp Lisbon,Gil Vicente,3,0,2,0,5,1,3,2,1,1,1,1,0
Turquia_SuperLig,2526,08/08/2025,Gaziantep,Galatasaray,0,3,0,3,2,5,3,3,1,1,1,1,0
Turquia_SuperLig,2526,09/08/2025,Samsunspor,Genclerbirligi,2,1,1,0,3,1,3,1,1,1,1,1,1
Turquia_SuperLig,2526,09/08/2025,Antalyaspor,Kasimpasa,2,1,2,1,6,2,3,3,1,1,1,1,1
Turquia_SuperLig,2526,10/08/2025,Rizespor,Goztep,0,3,0,0,1,4,3,0,1,1,1,0,0
Turquia_SuperLig,2526,10/08/2025,Eyupspor,Konyaspor,1,4,0,3,3,5,5,3,1,1,1,1,1
Turquia_SuperLig,2526,11/08/2025,Trabzonspor,Kocaelispor,1,0,0,0,1,2,1,0,1,0,0,0,0
Turquia_SuperLig,2526,15/08/2025,Galatasaray,Karagumruk,3,0,1,0,8,2,3,1,1,1,1,1,0
Turquia_SuperLig,2526,16/08/2025,Kocaelispor,Samsunspor,0,1,0,0,5,5,1,0,1,0,0,0,0
Turquia_SuperLig,2526,16/08/2025,Alanyaspor,Rizespor,0,0,0,0,1,3,0,0,0,0,0,0,0
Turquia_SuperLig,2526,16/08/2025,Goztep,Fenerbahce,0,0,0,0,2,1,0,0,0,0,0,0,0
Turquia_SuperLig,2526,17/08/2025,Genclerbirligi,Antalyaspor,0,1,0,0,2,4,1,0,1,0,0,0,0
Turquia_SuperLig,2526,17/08/2025,Konyaspor,Gaziantep,3,0,1,0,7,1,3,1,1,1,1,1,0
Turquia_SuperLig,2526,17/08/2025,Besiktas,Eyupspor,2,1,1,1,9,4,3,2,1,1,1,1,1
Turquia_SuperLig,2526,17/08/2025,Buyuksehyr,Kayserispor,1,1,1,0,4,3,2,1,1,1,0,1,1
Turquia_SuperLig,2526,18/08/2025,Kasimpasa,Trabzonspor,0,1,0,0,0,1,1,0,1,0,0,0,0
Turquia_SuperLig,2526,22/08/2025,Karagumruk,Goztep,0,2,0,1,2,7,2,1,1,1,0,1,0
Turquia_SuperLig,2526,23/08/2025,Fenerbahce,Kocaelispor,3,1,1,1,7,1,4,2,1,1,1,1,1
Turquia_SuperLig,2526,23/08/2025,Gaziantep,Genclerbirligi,2,1,1,1,4,3,3,2,1,1,1,1,1
Turquia_SuperLig,2526,24/08/2025,Trabzonspor,Antalyaspor,1,0,1,0,6,4,1,1,1,0,0,1,0
Turquia_SuperLig,2526,24/08/2025,Kayserispor,Galatasaray,0,4,0,1,2,9,4,1,1,1,1,1,0
Turquia_SuperLig,2526,25/08/2025,Eyupspor,Alanyaspor,2,1,1,0,3,2,3,1,1,1,1,1,1
Turquia_SuperLig,2526,29/08/2025,Goztep,Konyaspor,1,1,0,0,8,2,2,0,1,1,0,0,1
Turquia_SuperLig,2526,30/08/2025,Kasimpasa,Gaziantep,2,3,0,2,6,7,5,2,1,1,1,1,1
Turquia_SuperLig,2526,30/08/2025,Kocaelispor,Kayserispor,1,1,0,0,4,2,2,0,1,1,0,0,1
Turquia_SuperLig,2526,30/08/2025,Antalyaspor,Karagumruk,1,2,1,1,6,6,3,2,1,1,1,1,1
Turquia_SuperLig,2526,30/08/2025,Galatasaray,Rizespor,3,1,1,0,7,4,4,1,1,1,1,1,1
Turquia_SuperLig,2526,31/08/2025,Buyuksehyr,Eyupspor,0,0,0,0,4,1,0,0,0,0,0,0,0
Turquia_SuperLig,2526,31/08/2025,Genclerbirligi,Fenerbahce,1,3,0,3,3,3,4,3,1,1,1,1,1
Turquia_SuperLig,2526,31/08/2025,Alanyaspor,Besiktas,2,0,1,0,3,4,2,1,1,1,0,1,0
Turquia_SuperLig,2526,31/08/2025,Trabzonspor,Samsunspor,1,1,1,0,3,4,2,1,1,1,0,1,1
Turquia_SuperLig,2526,13/09/2025,Eyupspor,Galatasaray,0,2,0,0,2,9,2,0,1,1,0,0,0
Turquia_SuperLig,2526,13/09/2025,Karagumruk,Kasimpasa,0,1,0,1,3,1,1,1,1,0,0,1,0
Turquia_SuperLig,2526,13/09/2025,Samsunspor,Antalyaspor,1,2,0,1,3,4,3,1,1,1,1,1,1
Turquia_SuperLig,2526,13/09/2025,Besiktas,Buyuksehyr,2,1,0,0,6,4,3,0,1,1,1,0,1
Turquia_SuperLig,2526,13/09/2025,Konyaspor,Alanyaspor,1,2,0,1,5,4,3,1,1,1,1,1,1
Turquia_SuperLig,2526,14/09/2025,Kayserispor,Goztep,1,1,0,0,6,7,2,0,1,1,0,0,1
Turquia_SuperLig,2526,14/09/2025,Fenerbahce,Trabzonspor,1,0,1,0,9,1,1,1,1,0,0,1,0
Turquia_SuperLig,2526,14/09/2025,Gaziantep,Kocaelispor,2,0,0,0,5,2,2,0,1,1,0,0,0
Turquia_SuperLig,2526,15/09/2025,Rizespor,Genclerbirligi,1,0,0,0,5,4,1,0,1,0,0,0,0
Turquia_SuperLig,2526,17/09/2025,Fenerbahce,Alanyaspor,2,2,0,1,7,2,4,1,1,1,1,1,1
Turquia_SuperLig,2526,17/09/2025,Karagumruk,Buyuksehyr,0,2,0,0,2,1,2,0,1,1,0,0,0
Turquia_SuperLig,2526,17/09/2025,Samsunspor,Kasimpasa,0,0,0,0,3,4,0,0,0,0,0,0,0
Turquia_SuperLig,2526,19/09/2025,Goztep,Besiktas,3,0,2,0,5,2,3,2,1,1,1,1,0
Turquia_SuperLig,2526,20/09/2025,Genclerbirligi,Eyupspor,1,0,1,0,4,2,1,1,1,0,0,1,0
Turquia_SuperLig,2526,20/09/2025,Antalyaspor,Kayserispor,1,1,0,0,6,4,2,0,1,1,0,0,1
Turquia_SuperLig,2526,20/09/2025,Trabzonspor,Gaziantep,1,1,0,1,6,1,2,1,1,1,0,1,1
Turquia_SuperLig,2526,21/09/2025,Buyuksehyr,Alanyaspor,1,1,1,0,5,6,2,1,1,1,0,1,1
Turquia_SuperLig,2526,21/09/2025,Kocaelispor,Rizespor,1,1,1,1,6,1,2,2,1,1,0,1,1
Turquia_SuperLig,2526,21/09/2025,Kasimpasa,Fenerbahce,1,1,0,1,2,2,2,1,1,1,0,1,1
Turquia_SuperLig,2526,21/09/2025,Samsunspor,Karagumruk,3,2,0,1,5,3,5,1,1,1,1,1,1
Turquia_SuperLig,2526,22/09/2025,Galatasaray,Konyaspor,3,1,2,0,7,5,4,2,1,1,1,1,1
Turquia_SuperLig,2526,24/09/2025,Kayserispor,Besiktas,0,4,0,3,2,9,4,3,1,1,1,1,0
Turquia_SuperLig,2526,26/09/2025,Alanyaspor,Galatasaray,0,1,0,1,8,2,1,1,1,0,0,1,0
Turquia_SuperLig,2526,27/09/2025,Eyupspor,Goztep,0,0,0,0,2,2,0,0,0,0,0,0,0
Turquia_SuperLig,2526,27/09/2025,Gaziantep,Samsunspor,2,2,1,2,7,3,4,3,1,1,1,1,1
Turquia_SuperLig,2526,27/09/2025,Karagumruk,Trabzonspor,3,4,1,3,3,11,7,4,1,1,1,1,1
Turquia_SuperLig,2526,28/09/2025,Konyaspor,Buyuksehyr,2,1,2,0,5,4,3,2,1,1,1,1,1
Turquia_SuperLig,2526,28/09/2025,Rizespor,Kasimpasa,1,2,0,1,2,2,3,1,1,1,1,1,1
Turquia_SuperLig,2526,28/09/2025,Fenerbahce,Antalyaspor,2,0,0,0,11,2,2,0,1,1,0,0,0
Turquia_SuperLig,2526,28/09/2025,Kayserispor,Genclerbirligi,1,1,0,1,6,1,2,1,1,1,0,1,1
Turquia_SuperLig,2526,29/09/2025,Besiktas,Kocaelispor,3,1,2,0,6,1,4,2,1,1,1,1,1
Turquia_SuperLig,2526,03/10/2025,Antalyaspor,Rizespor,2,5,1,2,7,7,7,3,1,1,1,1,1
Turquia_SuperLig,2526,03/10/2025,Trabzonspor,Kayserispor,4,0,1,0,12,7,4,1,1,1,1,1,0
Turquia_SuperLig,2526,04/10/2025,Genclerbirligi,Alanyaspor,2,2,0,1,7,6,4,1,1,1,1,1,1
Turquia_SuperLig,2526,04/10/2025,Kocaelispor,Eyupspor,1,0,0,0,4,7,1,0,1,0,0,0,0
Turquia_SuperLig,2526,04/10/2025,Galatasaray,Besiktas,1,1,0,1,2,5,2,1,1,1,0,1,1
Turquia_SuperLig,2526,05/10/2025,Kasimpasa,Konyaspor,1,1,0,1,2,6,2,1,1,1,0,1,1
Turquia_SuperLig,2526,05/10/2025,Karagumruk,Gaziantep,0,2,0,0,4,8,2,0,1,1,0,0,0
Turquia_SuperLig,2526,05/10/2025,Goztep,Buyuksehyr,1,0,1,0,2,3,1,1,1,0,0,1,0
Turquia_SuperLig,2526,05/10/2025,Samsunspor,Fenerbahce,0,0,0,0,4,1,0,0,0,0,0,0,0
Turquia_SuperLig,2526,18/10/2025,Konyaspor,Kocaelispor,2,3,0,1,3,3,5,1,1,1,1,1,1
Turquia_SuperLig,2526,18/10/2025,Besiktas,Genclerbirligi,1,2,0,0,4,2,3,0,1,1,1,0,1
Turquia_SuperLig,2526,18/10/2025,Rizespor,Trabzonspor,1,2,1,2,3,5,3,3,1,1,1,1,1
Turquia_SuperLig,2526,18/10/2025,Buyuksehyr,Galatasaray,1,2,0,1,2,5,3,1,1,1,1,1,1
Turquia_SuperLig,2526,19/10/2025,Kayserispor,Samsunspor,1,3,0,1,3,5,4,1,1,1,1,1,1
Turquia_SuperLig,2526,19/10/2025,Alanyaspor,Goztep,1,0,0,0,5,6,1,0,1,0,0,0,0
Turquia_SuperLig,2526,19/10/2025,Gaziantep,Antalyaspor,3,2,3,0,8,4,5,3,1,1,1,1,1
Turquia_SuperLig,2526,19/10/2025,Fenerbahce,Karagumruk,2,1,2,0,8,6,3,2,1,1,1,1,1
Turquia_SuperLig,2526,20/10/2025,Eyupspor,Kasimpasa,2,0,1,0,10,3,2,1,1,1,0,1,0
Turquia_SuperLig,2526,22/10/2025,Konyaspor,Besiktas,0,2,0,1,3,4,2,1,1,1,0,1,0
Turquia_SuperLig,2526,22/10/2025,Rizespor,Buyuksehyr,0,0,0,0,4,4,0,0,0,0,0,0,0
Turquia_SuperLig,2526,24/10/2025,Karagumruk,Kayserispor,2,2,1,0,3,10,4,1,1,1,1,1,1
Turquia_SuperLig,2526,25/10/2025,Kocaelispor,Alanyaspor,2,0,0,0,5,1,2,0,1,1,0,0,0
Turquia_SuperLig,2526,25/10/2025,Trabzonspor,Eyupspor,2,0,1,0,6,4,2,1,1,1,0,1,0
Turquia_SuperLig,2526,26/10/2025,Antalyaspor,Buyuksehyr,0,4,0,2,4,9,4,2,1,1,1,1,0
Turquia_SuperLig,2526,26/10/2025,Galatasaray,Goztep,3,1,1,1,13,3,4,2,1,1,1,1,1
Turquia_SuperLig,2526,26/10/2025,Genclerbirligi,Konyaspor,1,2,1,1,2,6,3,2,1,1,1,1,1
Turquia_SuperLig,2526,26/10/2025,Kasimpasa,Besiktas,1,1,1,1,4,6,2,2,1,1,0,1,1
Turquia_SuperLig,2526,27/10/2025,Gaziantep,Fenerbahce,0,4,0,2,5,13,4,2,1,1,1,1,0
Turquia_SuperLig,2526,27/10/2025,Samsunspor,Rizespor,1,1,1,1,7,1,2,2,1,1,0,1,1
Turquia_SuperLig,2526,31/10/2025,Buyuksehyr,Kocaelispor,1,0,0,0,4,6,1,0,1,0,0,0,0
Turquia_SuperLig,2526,01/11/2025,Goztep,Genclerbirligi,1,0,1,0,3,3,1,1,1,0,0,1,0
Turquia_SuperLig,2526,01/11/2025,Galatasaray,Trabzonspor,0,0,0,0,5,2,0,0,0,0,0,0,0
Turquia_SuperLig,2526,02/11/2025,Konyaspor,Samsunspor,1,3,0,2,7,3,4,2,1,1,1,1,1
Turquia_SuperLig,2526,02/11/2025,Kayserispor,Kasimpasa,3,2,2,1,3,4,5,3,1,1,1,1,1
Turquia_SuperLig,2526,02/11/2025,Besiktas,Fenerbahce,2,3,2,2,3,11,5,4,1,1,1,1,1
Turquia_SuperLig,2526,03/11/2025,Alanyaspor,Gaziantep,0,0,0,0,3,3,0,0,0,0,0,0,0
Turquia_SuperLig,2526,03/11/2025,Eyupspor,Antalyaspor,0,1,0,0,5,1,1,0,1,0,0,0,0
Turquia_SuperLig,2526,03/11/2025,Rizespor,Karagumruk,1,0,0,0,4,0,1,0,1,0,0,0,0
Turquia_SuperLig,2526,07/11/2025,Genclerbirligi,Buyuksehyr,2,1,1,0,7,3,3,1,1,1,1,1,1
Turquia_SuperLig,2526,08/11/2025,Gaziantep,Rizespor,2,2,1,1,9,3,4,2,1,1,1,1,1
Turquia_SuperLig,2526,08/11/2025,Trabzonspor,Alanyaspor,1,1,1,0,3,3,2,1,1,1,0,1,1
Turquia_SuperLig,2526,08/11/2025,Antalyaspor,Besiktas,1,3,0,2,1,5,4,2,1,1,1,1,1
Turquia_SuperLig,2526,08/11/2025,Kasimpasa,Goztep,0,2,0,0,3,3,2,0,1,1,0,0,0
Turquia_SuperLig,2526,09/11/2025,Karagumruk,Konyaspor,2,0,2,0,4,3,2,2,1,1,0,1,0
Turquia_SuperLig,2526,09/11/2025,Kocaelispor,Galatasaray,1,0,1,0,3,3,1,1,1,0,0,1,0
Turquia_SuperLig,2526,09/11/2025,Fenerbahce,Kayserispor,4,2,2,0,9,3,6,2,1,1,1,1,1
Turquia_SuperLig,2526,09/11/2025,Samsunspor,Eyupspor,1,0,0,0,7,1,1,0,1,0,0,0,0
Turquia_SuperLig,2526,22/11/2025,Kayserispor,Gaziantep,0,3,0,2,1,3,3,2,1,1,1,1,0
Turquia_SuperLig,2526,22/11/2025,Eyupspor,Karagumruk,1,1,0,0,4,2,2,0,1,1,0,0,1
Turquia_SuperLig,2526,22/11/2025,Galatasaray,Genclerbirligi,3,2,0,1,9,5,5,1,1,1,1,1,1
Turquia_SuperLig,2526,23/11/2025,Goztep,Kocaelispor,0,0,0,0,0,3,0,0,0,0,0,0,0
Turquia_SuperLig,2526,23/11/2025,Alanyaspor,Kasimpasa,1,2,1,0,6,4,3,1,1,1,1,1,1
Turquia_SuperLig,2526,23/11/2025,Besiktas,Samsunspor,1,1,0,0,2,6,2,0,1,1,0,0,1
Turquia_SuperLig,2526,23/11/2025,Rizespor,Fenerbahce,2,5,2,0,2,14,7,2,1,1,1,1,1
Turquia_SuperLig,2526,24/11/2025,Buyuksehyr,Trabzonspor,3,4,2,1,3,12,7,3,1,1,1,1,1
Turquia_SuperLig,2526,24/11/2025,Konyaspor,Antalyaspor,0,0,0,0,1,0,0,0,0,0,0,0,0
Turquia_SuperLig,2526,28/11/2025,Kocaelispor,Genclerbirligi,1,0,1,0,4,0,1,1,1,0,0,1,0
Turquia_SuperLig,2526,29/11/2025,Rizespor,Kayserispor,0,1,0,0,3,5,1,0,1,0,0,0,0
Turquia_SuperLig,2526,29/11/2025,Gaziantep,Eyupspor,1,2,0,1,5,7,3,1,1,1,1,1,1
Turquia_SuperLig,2526,29/11/2025,Kasimpasa,Buyuksehyr,1,3,0,2,5,6,4,2,1,1,1,1,1
Turquia_SuperLig,2526,29/11/2025,Trabzonspor,Konyaspor,3,1,1,1,8,4,4,2,1,1,1,1,1
Turquia_SuperLig,2526,30/11/2025,Antalyaspor,Goztep,1,2,1,0,3,8,3,1,1,1,1,1,1
Turquia_SuperLig,2526,30/11/2025,Karagumruk,Besiktas,0,2,0,1,0,12,2,1,1,1,0,1,0
Turquia_SuperLig,2526,01/12/2025,Fenerbahce,Galatasaray,1,1,0,1,2,2,2,1,1,1,0,1,1
Turquia_SuperLig,2526,01/12/2025,Samsunspor,Alanyaspor,1,1,1,0,1,4,2,1,1,1,0,1,1
Turquia_SuperLig,2526,05/12/2025,Galatasaray,Samsunspor,3,2,2,0,6,4,5,2,1,1,1,1,1
Turquia_SuperLig,2526,06/12/2025,Eyupspor,Kayserispor,1,1,0,0,7,3,2,0,1,1,0,0,1
Turquia_SuperLig,2526,06/12/2025,Konyaspor,Rizespor,1,1,0,1,3,3,2,1,1,1,0,1,1
Turquia_SuperLig,2526,06/12/2025,Buyuksehyr,Fenerbahce,1,1,0,0,4,2,2,0,1,1,0,0,1
Turquia_SuperLig,2526,07/12/2025,Genclerbirligi,Karagumruk,3,0,1,0,7,2,3,1,1,1,1,1,0
Turquia_SuperLig,2526,07/12/2025,Kocaelispor,Kasimpasa,0,0,0,0,3,0,0,0,0,0,0,0,0
Turquia_SuperLig,2526,07/12/2025,Goztep,Trabzonspor,1,2,0,0,8,6,3,0,1,1,1,0,1
Turquia_SuperLig,2526,08/12/2025,Alanyaspor,Antalyaspor,0,0,0,0,2,3,0,0,0,0,0,0,0
Turquia_SuperLig,2526,08/12/2025,Besiktas,Gaziantep,2,2,1,1,13,4,4,2,1,1,1,1,1
Turquia_SuperLig,2526,12/12/2025,Kasimpasa,Genclerbirligi,0,0,0,0,3,1,0,0,0,0,0,0,0
Turquia_SuperLig,2526,13/12/2025,Rizespor,Eyupspor,3,0,1,0,6,0,3,1,1,1,1,1,0
Turquia_SuperLig,2526,13/12/2025,Kayserispor,Alanyaspor,0,0,0,0,4,5,0,0,0,0,0,0,0
Turquia_SuperLig,2526,13/12/2025,Antalyaspor,Galatasaray,1,4,0,2,3,6,5,2,1,1,1,1,1
Turquia_SuperLig,2526,14/12/2025,Gaziantep,Goztep,0,1,0,0,3,5,1,0,1,0,0,0,0
Turquia_SuperLig,2526,14/12/2025,Karagumruk,Kocaelispor,1,1,0,0,2,5,2,0,1,1,0,0,1
Turquia_SuperLig,2526,14/12/2025,Samsunspor,Buyuksehyr,0,2,0,0,4,6,2,0,1,1,0,0,0
Turquia_SuperLig,2526,14/12/2025,Trabzonspor,Besiktas,3,3,1,3,13,5,6,4,1,1,1,1,1
Turquia_SuperLig,2526,15/12/2025,Fenerbahce,Konyaspor,4,0,3,0,9,5,4,3,1,1,1,1,0
Turquia_SuperLig,2526,19/12/2025,Kocaelispor,Antalyaspor,2,1,2,1,3,1,3,3,1,1,1,1,1
Turquia_SuperLig,2526,20/12/2025,Konyaspor,Kayserispor,1,1,0,0,3,4,2,0,1,1,0,0,1
Turquia_SuperLig,2526,20/12/2025,Eyupspor,Fenerbahce,0,3,0,2,3,7,3,2,1,1,1,1,0
Turquia_SuperLig,2526,20/12/2025,Besiktas,Rizespor,1,0,0,0,5,1,1,0,1,0,0,0,0
Turquia_SuperLig,2526,21/12/2025,Alanyaspor,Karagumruk,2,0,1,0,6,3,2,1,1,1,0,1,0
Turquia_SuperLig,2526,21/12/2025,Galatasaray,Kasimpasa,3,0,1,0,7,0,3,1,1,1,1,1,0
Turquia_SuperLig,2526,21/12/2025,Goztep,Samsunspor,2,0,1,0,2,0,2,1,1,1,0,1,0
Turquia_SuperLig,2526,22/12/2025,Buyuksehyr,Gaziantep,5,1,2,1,7,3,6,3,1,1,1,1,1
Turquia_SuperLig,2526,22/12/2025,Genclerbirligi,Trabzonspor,4,3,2,1,9,7,7,3,1,1,1,1,1
Turquia_SuperLig,2526,17/01/2026,Buyuksehyr,Karagumruk,2,1,1,0,6,5,3,1,1,1,1,1,1
Turquia_SuperLig,2526,17/01/2026,Galatasaray,Gaziantep,1,1,0,0,3,4,2,0,1,1,0,0,1
Turquia_SuperLig,2526,18/01/2026,Kasimpasa,Antalyaspor,0,0,0,0,4,2,0,0,0,0,0,0,0
Turquia_SuperLig,2526,18/01/2026,Genclerbirligi,Samsunspor,1,1,0,1,3,4,2,1,1,1,0,1,1
Turquia_SuperLig,2526,18/01/2026,Kocaelispor,Trabzonspor,1,2,1,1,5,3,3,2,1,1,1,1,1
Turquia_SuperLig,2526,18/01/2026,Alanyaspor,Fenerbahce,2,3,2,1,3,4,5,3,1,1,1,1,1
Turquia_SuperLig,2526,19/01/2026,Konyaspor,Eyupspor,1,1,0,0,4,2,2,0,1,1,0,0,1
Turquia_SuperLig,2526,19/01/2026,Besiktas,Kayserispor,1,0,0,0,9,3,1,0,1,0,0,0,0
Turquia_SuperLig,2526,19/01/2026,Goztep,Rizespor,3,1,1,0,7,5,4,1,1,1,1,1,1
Turquia_SuperLig,2526,23/01/2026,Trabzonspor,Kasimpasa,2,1,0,0,3,2,3,0,1,1,1,0,1
Turquia_SuperLig,2526,24/01/2026,Kayserispor,Buyuksehyr,0,3,0,1,2,7,3,1,1,1,1,1,0
Turquia_SuperLig,2526,24/01/2026,Samsunspor,Kocaelispor,0,0,0,0,1,1,0,0,0,0,0,0,0
Turquia_SuperLig,2526,24/01/2026,Karagumruk,Galatasaray,1,3,1,1,3,4,4,2,1,1,1,1,1
Turquia_SuperLig,2526,25/01/2026,Gaziantep,Konyaspor,1,1,1,0,2,6,2,1,1,1,0,1,1
Turquia_SuperLig,2526,25/01/2026,Antalyaspor,Genclerbirligi,2,1,1,1,3,2,3,2,1,1,1,1,1
Turquia_SuperLig,2526,25/01/2026,Rizespor,Alanyaspor,1,1,0,0,3,3,2,0,1,1,0,0,1
Turquia_SuperLig,2526,25/01/2026,Fenerbahce,Goztep,1,1,1,1,5,4,2,2,1,1,0,1,1
Turquia_SuperLig,2526,26/01/2026,Eyupspor,Besiktas,2,2,0,1,4,9,4,1,1,1,1,1,1
Turquia_SuperLig,2526,30/01/2026,Antalyaspor,Trabzonspor,1,1,1,0,2,4,2,1,1,1,0,1,1
Turquia_SuperLig,2526,30/01/2026,Kasimpasa,Samsunspor,0,1,0,0,1,3,1,0,1,0,0,0,0
Turquia_SuperLig,2526,31/01/2026,Alanyaspor,Eyupspor,1,3,1,0,6,6,4,1,1,1,1,1,1
Turquia_SuperLig,2526,31/01/2026,Buyuksehyr,Rizespor,2,2,1,1,4,6,4,2,1,1,1,1,1
Turquia_SuperLig,2526,31/01/2026,Besiktas,Konyaspor,2,1,1,1,10,2,3,2,1,1,1,1,1
Turquia_SuperLig,2526,31/01/2026,Goztep,Karagumruk,2,1,2,1,7,3,3,3,1,1,1,1,1
Turquia_SuperLig,2526,01/02/2026,Genclerbirligi,Gaziantep,2,1,1,0,6,5,3,1,1,1,1,1,1
Turquia_SuperLig,2526,01/02/2026,Galatasaray,Kayserispor,4,0,2,0,9,3,4,2,1,1,1,1,0
Turquia_SuperLig,2526,02/02/2026,Kocaelispor,Fenerbahce,0,2,0,1,1,5,2,1,1,1,0,1,0
Turquia_SuperLig,2526,07/02/2026,Karagumruk,Antalyaspor,1,0,1,0,5,2,1,1,1,0,0,1,0
Turquia_SuperLig,2526,07/02/2026,Samsunspor,Trabzonspor,0,3,0,1,0,9,3,1,1,1,1,1,0
Turquia_SuperLig,2526,08/02/2026,Eyupspor,Buyuksehyr,1,2,0,1,2,11,3,1,1,1,1,1,1
Turquia_SuperLig,2526,08/02/2026,Konyaspor,Goztep,0,0,0,0,4,1,0,0,0,0,0,0,0
Turquia_SuperLig,2526,08/02/2026,Rizespor,Galatasaray,0,3,0,1,4,5,3,1,1,1,1,1,0
Turquia_SuperLig,2526,08/02/2026,Besiktas,Alanyaspor,2,2,1,2,8,3,4,3,1,1,1,1,1
Turquia_SuperLig,2526,09/02/2026,Kayserispor,Kocaelispor,1,2,0,0,3,4,3,0,1,1,1,0,1
Turquia_SuperLig,2526,09/02/2026,Fenerbahce,Genclerbirligi,3,1,3,0,7,3,4,3,1,1,1,1,1
Turquia_SuperLig,2526,09/02/2026,Gaziantep,Kasimpasa,2,1,2,1,2,1,3,3,1,1,1,1,1
Turquia_SuperLig,2526,13/02/2026,Antalyaspor,Samsunspor,3,1,2,0,5,3,4,2,1,1,1,1,1
Turquia_SuperLig,2526,13/02/2026,Galatasaray,Eyupspor,5,1,2,0,9,3,6,2,1,1,1,1,1
Turquia_SuperLig,2526,14/02/2026,Genclerbirligi,Rizespor,2,2,2,0,4,6,4,2,1,1,1,1,1
Turquia_SuperLig,2526,14/02/2026,Alanyaspor,Konyaspor,2,1,1,0,6,2,3,1,1,1,1,1,1
Turquia_SuperLig,2526,14/02/2026,Trabzonspor,Fenerbahce,2,3,2,2,8,3,5,4,1,1,1,1,1
Turquia_SuperLig,2526,15/02/2026,Kocaelispor,Gaziantep,3,0,1,0,7,3,3,1,1,1,1,1,0
Turquia_SuperLig,2526,15/02/2026,Goztep,Kayserispor,0,0,0,0,4,3,0,0,0,0,0,0,0
Turquia_SuperLig,2526,15/02/2026,Buyuksehyr,Besiktas,2,3,1,1,6,4,5,2,1,1,1,1,1
Turquia_SuperLig,2526,16/02/2026,Kasimpasa,Karagumruk,3,2,1,0,6,4,5,1,1,1,1,1,1
Turquia_SuperLig,2526,20/02/2026,Rizespor,Kocaelispor,2,0,1,0,5,1,2,1,1,1,0,1,0
Turquia_SuperLig,2526,21/02/2026,Eyupspor,Genclerbirligi,1,0,0,0,7,4,1,0,1,0,0,0,0
Turquia_SuperLig,2526,21/02/2026,Alanyaspor,Buyuksehyr,1,2,0,2,2,3,3,2,1,1,1,1,1
Turquia_SuperLig,2526,21/02/2026,Konyaspor,Galatasaray,2,0,0,0,2,2,2,0,1,1,0,0,0
Turquia_SuperLig,2526,22/02/2026,Kayserispor,Antalyaspor,1,0,0,0,5,3,1,0,1,0,0,0,0
Turquia_SuperLig,2526,22/02/2026,Gaziantep,Trabzonspor,1,2,1,2,7,4,3,3,1,1,1,1,1
Turquia_SuperLig,2526,22/02/2026,Besiktas,Goztep,4,0,2,0,7,1,4,2,1,1,1,1,0
Turquia_SuperLig,2526,22/02/2026,Karagumruk,Samsunspor,0,0,0,0,5,0,0,0,0,0,0,0,0
Turquia_SuperLig,2526,23/02/2026,Fenerbahce,Kasimpasa,1,1,0,0,5,3,2,0,1,1,0,0,1
Turquia_SuperLig,2526,27/02/2026,Buyuksehyr,Konyaspor,2,0,0,0,4,2,2,0,1,1,0,0,0
Turquia_SuperLig,2526,27/02/2026,Trabzonspor,Karagumruk,3,1,1,1,6,4,4,2,1,1,1,1,1
Turquia_SuperLig,2526,28/02/2026,Kasimpasa,Rizespor,0,3,0,1,4,6,3,1,1,1,1,1,0
Turquia_SuperLig,2526,28/02/2026,Kocaelispor,Besiktas,0,1,0,0,0,2,1,0,1,0,0,0,0
Turquia_SuperLig,2526,28/02/2026,Galatasaray,Alanyaspor,3,1,1,0,6,5,4,1,1,1,1,1,1
Turquia_SuperLig,2526,28/02/2026,Goztep,Eyupspor,0,0,0,0,3,1,0,0,0,0,0,0,0
Turquia_SuperLig,2526,01/03/2026,Genclerbirligi,Kayserispor,0,0,0,0,3,2,0,0,0,0,0,0,0
Turquia_SuperLig,2526,01/03/2026,Antalyaspor,Fenerbahce,2,2,1,0,4,5,4,1,1,1,1,1,1
Turquia_SuperLig,2526,01/03/2026,Samsunspor,Gaziantep,0,0,0,0,3,0,0,0,0,0,0,0,0
Turquia_SuperLig,2526,07/03/2026,Buyuksehyr,Goztep,2,1,1,1,4,9,3,2,1,1,1,1,1
Turquia_SuperLig,2526,07/03/2026,Besiktas,Galatasaray,0,1,0,1,7,4,1,1,1,0,0,1,0
Turquia_SuperLig,2526,08/03/2026,Gaziantep,Karagumruk,1,1,0,0,7,7,2,0,1,1,0,0,1
Turquia_SuperLig,2526,08/03/2026,Rizespor,Antalyaspor,1,0,1,0,7,4,1,1,1,0,0,1,0
Turquia_SuperLig,2526,08/03/2026,Konyaspor,Kasimpasa,1,1,1,1,4,2,2,2,1,1,0,1,1
Turquia_SuperLig,2526,08/03/2026,Fenerbahce,Samsunspor,3,2,1,2,5,5,5,3,1,1,1,1,1
Turquia_SuperLig,2526,09/03/2026,Eyupspor,Kocaelispor,0,1,0,1,3,3,1,1,1,0,0,1,0
Turquia_SuperLig,2526,09/03/2026,Alanyaspor,Genclerbirligi,0,0,0,0,7,0,0,0,0,0,0,0,0
Turquia_SuperLig,2526,09/03/2026,Kayserispor,Trabzonspor,1,3,0,2,6,5,4,2,1,1,1,1,1
Turquia_SuperLig,2526,13/03/2026,Antalyaspor,Gaziantep,1,4,0,0,4,8,5,0,1,1,1,0,1
Turquia_SuperLig,2526,13/03/2026,Karagumruk,Fenerbahce,2,0,2,0,5,3,2,2,1,1,0,1,0
Turquia_SuperLig,2526,14/03/2026,Kocaelispor,Konyaspor,1,2,0,0,3,7,3,0,1,1,1,0,1
Turquia_SuperLig,2526,14/03/2026,Galatasaray,Buyuksehyr,3,0,0,0,6,3,3,0,1,1,1,0,0
Turquia_SuperLig,2526,14/03/2026,Goztep,Alanyaspor,2,2,1,1,5,3,4,2,1,1,1,1,1
Turquia_SuperLig,2526,14/03/2026,Trabzonspor,Rizespor,1,0,0,0,3,3,1,0,1,0,0,0,0
Turquia_SuperLig,2526,15/03/2026,Kasimpasa,Eyupspor,1,0,1,0,2,1,1,1,1,0,0,1,0
Turquia_SuperLig,2526,15/03/2026,Genclerbirligi,Besiktas,0,2,0,0,4,7,2,0,1,1,0,0,0
Turquia_SuperLig,2526,15/03/2026,Samsunspor,Kayserispor,2,1,1,0,8,2,3,1,1,1,1,1,1
Turquia_SuperLig,2526,17/03/2026,Fenerbahce,Gaziantep,4,1,1,0,8,4,5,1,1,1,1,1,1
Turquia_SuperLig,2526,18/03/2026,Alanyaspor,Kocaelispor,5,0,2,0,6,1,5,2,1,1,1,1,0
Turquia_SuperLig,2526,18/03/2026,Buyuksehyr,Antalyaspor,0,0,0,0,6,4,0,0,0,0,0,0,0
Turquia_SuperLig,2526,18/03/2026,Eyupspor,Trabzonspor,0,1,0,0,1,3,1,0,1,0,0,0,0
Turquia_SuperLig,2526,19/03/2026,Kayserispor,Karagumruk,1,0,0,0,5,1,1,0,1,0,0,0,0
Turquia_SuperLig,2526,19/03/2026,Besiktas,Kasimpasa,2,1,2,0,6,1,3,2,1,1,1,1,1
Turquia_SuperLig,2526,19/03/2026,Konyaspor,Genclerbirligi,1,0,1,0,6,1,1,1,1,0,0,1,0
Turquia_SuperLig,2526,04/04/2026,Genclerbirligi,Goztep,0,2,0,1,0,3,2,1,1,1,0,1,0
Turquia_SuperLig,2526,04/04/2026,Kasimpasa,Kayserispor,2,0,1,0,3,1,2,1,1,1,0,1,0
Turquia_SuperLig,2526,04/04/2026,Gaziantep,Alanyaspor,1,1,0,1,5,3,2,1,1,1,0,1,1
Turquia_SuperLig,2526,04/04/2026,Trabzonspor,Galatasaray,2,1,1,0,4,3,3,1,1,1,1,1,1
Turquia_SuperLig,2526,05/04/2026,Karagumruk,Rizespor,2,1,1,0,5,2,3,1,1,1,1,1,1
Turquia_SuperLig,2526,05/04/2026,Samsunspor,Konyaspor,2,2,1,1,7,2,4,2,1,1,1,1,1
Turquia_SuperLig,2526,05/04/2026,Antalyaspor,Eyupspor,3,0,0,0,6,0,3,0,1,1,1,0,0
Turquia_SuperLig,2526,05/04/2026,Fenerbahce,Besiktas,1,0,0,0,6,2,1,0,1,0,0,0,0
Turquia_SuperLig,2526,06/04/2026,Kocaelispor,Buyuksehyr,0,0,0,0,1,2,0,0,0,0,0,0,0
Turquia_SuperLig,2526,08/04/2026,Goztep,Galatasaray,1,3,0,2,6,4,4,2,1,1,1,1,1
Turquia_SuperLig,2526,09/04/2026,Rizespor,Samsunspor,4,1,3,0,6,4,5,3,1,1,1,1,1
Turquia_SuperLig,2526,10/04/2026,Besiktas,Antalyaspor,4,2,3,1,12,4,6,4,1,1,1,1,1
Turquia_SuperLig,2526,11/04/2026,Buyuksehyr,Genclerbirligi,3,0,3,0,10,3,3,3,1,1,1,1,0
Turquia_SuperLig,2526,11/04/2026,Alanyaspor,Trabzonspor,1,1,0,0,2,3,2,0,1,1,0,0,1
Turquia_SuperLig,2526,11/04/2026,Kayserispor,Fenerbahce,0,4,0,1,3,7,4,1,1,1,1,1,0
Turquia_SuperLig,2526,12/04/2026,Konyaspor,Karagumruk,3,0,2,0,7,3,3,2,1,1,1,1,0
Turquia_SuperLig,2526,12/04/2026,Goztep,Kasimpasa,3,3,1,1,6,4,6,2,1,1,1,1,1
Turquia_SuperLig,2526,12/04/2026,Galatasaray,Kocaelispor,1,1,1,0,6,3,2,1,1,1,0,1,1
Turquia_SuperLig,2526,13/04/2026,Eyupspor,Samsunspor,1,2,1,0,2,4,3,1,1,1,1,1,1
Turquia_SuperLig,2526,13/04/2026,Rizespor,Gaziantep,2,1,0,1,7,6,3,1,1,1,1,1,1
Turquia_SuperLig,2526,17/04/2026,Antalyaspor,Konyaspor,0,2,0,0,5,4,2,0,1,1,0,0,0
Turquia_SuperLig,2526,17/04/2026,Fenerbahce,Rizespor,2,2,0,0,5,3,4,0,1,1,1,0,1
Turquia_SuperLig,2526,18/04/2026,Karagumruk,Eyupspor,1,2,1,2,3,4,3,3,1,1,1,1,1
Turquia_SuperLig,2526,18/04/2026,Kocaelispor,Goztep,1,1,0,1,4,3,2,1,1,1,0,1,1
Turquia_SuperLig,2526,18/04/2026,Genclerbirligi,Galatasaray,1,2,0,2,3,2,3,2,1,1,1,1,1
Turquia_SuperLig,2526,19/04/2026,Kasimpasa,Alanyaspor,1,0,0,0,2,4,1,0,1,0,0,0,0
Turquia_SuperLig,2526,19/04/2026,Samsunspor,Besiktas,2,1,0,0,5,3,3,0,1,1,1,0,1
Turquia_SuperLig,2526,19/04/2026,Trabzonspor,Buyuksehyr,1,1,0,0,2,2,2,0,1,1,0,0,1
Turquia_SuperLig,2526,20/04/2026,Gaziantep,Kayserispor,3,0,2,0,6,7,3,2,1,1,1,1,0
Turquia_SuperLig,2526,24/04/2026,Buyuksehyr,Kasimpasa,4,0,2,0,8,2,4,2,1,1,1,1,0
Turquia_SuperLig,2526,25/04/2026,Eyupspor,Gaziantep,3,0,0,0,5,3,3,0,1,1,1,0,0
Turquia_SuperLig,2526,25/04/2026,Kayserispor,Rizespor,2,0,0,0,4,1,2,0,1,1,0,0,0
Turquia_SuperLig,2526,25/04/2026,Goztep,Antalyaspor,2,0,2,0,8,4,2,2,1,1,0,1,0
Turquia_SuperLig,2526,26/04/2026,Genclerbirligi,Kocaelispor,1,0,1,0,2,0,1,1,1,0,0,1,0
Turquia_SuperLig,2526,26/04/2026,Galatasaray,Fenerbahce,3,0,1,0,8,1,3,1,1,1,1,1,0
Turquia_SuperLig,2526,27/04/2026,Alanyaspor,Samsunspor,2,3,0,2,5,7,5,2,1,1,1,1,1
Turquia_SuperLig,2526,27/04/2026,Besiktas,Karagumruk,0,0,0,0,7,3,0,0,0,0,0,0,0
Turquia_SuperLig,2526,27/04/2026,Konyaspor,Trabzonspor,2,1,2,0,6,3,3,2,1,1,1,1,1
Turquia_SuperLig,2526,01/05/2026,Rizespor,Konyaspor,3,2,1,1,7,5,5,2,1,1,1,1,1
Turquia_SuperLig,2526,01/05/2026,Gaziantep,Besiktas,0,2,0,2,4,5,2,2,1,1,0,1,0
Turquia_SuperLig,2526,02/05/2026,Fenerbahce,Buyuksehyr,3,1,1,1,9,4,4,2,1,1,1,1,1
Turquia_SuperLig,2526,02/05/2026,Samsunspor,Galatasaray,4,1,1,1,8,3,5,2,1,1,1,1,1
Turquia_SuperLig,2526,02/05/2026,Trabzonspor,Goztep,1,1,0,1,4,2,2,1,1,1,0,1,1
Turquia_SuperLig,2526,03/05/2026,Antalyaspor,Alanyaspor,0,0,0,0,1,2,0,0,0,0,0,0,0
Turquia_SuperLig,2526,03/05/2026,Karagumruk,Genclerbirligi,1,0,1,0,2,4,1,1,1,0,0,1,0
Turquia_SuperLig,2526,03/05/2026,Kasimpasa,Kocaelispor,1,1,1,1,4,1,2,2,1,1,0,1,1
Turquia_SuperLig,2526,03/05/2026,Kayserispor,Eyupspor,1,1,0,1,5,4,2,1,1,1,0,1,1
Turquia_SuperLig,2526,09/05/2026,Alanyaspor,Kayserispor,3,1,2,1,8,9,4,3,1,1,1,1,1
Turquia_SuperLig,2526,09/05/2026,Besiktas,Trabzonspor,1,2,1,1,5,6,3,2,1,1,1,1,1
Turquia_SuperLig,2526,09/05/2026,Buyuksehyr,Samsunspor,3,0,2,0,6,1,3,2,1,1,1,1,0
Turquia_SuperLig,2526,09/05/2026,Eyupspor,Rizespor,4,0,3,0,6,4,4,3,1,1,1,1,0
Turquia_SuperLig,2526,09/05/2026,Galatasaray,Antalyaspor,4,2,0,1,9,2,6,1,1,1,1,1,1
Turquia_SuperLig,2526,09/05/2026,Genclerbirligi,Kasimpasa,3,2,2,2,8,4,5,4,1,1,1,1,1
Turquia_SuperLig,2526,09/05/2026,Goztep,Gaziantep,2,1,1,0,6,2,3,1,1,1,1,1,1
Turquia_SuperLig,2526,09/05/2026,Kocaelispor,Karagumruk,0,1,0,0,0,1,1,0,1,0,0,0,0
Turquia_SuperLig,2526,09/05/2026,Konyaspor,Fenerbahce,0,3,0,1,2,11,3,1,1,1,1,1,0
Turquia_SuperLig,2526,15/05/2026,Rizespor,Besiktas,2,2,2,0,5,9,4,2,1,1,1,1,1
Turquia_SuperLig,2526,16/05/2026,Karagumruk,Alanyaspor,2,1,0,1,4,4,3,1,1,1,1,1,1
Turquia_SuperLig,2526,16/05/2026,Gaziantep,Buyuksehyr,1,2,0,2,5,4,3,2,1,1,1,1,1
Turquia_SuperLig,2526,16/05/2026,Samsunspor,Goztep,3,0,1,0,9,5,3,1,1,1,1,1,0
Turquia_SuperLig,2526,17/05/2026,Kayserispor,Konyaspor,2,1,0,0,10,3,3,0,1,1,1,0,1
Turquia_SuperLig,2526,17/05/2026,Antalyaspor,Kocaelispor,1,0,0,0,5,1,1,0,1,0,0,0,0
Turquia_SuperLig,2526,17/05/2026,Fenerbahce,Eyupspor,3,3,0,2,7,3,6,2,1,1,1,1,1
Turquia_SuperLig,2526,17/05/2026,Kasimpasa,Galatasaray,1,0,1,0,3,5,1,1,1,0,0,1,0
Turquia_SuperLig,2526,17/05/2026,Trabzonspor,Genclerbirligi,0,3,0,1,4,6,3,1,1,1,1,1,0
